"","Timestamp","Machine","Temperature","Pressure","PartLength","PartResistance"
"1",2022-03-08 00:00:00,1,303,100,47.9544821568703,4.99833820373069
"2",2022-03-08 00:00:05,1,303,100,49.4578098536287,5.54960179838667
"3",2022-03-08 00:00:10,1,303,100,49.1426865158869,5.30471412012897
"4",2022-03-08 00:00:15,1,303,100,50.1950057467178,4.94247234472007
"5",2022-03-08 00:00:20,1,303,100,48.1773533924903,5.42162925541932
"6",2022-03-08 00:00:25,1,303,100,49.310999928624,5.18124091685568
"7",2022-03-08 00:00:30,1,303,100,48.8280960676749,4.86234243600383
"8",2022-03-08 00:00:35,1,303,100,48.6237904295863,5.4025781072298
"9",2022-03-08 00:00:40,1,303,100,47.9789328827701,4.96061876418538
"10",2022-03-08 00:00:45,1,303,100,49.255948089302,5.39113351832989
"11",2022-03-08 00:00:50,1,303,100,49.0826523211148,4.39730681355316
"12",2022-03-08 00:00:55,1,303,100,50.3850855617295,5.31132631035948
"13",2022-03-08 00:01:00,1,303,100,49.1387581283454,5.07822723536662
"14",2022-03-08 00:01:05,1,303,100,50.2623842308832,4.94191274042703
"15",2022-03-08 00:01:10,1,303,100,48.9235986446004,4.9542746637978
"16",2022-03-08 00:01:15,1,303,100,50.1711718831964,4.95172455091967
"17",2022-03-08 00:01:20,1,303,100,49.3036173884548,5.6173156381776
"18",2022-03-08 00:01:25,1,303,100,50.624352382011,6.2667408497474
"19",2022-03-08 00:01:30,1,303,100,49.563504856541,5.28846503630226
"20",2022-03-08 00:01:35,1,303,100,49.6794783401951,5.02595625794906
"21",2022-03-08 00:01:40,1,303,100,49.3159991112086,4.43726464852232
"22",2022-03-08 00:01:45,1,303,100,49.6152566926155,5.50523462879527
"23",2022-03-08 00:01:50,1,303,100,49.2191178325124,5.74730416242501
"24",2022-03-08 00:01:55,1,303,100,48.3884749140389,4.80504809305167
"25",2022-03-08 00:02:00,1,303,100,49.9252028143885,5.46119124524338
"26",2022-03-08 00:02:05,1,303,100,49.4769443471601,5.68439555236947
"27",2022-03-08 00:02:10,1,303,100,50.1632600574658,5.39077425207588
"28",2022-03-08 00:02:15,1,303,100,47.7377271047232,4.5127457981815
"29",2022-03-08 00:02:20,1,303,100,48.1294345272097,5.14809165713088
"30",2022-03-08 00:02:25,1,303,100,49.9116893033848,5.41445966922839
"31",2022-03-08 00:02:30,1,303,100,49.1469996010174,5.07488778052111
"32",2022-03-08 00:02:35,1,303,100,48.1132415122158,5.10297459406412
"33",2022-03-08 00:02:40,1,303,100,48.7821208324017,5.16473681536365
"34",2022-03-08 00:02:45,1,303,100,50.2723725820443,5.34231685119135
"35",2022-03-08 00:02:50,1,303,100,49.7362175907223,5.29439277165335
"36",2022-03-08 00:02:55,1,303,100,46.6408426811985,5.56670696592127
"37",2022-03-08 00:03:00,1,303,100,49.2296523129904,4.66086960636957
"38",2022-03-08 00:03:05,1,303,100,49.665231887468,5.47541412577128
"39",2022-03-08 00:03:10,1,303,100,49.4892375384356,5.33003110245163
"40",2022-03-08 00:03:15,1,303,100,48.4820164803242,4.80579844091247
"41",2022-03-08 00:03:20,1,303,100,47.569078338245,5.077325025251
"42",2022-03-08 00:03:25,1,303,100,50.2677473834855,5.02477925588258
"43",2022-03-08 00:03:30,1,303,100,48.1488936012204,4.91002900928683
"44",2022-03-08 00:03:35,1,303,100,48.7849740467833,4.97660550849991
"45",2022-03-08 00:03:40,1,303,100,49.1023545442925,5.69893785801517
"46",2022-03-08 00:03:45,1,303,100,49.2101048158743,5.32586691616267
"47",2022-03-08 00:03:50,1,303,100,48.0560857440591,5.06106623825189
"48",2022-03-08 00:03:55,1,303,100,49.8075127212965,5.14592980439442
"49",2022-03-08 00:04:00,1,303,100,48.0891975216266,5.54743533764407
"50",2022-03-08 00:04:05,1,303,100,48.5437169232657,5.51329567492851
"51",2022-03-08 00:04:10,1,303,100,48.7367046599839,5.82722886444633
"52",2022-03-08 00:04:15,1,303,100,49.0368047433692,5.68985075952915
"53",2022-03-08 00:04:20,1,303,100,49.7239459651654,4.6911533301163
"54",2022-03-08 00:04:25,1,303,100,48.9360556952548,4.91555762068511
"55",2022-03-08 00:04:30,1,303,100,50.0667722044023,5.02779856797735
"56",2022-03-08 00:04:35,1,303,100,50.4754343993758,4.94730014219448
"57",2022-03-08 00:04:40,1,303,100,48.3993998143347,5.48695771113909
"58",2022-03-08 00:04:45,1,303,100,48.071645216398,5.30150673550075
"59",2022-03-08 00:04:50,1,303,100,50.5414955960294,5.11422359961782
"60",2022-03-08 00:04:55,1,303,100,48.6114588616429,4.41187461622259
"61",2022-03-08 00:05:00,1,303,100,49.550641844878,5.29225886990234
"62",2022-03-08 00:05:05,1,303,100,49.9986649245832,4.79444539639431
"63",2022-03-08 00:05:10,1,303,100,48.5602601322148,4.76746082933429
"64",2022-03-08 00:05:15,1,303,100,48.6804724607903,5.31406592820306
"65",2022-03-08 00:05:20,1,303,100,49.9261598427206,4.9358640448464
"66",2022-03-08 00:05:25,1,303,100,49.3506336948294,5.3673452771013
"67",2022-03-08 00:05:30,1,303,100,49.5779855948257,5.17482225528472
"68",2022-03-08 00:05:35,1,303,100,48.3819973325286,5.58369202707308
"69",2022-03-08 00:05:40,1,303,100,48.3456796358619,4.43363499963089
"70",2022-03-08 00:05:45,1,303,100,48.4010267709007,4.61727622520831
"71",2022-03-08 00:05:50,1,303,100,49.7172383138463,5.37154877032018
"72",2022-03-08 00:05:55,1,303,100,49.165745731198,5.89577459646689
"73",2022-03-08 00:06:00,1,303,100,48.6442246217033,4.67008067265653
"74",2022-03-08 00:06:05,1,303,100,48.9049257652729,5.54159831242822
"75",2022-03-08 00:06:10,1,303,100,50.4585710860968,5.81667983558889
"76",2022-03-08 00:06:15,1,303,100,50.2076422897902,5.14273984243539
"77",2022-03-08 00:06:20,1,303,100,49.2050683274355,5.65177633644009
"78",2022-03-08 00:06:25,1,303,100,49.8636334427373,5.429667999352
"79",2022-03-08 00:06:30,1,303,100,50.0066861227655,4.69114334293451
"80",2022-03-08 00:06:35,1,303,100,48.3301999546036,4.11403298224007
"81",2022-03-08 00:06:40,1,303,100,50.0864202897105,5.2434813951753
"82",2022-03-08 00:06:45,1,303,100,49.3901849125165,5.2128739895972
"83",2022-03-08 00:06:50,1,303,100,49.14412831221,5.2840720478074
"84",2022-03-08 00:06:55,1,303,100,48.3421799118928,5.71137668938463
"85",2022-03-08 00:07:00,1,303,100,47.1221774830443,4.93773648358404
"86",2022-03-08 00:07:05,1,303,100,49.4351966379925,5.47161239015105
"87",2022-03-08 00:07:10,1,303,100,49.3010661068442,4.6941985313316
"88",2022-03-08 00:07:15,1,303,100,49.8162903830996,5.64033148094608
"89",2022-03-08 00:07:20,1,303,100,49.5627101804653,4.7482452262041
"90",2022-03-08 00:07:25,1,303,100,48.7978311833577,4.90465391149352
"91",2022-03-08 00:07:30,1,303,100,48.7024502544926,5.59383904310017
"92",2022-03-08 00:07:35,1,303,100,49.6750742853468,5.01748946205827
"93",2022-03-08 00:07:40,1,303,100,47.8316843931879,4.771945516481
"94",2022-03-08 00:07:45,1,303,100,50.4692719481398,4.6870163723927
"95",2022-03-08 00:07:50,1,303,100,47.9654457623749,5.23642004081866
"96",2022-03-08 00:07:55,1,303,100,48.4275126210072,5.22726414203982
"97",2022-03-08 00:08:00,1,303,100,48.6561702228863,4.49341377950489
"98",2022-03-08 00:08:05,1,303,100,48.8186652695126,4.54564680928233
"99",2022-03-08 00:08:10,1,303,100,49.476258407482,4.9691139685901
"100",2022-03-08 00:08:15,1,303,100,50.3824948288538,5.55636577636909
"101",2022-03-08 00:08:20,1,303,100,49.1723659935832,5.00962906390697
"102",2022-03-08 00:08:25,1,303,100,49.317933318411,5.64795646667037
"103",2022-03-08 00:08:30,1,303,100,48.7810538320563,5.30749959902262
"104",2022-03-08 00:08:35,1,303,100,49.9323048458193,4.9851685741797
"105",2022-03-08 00:08:40,1,303,100,49.3054159626529,5.42860252094512
"106",2022-03-08 00:08:45,1,303,100,49.3604417519173,5.56004057854424
"107",2022-03-08 00:08:50,1,303,100,48.5401147140603,5.069798944301
"108",2022-03-08 00:08:55,1,303,100,50.6148552443929,4.66499872947515
"109",2022-03-08 00:09:00,1,303,100,49.3700107929244,4.88929904407294
"110",2022-03-08 00:09:05,1,303,100,48.0318881947221,5.99166125806774
"111",2022-03-08 00:09:10,1,303,100,49.1910084972748,5.05339866852387
"112",2022-03-08 00:09:15,1,303,100,48.6768297051034,5.66258442150953
"113",2022-03-08 00:09:20,1,303,100,49.1986623626768,4.91610898517421
"114",2022-03-08 00:09:25,1,303,100,50.9612777671152,5.00857786783664
"115",2022-03-08 00:09:30,1,303,100,49.0610093315008,4.28476795350034
"116",2022-03-08 00:09:35,1,303,100,47.3126685943093,4.97220343636746
"117",2022-03-08 00:09:40,1,303,100,48.8572468122442,5.31393550839345
"118",2022-03-08 00:09:45,1,303,100,48.3695605891655,5.82408734849767
"119",2022-03-08 00:09:50,1,303,100,49.806300345376,5.91070939311993
"120",2022-03-08 00:09:55,1,303,100,48.4145298207742,5.69086927746973
"121",2022-03-08 00:10:00,1,303,100,48.7466976407964,5.6879842679863
"122",2022-03-08 00:10:05,1,303,100,49.7282058774046,6.00357349113118
"123",2022-03-08 00:10:10,1,303,100,48.8719666617158,5.18707488265926
"124",2022-03-08 00:10:15,1,303,100,49.5075382506819,4.65933769166428
"125",2022-03-08 00:10:20,1,303,100,49.0027746303733,5.11764351801154
"126",2022-03-08 00:10:25,1,303,100,50.0535027136735,5.34928921357284
"127",2022-03-08 00:10:30,1,303,100,48.4233918715317,5.41477979029973
"128",2022-03-08 00:10:35,1,303,100,48.324618117131,5.84535618886738
"129",2022-03-08 00:10:40,1,303,100,48.6787419894088,4.85283454701733
"130",2022-03-08 00:10:45,1,303,100,48.3070074671772,4.96785163997132
"131",2022-03-08 00:10:50,1,303,100,48.9346006244124,5.2443378372569
"132",2022-03-08 00:10:55,1,303,100,48.8677554309652,5.53093162781102
"133",2022-03-08 00:11:00,1,303,100,50.1364275056491,4.94674935762765
"134",2022-03-08 00:11:05,1,303,100,49.4222698446585,4.80641965469972
"135",2022-03-08 00:11:10,1,303,100,49.2028064535956,5.1177292640571
"136",2022-03-08 00:11:15,1,303,100,48.7849020192487,5.19996834282623
"137",2022-03-08 00:11:20,1,303,100,48.7207808609421,4.58343762913905
"138",2022-03-08 00:11:25,1,303,100,49.6239839355885,5.17547857087026
"139",2022-03-08 00:11:30,1,303,100,48.5548229828935,4.73475402520479
"140",2022-03-08 00:11:35,1,303,100,50.4195455224128,5.28454508699576
"141",2022-03-08 00:11:40,1,303,100,49.7154956386986,4.86292134547051
"142",2022-03-08 00:11:45,1,303,100,48.1281311167619,5.16058453649795
"143",2022-03-08 00:11:50,1,303,100,48.7485201630568,5.70589829082771
"144",2022-03-08 00:11:55,1,303,100,49.8307590026053,4.87479008248282
"145",2022-03-08 00:12:00,1,303,100,48.9104623170144,5.12023442153657
"146",2022-03-08 00:12:05,1,303,100,48.9539371181376,4.9926702134684
"147",2022-03-08 00:12:10,1,303,100,50.1776398811663,5.10973290686908
"148",2022-03-08 00:12:15,1,303,100,49.4824524019916,5.9350390415726
"149",2022-03-08 00:12:20,1,303,100,48.3382173849919,4.81455226732551
"150",2022-03-08 00:12:25,1,303,100,49.9483961679521,5.49359227202077
"151",2022-03-08 00:12:30,1,303,100,49.8051923200925,5.63280651174708
"152",2022-03-08 00:12:35,1,303,100,48.6877091005073,5.20576904718985
"153",2022-03-08 00:12:40,1,303,100,49.1726079078384,4.79711393685356
"154",2022-03-08 00:12:45,1,303,100,49.2474128208669,5.4566272129422
"155",2022-03-08 00:12:50,1,303,100,49.6246919621316,4.7513358324596
"156",2022-03-08 00:12:55,1,303,100,47.6557621890193,5.61750462896959
"157",2022-03-08 00:13:00,1,303,100,48.958762385731,4.36298448315169
"158",2022-03-08 00:13:05,1,303,100,49.6838644076556,4.52376684789587
"159",2022-03-08 00:13:10,1,303,100,47.5416478388094,3.88906471535558
"160",2022-03-08 00:13:15,1,303,100,49.9644022771786,5.0500432637601
"161",2022-03-08 00:13:20,1,303,100,50.1776545681772,4.84954050346846
"162",2022-03-08 00:13:25,1,303,100,50.0536718249156,5.3938815965692
"163",2022-03-08 00:13:30,1,303,100,49.8471408265961,4.93558158365013
"164",2022-03-08 00:13:35,1,303,100,49.7090937178568,5.52607336543246
"165",2022-03-08 00:13:40,1,303,100,50.0000427316816,5.64625930720126
"166",2022-03-08 00:13:45,1,303,100,48.6617291951396,5.37218182604944
"167",2022-03-08 00:13:50,1,303,100,49.7526376258976,4.65047384233738
"168",2022-03-08 00:13:55,1,303,100,49.524524925849,5.51471040890202
"169",2022-03-08 00:14:00,1,303,100,48.1681659854899,4.61790269008795
"170",2022-03-08 00:14:05,1,303,100,48.5244763880388,5.38486700465762
"171",2022-03-08 00:14:10,1,303,100,47.7005256872972,5.66425582376016
"172",2022-03-08 00:14:15,1,303,100,49.1949671276511,5.44982939618675
"173",2022-03-08 00:14:20,1,303,100,49.0353714906333,4.84772455178603
"174",2022-03-08 00:14:25,1,303,100,50.9562162869648,4.90351568565035
"175",2022-03-08 00:14:30,1,303,100,49.3838392818628,4.8228663068607
"176",2022-03-08 00:14:35,1,303,100,49.5852412000863,5.74976671923254
"177",2022-03-08 00:14:40,1,303,100,49.7624066851083,4.92739402143235
"178",2022-03-08 00:14:45,1,303,100,49.7765525808005,5.4841252657402
"179",2022-03-08 00:14:50,1,303,100,48.6008764222613,4.80715870187885
"180",2022-03-08 00:14:55,1,303,100,49.7807760869833,4.98923025372416
"181",2022-03-08 00:15:00,1,303,100,49.7320872417546,5.395688058565
"182",2022-03-08 00:15:05,1,303,100,47.4948979727505,4.92236035166836
"183",2022-03-08 00:15:10,1,303,100,48.5486279995364,5.3190728552202
"184",2022-03-08 00:15:15,1,303,100,49.2438103673515,4.94779770505035
"185",2022-03-08 00:15:20,1,303,100,50.6097953373024,4.47931964165392
"186",2022-03-08 00:15:25,1,303,100,48.9094332696374,4.6315087466481
"187",2022-03-08 00:15:30,1,303,100,48.8122457380562,5.38426098965201
"188",2022-03-08 00:15:35,1,303,100,48.2140160729475,4.83268798331284
"189",2022-03-08 00:15:40,1,303,100,50.2021470152038,5.36768966517859
"190",2022-03-08 00:15:45,1,303,100,50.3118540590861,5.13612694964612
"191",2022-03-08 00:15:50,1,303,100,49.3581358561213,4.54684243431637
"192",2022-03-08 00:15:55,1,303,100,48.8935509523351,5.22443839695883
"193",2022-03-08 00:16:00,1,303,100,48.4607798775885,5.10572029539263
"194",2022-03-08 00:16:05,1,303,100,48.75623461157,5.20798937894044
"195",2022-03-08 00:16:10,1,303,100,48.7511899203852,5.55410990904003
"196",2022-03-08 00:16:15,1,303,100,46.7642922201561,4.32012864249849
"197",2022-03-08 00:16:20,1,303,100,49.5957624711679,4.60901788354713
"198",2022-03-08 00:16:25,1,303,100,47.8995701184512,4.22621067720504
"199",2022-03-08 00:16:30,1,303,100,48.9303212674016,5.60955561015337
"200",2022-03-08 00:16:35,1,303,100,49.136998050243,4.82544228506497
"201",2022-03-09 00:00:00,1,303,200,48.9972800725372,4.4518162794335
"202",2022-03-09 00:00:05,1,303,200,48.2490954183649,4.71767636019776
"203",2022-03-09 00:00:10,1,303,200,47.5407908920763,4.33248904542721
"204",2022-03-09 00:00:15,1,303,200,49.3873530295095,4.5636373576842
"205",2022-03-09 00:00:20,1,303,200,48.8446429691682,5.04310975626875
"206",2022-03-09 00:00:25,1,303,200,48.7453143715803,4.78251744795967
"207",2022-03-09 00:00:30,1,303,200,49.0382688661564,5.189163739816
"208",2022-03-09 00:00:35,1,303,200,49.2996763985493,3.3660055123058
"209",2022-03-09 00:00:40,1,303,200,49.423632938821,3.93426543207823
"210",2022-03-09 00:00:45,1,303,200,48.1351303028854,5.25171584579554
"211",2022-03-09 00:00:50,1,303,200,49.5638051401691,3.53428425586934
"212",2022-03-09 00:00:55,1,303,200,49.2546280470306,4.32431724927395
"213",2022-03-09 00:01:00,1,303,200,49.2131892886586,4.96856267113308
"214",2022-03-09 00:01:05,1,303,200,48.395796951679,4.69582408882586
"215",2022-03-09 00:01:10,1,303,200,47.5465468517621,4.53587354105595
"216",2022-03-09 00:01:15,1,303,200,47.4206690914855,3.55216022699902
"217",2022-03-09 00:01:20,1,303,200,50.4285935992796,5.11584349173656
"218",2022-03-09 00:01:25,1,303,200,49.6096831726293,5.13350986115103
"219",2022-03-09 00:01:30,1,303,200,49.3860758051932,5.10312447379574
"220",2022-03-09 00:01:35,1,303,200,48.3833981945968,4.73960665041859
"221",2022-03-09 00:01:40,1,303,200,49.1142444879919,3.88882713579075
"222",2022-03-09 00:01:45,1,303,200,47.5996803916197,4.8656899193481
"223",2022-03-09 00:01:50,1,303,200,49.8849591746324,4.07587174937541
"224",2022-03-09 00:01:55,1,303,200,48.4880796467902,4.46203793718295
"225",2022-03-09 00:02:00,1,303,200,48.9683090683924,4.93342448310864
"226",2022-03-09 00:02:05,1,303,200,48.049190453225,4.63565620158456
"227",2022-03-09 00:02:10,1,303,200,48.9669088980752,4.18482052188447
"228",2022-03-09 00:02:15,1,303,200,48.6306023951555,4.6827719696813
"229",2022-03-09 00:02:20,1,303,200,48.48547220332,4.5237011986381
"230",2022-03-09 00:02:25,1,303,200,49.8025287368606,5.08109523199143
"231",2022-03-09 00:02:30,1,303,200,48.750788421185,4.4484701400413
"232",2022-03-09 00:02:35,1,303,200,50.6698014908315,4.70872956297352
"233",2022-03-09 00:02:40,1,303,200,49.5799491794278,4.96879465185906
"234",2022-03-09 00:02:45,1,303,200,48.477398547071,4.24610886297646
"235",2022-03-09 00:02:50,1,303,200,48.829378315941,4.29188251010897
"236",2022-03-09 00:02:55,1,303,200,48.6126566820124,4.89812486190235
"237",2022-03-09 00:03:00,1,303,200,49.1189740834003,4.6470088998824
"238",2022-03-09 00:03:05,1,303,200,49.4507602254689,3.76961578907324
"239",2022-03-09 00:03:10,1,303,200,49.585108013191,4.44104758964113
"240",2022-03-09 00:03:15,1,303,200,49.794501334786,3.90824146076548
"241",2022-03-09 00:03:20,1,303,200,48.0920981861412,4.204372901381
"242",2022-03-09 00:03:25,1,303,200,48.3785160521839,4.49217673772261
"243",2022-03-09 00:03:30,1,303,200,48.4783636671229,4.67714134948481
"244",2022-03-09 00:03:35,1,303,200,48.9865335056099,4.0556109898475
"245",2022-03-09 00:03:40,1,303,200,49.3842520678452,4.13126131568332
"246",2022-03-09 00:03:45,1,303,200,48.7376208125079,3.98437878213788
"247",2022-03-09 00:03:50,1,303,200,48.0151642089582,4.5942712368888
"248",2022-03-09 00:03:55,1,303,200,48.2118618265295,4.62766018505946
"249",2022-03-09 00:04:00,1,303,200,48.0254916099877,4.07455509300313
"250",2022-03-09 00:04:05,1,303,200,50.0090161542888,5.20316467118855
"251",2022-03-09 00:04:10,1,303,200,47.8912192310541,4.54438245701331
"252",2022-03-09 00:04:15,1,303,200,47.2141439945156,4.45156224791061
"253",2022-03-09 00:04:20,1,303,200,47.4588109325628,4.27888675880231
"254",2022-03-09 00:04:25,1,303,200,47.3040266575204,5.12902537846678
"255",2022-03-09 00:04:30,1,303,200,48.7242072490058,5.14125928999399
"256",2022-03-09 00:04:35,1,303,200,47.7698132001623,4.51048756270337
"257",2022-03-09 00:04:40,1,303,200,47.8243822382032,4.67676509382834
"258",2022-03-09 00:04:45,1,303,200,49.3976932912185,4.81426038100066
"259",2022-03-09 00:04:50,1,303,200,48.2404319266684,4.16623557253754
"260",2022-03-09 00:04:55,1,303,200,48.475299803469,4.56631171966237
"261",2022-03-09 00:05:00,1,303,200,48.601066144339,5.18704879731042
"262",2022-03-09 00:05:05,1,303,200,50.2280618201,4.37241396885776
"263",2022-03-09 00:05:10,1,303,200,49.14921780668,4.32127940988419
"264",2022-03-09 00:05:15,1,303,200,49.1144509000273,3.89457118049203
"265",2022-03-09 00:05:20,1,303,200,48.5504257628238,4.11234533879089
"266",2022-03-09 00:05:25,1,303,200,48.7145405570063,4.11760212187329
"267",2022-03-09 00:05:30,1,303,200,47.805795309938,5.08726805967114
"268",2022-03-09 00:05:35,1,303,200,49.5193563188414,4.64482257419114
"269",2022-03-09 00:05:40,1,303,200,48.8417724037537,4.49797576643363
"270",2022-03-09 00:05:45,1,303,200,47.5785248947507,4.39323126114278
"271",2022-03-09 00:05:50,1,303,200,49.4696771773425,4.83768681078049
"272",2022-03-09 00:05:55,1,303,200,49.119234870542,4.25399118927021
"273",2022-03-09 00:06:00,1,303,200,51.1821849022819,4.6378690939453
"274",2022-03-09 00:06:05,1,303,200,47.3717975486578,4.77516654033238
"275",2022-03-09 00:06:10,1,303,200,49.5080135944618,4.16076847956893
"276",2022-03-09 00:06:15,1,303,200,47.4746769516648,4.33297899192675
"277",2022-03-09 00:06:20,1,303,200,49.9873074485325,5.04323863854829
"278",2022-03-09 00:06:25,1,303,200,49.4349737182703,4.56880409810264
"279",2022-03-09 00:06:30,1,303,200,49.3000998852228,4.69016976226239
"280",2022-03-09 00:06:35,1,303,200,47.6224050677285,5.13056995772721
"281",2022-03-09 00:06:40,1,303,200,49.483577006278,3.75126759037545
"282",2022-03-09 00:06:45,1,303,200,49.4381583934136,4.67430871794358
"283",2022-03-09 00:06:50,1,303,200,48.9946337359193,4.82459392644065
"284",2022-03-09 00:06:55,1,303,200,49.1488929855982,4.7096681291702
"285",2022-03-09 00:07:00,1,303,200,49.3496765200047,4.64831046652581
"286",2022-03-09 00:07:05,1,303,200,48.5350577711554,4.44958096367516
"287",2022-03-09 00:07:10,1,303,200,48.4049256697989,4.41989719691388
"288",2022-03-09 00:07:15,1,303,200,48.4954074999498,4.63077616009177
"289",2022-03-09 00:07:20,1,303,200,48.9315140055469,4.38290817225629
"290",2022-03-09 00:07:25,1,303,200,48.5113073857502,5.12744598557059
"291",2022-03-09 00:07:30,1,303,200,48.7804537346964,4.95350381813529
"292",2022-03-09 00:07:35,1,303,200,48.1317957620691,5.16342445710327
"293",2022-03-09 00:07:40,1,303,200,49.508605296283,4.99458180332553
"294",2022-03-09 00:07:45,1,303,200,48.5337771421636,4.72289471140951
"295",2022-03-09 00:07:50,1,303,200,48.4053741974824,4.55139639658019
"296",2022-03-09 00:07:55,1,303,200,49.0205964655278,4.96674882110055
"297",2022-03-09 00:08:00,1,303,200,47.9955364991244,4.59266843537398
"298",2022-03-09 00:08:05,1,303,200,48.9858679660316,5.11630603924857
"299",2022-03-09 00:08:10,1,303,200,48.9442571362054,4.33909654489839
"300",2022-03-09 00:08:15,1,303,200,49.0812519685728,4.31610218083463
"301",2022-03-09 00:08:20,1,303,200,48.5765406184073,4.399114631611
"302",2022-03-09 00:08:25,1,303,200,47.7871544033017,4.65253670875409
"303",2022-03-09 00:08:30,1,303,200,49.6408130532681,4.32719789259382
"304",2022-03-09 00:08:35,1,303,200,49.4931804704481,4.45877088972638
"305",2022-03-09 00:08:40,1,303,200,48.1077272088753,4.64181980619739
"306",2022-03-09 00:08:45,1,303,200,47.4587868468979,4.47628517761831
"307",2022-03-09 00:08:50,1,303,200,49.3453386132462,4.88458873338946
"308",2022-03-09 00:08:55,1,303,200,47.6063083123723,4.27018399333164
"309",2022-03-09 00:09:00,1,303,200,48.4644549201538,4.30356000710822
"310",2022-03-09 00:09:05,1,303,200,48.0898684646564,4.08491434285352
"311",2022-03-09 00:09:10,1,303,200,48.9917016601564,4.56071884299911
"312",2022-03-09 00:09:15,1,303,200,49.7087826507322,4.14184654314487
"313",2022-03-09 00:09:20,1,303,200,48.9140755409106,4.5976899156004
"314",2022-03-09 00:09:25,1,303,200,49.5514634449268,4.63263342707737
"315",2022-03-09 00:09:30,1,303,200,48.3447988656606,4.33934163388524
"316",2022-03-09 00:09:35,1,303,200,48.6290481147319,4.11133125890393
"317",2022-03-09 00:09:40,1,303,200,48.8398824118304,4.72757141239556
"318",2022-03-09 00:09:45,1,303,200,48.3741578543937,4.30994054908553
"319",2022-03-09 00:09:50,1,303,200,48.543735720385,4.56780531205966
"320",2022-03-09 00:09:55,1,303,200,48.3408263092756,4.23536813610526
"321",2022-03-09 00:10:00,1,303,200,49.1067885941469,4.58597800386898
"322",2022-03-09 00:10:05,1,303,200,50.7158380522765,4.11041459049994
"323",2022-03-09 00:10:10,1,303,200,47.3412141619051,4.9301062721153
"324",2022-03-09 00:10:15,1,303,200,49.1993469412897,4.47184185411018
"325",2022-03-09 00:10:20,1,303,200,50.0913564013551,3.75790707272052
"326",2022-03-09 00:10:25,1,303,200,49.4044271051283,3.95672548748929
"327",2022-03-09 00:10:30,1,303,200,47.4433547356391,4.13546581207426
"328",2022-03-09 00:10:35,1,303,200,49.8364925830792,3.92652632177239
"329",2022-03-09 00:10:40,1,303,200,49.2167909220415,5.19810008144483
"330",2022-03-09 00:10:45,1,303,200,49.1058273293379,4.71819977796498
"331",2022-03-09 00:10:50,1,303,200,48.9304762115631,4.37210134337766
"332",2022-03-09 00:10:55,1,303,200,48.8510234666644,3.68170482496985
"333",2022-03-09 00:11:00,1,303,200,49.2009278620616,4.39313369781186
"334",2022-03-09 00:11:05,1,303,200,48.1461856783716,4.77211007468009
"335",2022-03-09 00:11:10,1,303,200,50.697846872167,5.23161706160432
"336",2022-03-09 00:11:15,1,303,200,48.1966296495799,4.98299989229104
"337",2022-03-09 00:11:20,1,303,200,49.2569711297902,4.50980895626108
"338",2022-03-09 00:11:25,1,303,200,48.379699432704,4.24648265496479
"339",2022-03-09 00:11:30,1,303,200,48.2112011151634,4.95371969037641
"340",2022-03-09 00:11:35,1,303,200,48.587619641823,4.59208528993823
"341",2022-03-09 00:11:40,1,303,200,49.4613424970815,4.00541297398569
"342",2022-03-09 00:11:45,1,303,200,48.3344768530164,5.07032745599879
"343",2022-03-09 00:11:50,1,303,200,49.2146787326962,4.20119437468671
"344",2022-03-09 00:11:55,1,303,200,48.766904084005,4.43642427021205
"345",2022-03-09 00:12:00,1,303,200,47.6496558997786,4.39467479454836
"346",2022-03-09 00:12:05,1,303,200,49.1608273501606,4.1622770081055
"347",2022-03-09 00:12:10,1,303,200,47.8085008981217,3.56745605503441
"348",2022-03-09 00:12:15,1,303,200,49.4872621419133,5.18831162487943
"349",2022-03-09 00:12:20,1,303,200,48.3489776603886,3.79475379857142
"350",2022-03-09 00:12:25,1,303,200,49.9756542591601,5.25134162001991
"351",2022-03-09 00:12:30,1,303,200,48.7752597707849,4.60442087614238
"352",2022-03-09 00:12:35,1,303,200,48.6987712073751,4.08895442135888
"353",2022-03-09 00:12:40,1,303,200,49.0232223844993,4.57279994488908
"354",2022-03-09 00:12:45,1,303,200,49.988885626891,4.66278619188827
"355",2022-03-09 00:12:50,1,303,200,48.2333934274998,4.83448906869591
"356",2022-03-09 00:12:55,1,303,200,48.1324880527846,3.77034041835638
"357",2022-03-09 00:13:00,1,303,200,48.8505031035041,4.63643220215725
"358",2022-03-09 00:13:05,1,303,200,47.9941488599869,3.83070085078319
"359",2022-03-09 00:13:10,1,303,200,48.9652309297652,4.47178995984562
"360",2022-03-09 00:13:15,1,303,200,49.1765726871164,4.87818020883742
"361",2022-03-09 00:13:20,1,303,200,49.5067332090551,4.22795071547505
"362",2022-03-09 00:13:25,1,303,200,50.3888808909131,4.50504184299432
"363",2022-03-09 00:13:30,1,303,200,48.9415463003826,5.06877878563909
"364",2022-03-09 00:13:35,1,303,200,48.8981352625975,4.90974984804138
"365",2022-03-09 00:13:40,1,303,200,47.2536102491989,5.08952048340436
"366",2022-03-09 00:13:45,1,303,200,48.4778462692567,4.53119200514433
"367",2022-03-09 00:13:50,1,303,200,48.2432988034264,3.805971823788
"368",2022-03-09 00:13:55,1,303,200,48.8824043345902,3.87376769835872
"369",2022-03-09 00:14:00,1,303,200,48.2522085173605,4.21563902033389
"370",2022-03-09 00:14:05,1,303,200,48.8929184509658,4.701156796403
"371",2022-03-09 00:14:10,1,303,200,48.1876207370446,4.20754719973162
"372",2022-03-09 00:14:15,1,303,200,48.0905958281753,3.90657127671601
"373",2022-03-09 00:14:20,1,303,200,49.4132149111274,4.4767410669559
"374",2022-03-09 00:14:25,1,303,200,49.2900828016917,4.3904118940251
"375",2022-03-09 00:14:30,1,303,200,49.4685313999914,4.72710312959548
"376",2022-03-09 00:14:35,1,303,200,48.7682314254595,4.28938968293363
"377",2022-03-09 00:14:40,1,303,200,49.2171688202297,4.7169733458991
"378",2022-03-09 00:14:45,1,303,200,49.6592394265198,4.50714905169205
"379",2022-03-09 00:14:50,1,303,200,50.7539339489439,4.49032731772787
"380",2022-03-09 00:14:55,1,303,200,49.5618044895974,5.07503862209538
"381",2022-03-09 00:15:00,1,303,200,50.4605046255494,3.95341501570822
"382",2022-03-09 00:15:05,1,303,200,47.9105280921511,5.12053428641321
"383",2022-03-09 00:15:10,1,303,200,49.0037839116983,4.75591912549345
"384",2022-03-09 00:15:15,1,303,200,49.715145563001,4.75369468474962
"385",2022-03-09 00:15:20,1,303,200,49.2490303023627,4.25186257814631
"386",2022-03-09 00:15:25,1,303,200,49.0541505835218,4.31107256132225
"387",2022-03-09 00:15:30,1,303,200,47.1747074104625,5.11820231441006
"388",2022-03-09 00:15:35,1,303,200,48.9340713165261,3.96568266331172
"389",2022-03-09 00:15:40,1,303,200,49.6740779183578,4.75923087068438
"390",2022-03-09 00:15:45,1,303,200,48.332332654059,4.86366099661267
"391",2022-03-09 00:15:50,1,303,200,49.1461348352386,4.54536099959915
"392",2022-03-09 00:15:55,1,303,200,48.3362385900301,4.48156644519415
"393",2022-03-09 00:16:00,1,303,200,48.7891342900788,4.88605237182382
"394",2022-03-09 00:16:05,1,303,200,48.0549559062381,4.4978427193159
"395",2022-03-09 00:16:10,1,303,200,49.1311698072717,4.99052720554122
"396",2022-03-09 00:16:15,1,303,200,47.6271462702827,4.37526782280641
"397",2022-03-09 00:16:20,1,303,200,49.1530667798834,3.77510680130938
"398",2022-03-09 00:16:25,1,303,200,48.2070575981822,4.78346806611549
"399",2022-03-09 00:16:30,1,303,200,47.5586780754889,3.8543405349641
"400",2022-03-09 00:16:35,1,303,200,48.5540685846204,4.11011317011844
"401",2022-03-10 00:00:00,1,303,300,48.1750016323268,3.90307439612016
"402",2022-03-10 00:00:05,1,303,300,49.5579898142018,3.95467469560737
"403",2022-03-10 00:00:10,1,303,300,48.9355843679124,3.6533235967649
"404",2022-03-10 00:00:15,1,303,300,48.9371472957373,3.8550940194009
"405",2022-03-10 00:00:20,1,303,300,48.777521782588,3.38935193375992
"406",2022-03-10 00:00:25,1,303,300,49.1505501943567,3.55965021516805
"407",2022-03-10 00:00:30,1,303,300,49.7779596940127,3.51693063674801
"408",2022-03-10 00:00:35,1,303,300,49.4596563169323,4.19550623327461
"409",2022-03-10 00:00:40,1,303,300,48.9600122680778,4.1850403596197
"410",2022-03-10 00:00:45,1,303,300,49.8141853483678,4.05967688789918
"411",2022-03-10 00:00:50,1,303,300,48.2409499943884,4.124516179037
"412",2022-03-10 00:00:55,1,303,300,48.8294640897508,3.80817877166186
"413",2022-03-10 00:01:00,1,303,300,48.7051323100905,4.35811126656594
"414",2022-03-10 00:01:05,1,303,300,47.9353310242256,4.07431409603464
"415",2022-03-10 00:01:10,1,303,300,47.8388639211658,3.62300983522872
"416",2022-03-10 00:01:15,1,303,300,47.8912506269455,4.11269081366792
"417",2022-03-10 00:01:20,1,303,300,47.1644682217018,3.77517920156994
"418",2022-03-10 00:01:25,1,303,300,48.2212980952538,3.50136613991569
"419",2022-03-10 00:01:30,1,303,300,48.6418236930934,4.01020351334534
"420",2022-03-10 00:01:35,1,303,300,48.8870287073237,3.79935390644584
"421",2022-03-10 00:01:40,1,303,300,49.6306006743756,3.84602859532597
"422",2022-03-10 00:01:45,1,303,300,50.2821976262309,3.38207267790464
"423",2022-03-10 00:01:50,1,303,300,48.2871258696434,3.72740273257154
"424",2022-03-10 00:01:55,1,303,300,49.8523797916068,3.74900798085156
"425",2022-03-10 00:02:00,1,303,300,47.9170981490262,3.74286968972518
"426",2022-03-10 00:02:05,1,303,300,48.9943243705721,3.74780819364832
"427",2022-03-10 00:02:10,1,303,300,49.3479573320407,3.80060807052197
"428",2022-03-10 00:02:15,1,303,300,49.1037196254919,3.52596050688058
"429",2022-03-10 00:02:20,1,303,300,50.1382086074496,3.62495177094201
"430",2022-03-10 00:02:25,1,303,300,48.5324512094657,3.68831342860763
"431",2022-03-10 00:02:30,1,303,300,48.9190331888806,3.37057464809109
"432",2022-03-10 00:02:35,1,303,300,48.7419703194307,3.93709555209593
"433",2022-03-10 00:02:40,1,303,300,48.7390518744867,4.13011165336083
"434",2022-03-10 00:02:45,1,303,300,50.2648679446697,4.23581870034559
"435",2022-03-10 00:02:50,1,303,300,49.0908521292557,4.36024010188625
"436",2022-03-10 00:02:55,1,303,300,49.3860130785143,4.35596334872568
"437",2022-03-10 00:03:00,1,303,300,49.7441380003599,4.40682654221686
"438",2022-03-10 00:03:05,1,303,300,48.2362322347152,3.65083668175568
"439",2022-03-10 00:03:10,1,303,300,48.6757908223921,3.53785229410673
"440",2022-03-10 00:03:15,1,303,300,50.4387820094822,3.91910501146137
"441",2022-03-10 00:03:20,1,303,300,48.5932520186988,3.56927346996143
"442",2022-03-10 00:03:25,1,303,300,50.3602430830598,3.87683233520696
"443",2022-03-10 00:03:30,1,303,300,47.7790901995873,3.69104003942233
"444",2022-03-10 00:03:35,1,303,300,49.3975850944043,3.29892885896779
"445",2022-03-10 00:03:40,1,303,300,48.7751948198723,3.30557050580328
"446",2022-03-10 00:03:45,1,303,300,49.3291190558222,4.11394585115069
"447",2022-03-10 00:03:50,1,303,300,49.0208355130126,4.4027372658182
"448",2022-03-10 00:03:55,1,303,300,48.6903371706353,4.50742026864453
"449",2022-03-10 00:04:00,1,303,300,49.1220039172781,3.96499778562534
"450",2022-03-10 00:04:05,1,303,300,49.6939036579514,4.1521795319046
"451",2022-03-10 00:04:10,1,303,300,49.0765265393167,3.96368850125221
"452",2022-03-10 00:04:15,1,303,300,49.5081936362272,4.64349553079176
"453",2022-03-10 00:04:20,1,303,300,49.0342072830406,3.41085534506033
"454",2022-03-10 00:04:25,1,303,300,48.9736859094163,4.47567074766447
"455",2022-03-10 00:04:30,1,303,300,48.645802494392,3.62185089813055
"456",2022-03-10 00:04:35,1,303,300,49.9835123870265,4.29308061647946
"457",2022-03-10 00:04:40,1,303,300,50.7953911472032,3.6388129298644
"458",2022-03-10 00:04:45,1,303,300,48.1501862864862,4.18317586589459
"459",2022-03-10 00:04:50,1,303,300,48.2798903423275,3.68424446475192
"460",2022-03-10 00:04:55,1,303,300,48.6195688032865,3.61453895455839
"461",2022-03-10 00:05:00,1,303,300,50.317634511999,4.14806366140991
"462",2022-03-10 00:05:05,1,303,300,48.7688768734532,4.12781843710569
"463",2022-03-10 00:05:10,1,303,300,48.5914900301957,3.45082317962465
"464",2022-03-10 00:05:15,1,303,300,48.418491133504,4.10407823428592
"465",2022-03-10 00:05:20,1,303,300,49.247805527362,4.34586283861149
"466",2022-03-10 00:05:25,1,303,300,50.8079064396764,3.99679525835119
"467",2022-03-10 00:05:30,1,303,300,48.9065593988505,3.84502835615699
"468",2022-03-10 00:05:35,1,303,300,50.0199800860672,4.11928930261523
"469",2022-03-10 00:05:40,1,303,300,49.0728067586049,3.9678562001844
"470",2022-03-10 00:05:45,1,303,300,48.4402551756044,4.05397558766023
"471",2022-03-10 00:05:50,1,303,300,50.1106648803423,3.87852416986306
"472",2022-03-10 00:05:55,1,303,300,49.8263257098081,4.16988446574603
"473",2022-03-10 00:06:00,1,303,300,49.0712747468094,4.10511638869471
"474",2022-03-10 00:06:05,1,303,300,48.0769163365103,3.6548496237889
"475",2022-03-10 00:06:10,1,303,300,49.8441577816015,3.89949446970515
"476",2022-03-10 00:06:15,1,303,300,49.152885260653,3.57650018514283
"477",2022-03-10 00:06:20,1,303,300,49.9163906813172,3.28672531840775
"478",2022-03-10 00:06:25,1,303,300,47.8023790361888,3.74156280632613
"479",2022-03-10 00:06:30,1,303,300,50.1938878412789,3.84208769461265
"480",2022-03-10 00:06:35,1,303,300,48.5964616459533,3.55443862493696
"481",2022-03-10 00:06:40,1,303,300,49.9977452402824,4.3569783909844
"482",2022-03-10 00:06:45,1,303,300,49.0523392385546,3.99174410316639
"483",2022-03-10 00:06:50,1,303,300,48.0730504579868,3.92423301176388
"484",2022-03-10 00:06:55,1,303,300,48.3603137072237,4.26113590890612
"485",2022-03-10 00:07:00,1,303,300,48.9299004640049,3.48539649505127
"486",2022-03-10 00:07:05,1,303,300,49.462617645691,4.33669617972333
"487",2022-03-10 00:07:10,1,303,300,47.6488622790218,3.64051653114658
"488",2022-03-10 00:07:15,1,303,300,48.9292704982291,3.94529683853148
"489",2022-03-10 00:07:20,1,303,300,50.1948162988953,4.597218120454
"490",2022-03-10 00:07:25,1,303,300,49.2710086272082,4.22369072910144
"491",2022-03-10 00:07:30,1,303,300,47.9384238080279,3.42704634041856
"492",2022-03-10 00:07:35,1,303,300,49.5405901442452,4.43354639751416
"493",2022-03-10 00:07:40,1,303,300,48.7725435640615,3.95157135965343
"494",2022-03-10 00:07:45,1,303,300,49.3978320858683,3.90441925168681
"495",2022-03-10 00:07:50,1,303,300,49.8137203969616,4.02334219927454
"496",2022-03-10 00:07:55,1,303,300,50.0532348666565,3.44759012185126
"497",2022-03-10 00:08:00,1,303,300,48.5392338691038,3.53237154074043
"498",2022-03-10 00:08:05,1,303,300,50.1066549246703,4.06670586148571
"499",2022-03-10 00:08:10,1,303,300,49.5768799112444,4.07372037812759
"500",2022-03-10 00:08:15,1,303,300,48.664653627691,3.66687779583314
"501",2022-03-10 00:08:20,1,303,300,49.1064974817585,3.11392702243857
"502",2022-03-10 00:08:25,1,303,300,49.3985450985165,3.43272534132783
"503",2022-03-10 00:08:30,1,303,300,50.5096995837781,4.09992136665974
"504",2022-03-10 00:08:35,1,303,300,48.6404438773355,3.32838256288374
"505",2022-03-10 00:08:40,1,303,300,49.6393139533584,3.53405716094471
"506",2022-03-10 00:08:45,1,303,300,49.0198187240548,3.62794790516645
"507",2022-03-10 00:08:50,1,303,300,49.5369295797685,3.27767613189627
"508",2022-03-10 00:08:55,1,303,300,47.8833419890831,3.20855671699537
"509",2022-03-10 00:09:00,1,303,300,50.3374940676596,4.0601913449363
"510",2022-03-10 00:09:05,1,303,300,48.2379327214959,3.52019055018875
"511",2022-03-10 00:09:10,1,303,300,48.027481595399,4.32938470445269
"512",2022-03-10 00:09:15,1,303,300,49.1869605401536,4.29381782660675
"513",2022-03-10 00:09:20,1,303,300,48.885657157495,4.17040875443041
"514",2022-03-10 00:09:25,1,303,300,48.6797165574481,4.78822092956674
"515",2022-03-10 00:09:30,1,303,300,48.0690766791226,3.94818347648618
"516",2022-03-10 00:09:35,1,303,300,51.6126296832415,3.43527188291621
"517",2022-03-10 00:09:40,1,303,300,49.5131497247454,4.23712553729461
"518",2022-03-10 00:09:45,1,303,300,48.5278477571375,4.02439686910458
"519",2022-03-10 00:09:50,1,303,300,47.7887349456831,2.19550591975387
"520",2022-03-10 00:09:55,1,303,300,49.5632348854629,4.61298261342219
"521",2022-03-10 00:10:00,1,303,300,48.5885908850172,4.55989847491558
"522",2022-03-10 00:10:05,1,303,300,49.2930704525272,3.79400199260924
"523",2022-03-10 00:10:10,1,303,300,48.5171992897648,3.24629550010961
"524",2022-03-10 00:10:15,1,303,300,48.1840838744148,4.32023727253658
"525",2022-03-10 00:10:20,1,303,300,49.2294292065804,4.14757191368503
"526",2022-03-10 00:10:25,1,303,300,48.5937413675192,3.56190386268881
"527",2022-03-10 00:10:30,1,303,300,49.5150583152326,4.37607347665306
"528",2022-03-10 00:10:35,1,303,300,47.1752318417364,3.33058974586987
"529",2022-03-10 00:10:40,1,303,300,49.5723632297175,3.73505923082689
"530",2022-03-10 00:10:45,1,303,300,48.720433334309,4.35822186327934
"531",2022-03-10 00:10:50,1,303,300,49.0266876390955,4.54868719743226
"532",2022-03-10 00:10:55,1,303,300,48.788079144774,3.01175645171693
"533",2022-03-10 00:11:00,1,303,300,49.6356741858231,4.6272316949398
"534",2022-03-10 00:11:05,1,303,300,48.9632452487682,4.07688696467328
"535",2022-03-10 00:11:10,1,303,300,49.080668164501,3.85295406572983
"536",2022-03-10 00:11:15,1,303,300,50.506638757372,4.14097382190353
"537",2022-03-10 00:11:20,1,303,300,47.9852893618497,3.66743386377475
"538",2022-03-10 00:11:25,1,303,300,48.166512010781,3.3263431543706
"539",2022-03-10 00:11:30,1,303,300,48.0489913056627,4.38247178358398
"540",2022-03-10 00:11:35,1,303,300,49.6207508108782,3.80179719976136
"541",2022-03-10 00:11:40,1,303,300,49.6089536180313,3.92132617855936
"542",2022-03-10 00:11:45,1,303,300,48.729472315459,3.53159163706215
"543",2022-03-10 00:11:50,1,303,300,48.2844584139962,3.58600855186621
"544",2022-03-10 00:11:55,1,303,300,49.2921285455921,3.51549197983863
"545",2022-03-10 00:12:00,1,303,300,48.8608893220756,2.98287284179121
"546",2022-03-10 00:12:05,1,303,300,49.2718427246123,3.84014825080724
"547",2022-03-10 00:12:10,1,303,300,48.5010804800642,3.77281663342737
"548",2022-03-10 00:12:15,1,303,300,49.92598145456,3.70171852631469
"549",2022-03-10 00:12:20,1,303,300,48.0822364591257,3.71569818371241
"550",2022-03-10 00:12:25,1,303,300,48.9719366292801,3.32271115177923
"551",2022-03-10 00:12:30,1,303,300,49.037406517406,3.47173608886986
"552",2022-03-10 00:12:35,1,303,300,49.6945563436639,3.93052907532007
"553",2022-03-10 00:12:40,1,303,300,48.6703675806825,3.63738342087774
"554",2022-03-10 00:12:45,1,303,300,48.6332271329403,4.04072946483696
"555",2022-03-10 00:12:50,1,303,300,48.8096047564567,4.31896081475292
"556",2022-03-10 00:12:55,1,303,300,49.5576942870327,4.28586031006099
"557",2022-03-10 00:13:00,1,303,300,48.1915695755971,3.49079878379687
"558",2022-03-10 00:13:05,1,303,300,48.6074678814378,4.46003087254042
"559",2022-03-10 00:13:10,1,303,300,47.8703440079186,3.58559396364045
"560",2022-03-10 00:13:15,1,303,300,48.8998714973594,3.42830404555679
"561",2022-03-10 00:13:20,1,303,300,49.6409128025885,3.93423587946287
"562",2022-03-10 00:13:25,1,303,300,49.033766747091,3.02700272709531
"563",2022-03-10 00:13:30,1,303,300,48.634968827663,3.90188127399695
"564",2022-03-10 00:13:35,1,303,300,49.5773932428498,4.08039759670105
"565",2022-03-10 00:13:40,1,303,300,47.6348555948411,4.02634871451132
"566",2022-03-10 00:13:45,1,303,300,50.1771896768761,4.36153144266443
"567",2022-03-10 00:13:50,1,303,300,49.6415811242258,4.19283005999059
"568",2022-03-10 00:13:55,1,303,300,49.2479756761047,4.2178031075351
"569",2022-03-10 00:14:00,1,303,300,49.4098220851425,3.93826183610516
"570",2022-03-10 00:14:05,1,303,300,48.3685597882919,4.44796157272989
"571",2022-03-10 00:14:10,1,303,300,47.8795931652888,3.88862299770137
"572",2022-03-10 00:14:15,1,303,300,49.066775924069,4.04136466455396
"573",2022-03-10 00:14:20,1,303,300,49.1104388506143,3.80827974075319
"574",2022-03-10 00:14:25,1,303,300,49.816057329001,4.00104555878886
"575",2022-03-10 00:14:30,1,303,300,48.256438359034,3.89068734124973
"576",2022-03-10 00:14:35,1,303,300,48.8427012506771,3.77835832354882
"577",2022-03-10 00:14:40,1,303,300,48.7381096722773,3.8615485198267
"578",2022-03-10 00:14:45,1,303,300,48.7724916033106,3.88535692239074
"579",2022-03-10 00:14:50,1,303,300,48.3010919002998,3.63268623773399
"580",2022-03-10 00:14:55,1,303,300,50.1725912636268,3.97414012598653
"581",2022-03-10 00:15:00,1,303,300,48.1707393993679,3.42206245853651
"582",2022-03-10 00:15:05,1,303,300,48.5986042444603,3.58046055908978
"583",2022-03-10 00:15:10,1,303,300,49.2750724561059,3.65254833503597
"584",2022-03-10 00:15:15,1,303,300,49.6421276116174,4.24026524235375
"585",2022-03-10 00:15:20,1,303,300,48.1651860368692,3.37919966523226
"586",2022-03-10 00:15:25,1,303,300,48.5842013731968,3.32796280604071
"587",2022-03-10 00:15:30,1,303,300,49.085258927719,3.53328368450762
"588",2022-03-10 00:15:35,1,303,300,48.7257433396772,4.30014246080607
"589",2022-03-10 00:15:40,1,303,300,49.9580097371159,3.91864787149975
"590",2022-03-10 00:15:45,1,303,300,48.7901541175028,3.97358568394564
"591",2022-03-10 00:15:50,1,303,300,48.0201104759127,3.96471042181347
"592",2022-03-10 00:15:55,1,303,300,49.3677164189717,3.60211124259423
"593",2022-03-10 00:16:00,1,303,300,49.9599252268179,4.67238699175056
"594",2022-03-10 00:16:05,1,303,300,50.2835713328283,3.79325861679904
"595",2022-03-10 00:16:10,1,303,300,49.1217420428246,4.30473206869491
"596",2022-03-10 00:16:15,1,303,300,50.5967579513811,4.01041085635967
"597",2022-03-10 00:16:20,1,303,300,48.9872855176258,4.16591350081973
"598",2022-03-10 00:16:25,1,303,300,49.7981630585603,4.68609270066407
"599",2022-03-10 00:16:30,1,303,300,49.8334317340558,4.08145427033333
"600",2022-03-10 00:16:35,1,303,300,49.2844543863025,3.55407722741351
"601",2022-03-11 00:00:00,1,338,100,48.6493516800023,4.53681737822232
"602",2022-03-11 00:00:05,1,338,100,48.7929755699874,5.44453394206985
"603",2022-03-11 00:00:10,1,338,100,48.9499053095905,5.30734182139436
"604",2022-03-11 00:00:15,1,338,100,50.7614786130668,4.91192788787814
"605",2022-03-11 00:00:20,1,338,100,47.5072013910031,4.84352765446643
"606",2022-03-11 00:00:25,1,338,100,48.0838772944535,4.70069098325459
"607",2022-03-11 00:00:30,1,338,100,48.5733046590343,5.59567677684303
"608",2022-03-11 00:00:35,1,338,100,48.3325083414871,4.49143798702459
"609",2022-03-11 00:00:40,1,338,100,48.3801800451036,5.04017863644682
"610",2022-03-11 00:00:45,1,338,100,49.2252047143061,4.85550112462453
"611",2022-03-11 00:00:50,1,338,100,50.005759536837,5.43836024589068
"612",2022-03-11 00:00:55,1,338,100,47.5405977421855,5.40754571657925
"613",2022-03-11 00:01:00,1,338,100,48.3784651793665,5.1827224330009
"614",2022-03-11 00:01:05,1,338,100,50.0427695301226,5.26236666457425
"615",2022-03-11 00:01:10,1,338,100,49.8363519634391,5.46096516935032
"616",2022-03-11 00:01:15,1,338,100,49.9717153391564,5.08307543117012
"617",2022-03-11 00:01:20,1,338,100,48.4595776415955,5.05561697383548
"618",2022-03-11 00:01:25,1,338,100,49.2359271727785,5.49475659114102
"619",2022-03-11 00:01:30,1,338,100,48.3061534390775,5.57765943488374
"620",2022-03-11 00:01:35,1,338,100,49.4783107531084,5.46149097532791
"621",2022-03-11 00:01:40,1,338,100,47.6625900719125,5.64063452592562
"622",2022-03-11 00:01:45,1,338,100,48.9309441463963,6.18008304464054
"623",2022-03-11 00:01:50,1,338,100,49.7515599651518,5.08140970129891
"624",2022-03-11 00:01:55,1,338,100,50.6866887780623,4.84485744388875
"625",2022-03-11 00:02:00,1,338,100,49.5648811658552,5.01741191968327
"626",2022-03-11 00:02:05,1,338,100,49.9540756477881,5.55120973517972
"627",2022-03-11 00:02:10,1,338,100,49.8050500398773,5.46167857186449
"628",2022-03-11 00:02:15,1,338,100,48.4815575470106,5.0825119390638
"629",2022-03-11 00:02:20,1,338,100,49.0858391355453,4.74431534383662
"630",2022-03-11 00:02:25,1,338,100,48.2813359591758,5.30412568444219
"631",2022-03-11 00:02:30,1,338,100,48.2637077087181,4.85244966130953
"632",2022-03-11 00:02:35,1,338,100,50.8121699702176,5.28668142527329
"633",2022-03-11 00:02:40,1,338,100,49.5968524163715,5.51468311973018
"634",2022-03-11 00:02:45,1,338,100,49.5760128930918,5.26531972724351
"635",2022-03-11 00:02:50,1,338,100,50.4652415520602,4.3056830200314
"636",2022-03-11 00:02:55,1,338,100,48.7183878463639,4.59666377720939
"637",2022-03-11 00:03:00,1,338,100,48.1150801399258,5.04935549502841
"638",2022-03-11 00:03:05,1,338,100,48.5875959553824,5.61896633452942
"639",2022-03-11 00:03:10,1,338,100,48.9262334950512,5.38912608342173
"640",2022-03-11 00:03:15,1,338,100,49.3506646275449,5.14632241846708
"641",2022-03-11 00:03:20,1,338,100,49.0484802584616,5.08414519081478
"642",2022-03-11 00:03:25,1,338,100,48.8509306335612,5.34415333534023
"643",2022-03-11 00:03:30,1,338,100,48.3848893735738,5.16056660041041
"644",2022-03-11 00:03:35,1,338,100,49.1034145527152,4.93381174439635
"645",2022-03-11 00:03:40,1,338,100,48.9384367186313,5.45547108549156
"646",2022-03-11 00:03:45,1,338,100,48.8785248961305,5.37225926218
"647",2022-03-11 00:03:50,1,338,100,48.2391363401276,5.5559262331534
"648",2022-03-11 00:03:55,1,338,100,47.6921411396162,5.64621250926067
"649",2022-03-11 00:04:00,1,338,100,47.9443413735721,5.85384433139131
"650",2022-03-11 00:04:05,1,338,100,48.8118497139236,5.48727310057122
"651",2022-03-11 00:04:10,1,338,100,49.7521432147973,5.24152595348566
"652",2022-03-11 00:04:15,1,338,100,48.8217768427948,4.58527903362279
"653",2022-03-11 00:04:20,1,338,100,48.8478244266866,5.51425624895146
"654",2022-03-11 00:04:25,1,338,100,49.7702636707552,5.25636866862059
"655",2022-03-11 00:04:30,1,338,100,49.0989462327562,4.36273468038426
"656",2022-03-11 00:04:35,1,338,100,48.2551450008808,4.70165916793881
"657",2022-03-11 00:04:40,1,338,100,48.7626392465559,5.20187278389574
"658",2022-03-11 00:04:45,1,338,100,48.1480717281994,5.31335124418199
"659",2022-03-11 00:04:50,1,338,100,48.7312490673432,5.41059831611007
"660",2022-03-11 00:04:55,1,338,100,49.9651207977165,5.17020440252226
"661",2022-03-11 00:05:00,1,338,100,50.3793494510896,4.99521932621233
"662",2022-03-11 00:05:05,1,338,100,50.3398276356071,5.73619041851537
"663",2022-03-11 00:05:10,1,338,100,48.5465475351333,5.45067170846383
"664",2022-03-11 00:05:15,1,338,100,49.3576193855673,5.11048660997556
"665",2022-03-11 00:05:20,1,338,100,48.4382921762526,5.02254019296645
"666",2022-03-11 00:05:25,1,338,100,48.8985564533864,4.67647789072906
"667",2022-03-11 00:05:30,1,338,100,49.674841044837,5.25296338211325
"668",2022-03-11 00:05:35,1,338,100,49.9699536697751,5.60028109109976
"669",2022-03-11 00:05:40,1,338,100,48.8770063987874,4.69219095064508
"670",2022-03-11 00:05:45,1,338,100,48.1495257072824,4.70768400173905
"671",2022-03-11 00:05:50,1,338,100,49.0475942881732,5.28201649424247
"672",2022-03-11 00:05:55,1,338,100,48.8460808717157,5.29243683707967
"673",2022-03-11 00:06:00,1,338,100,48.5901310158032,4.70541515559117
"674",2022-03-11 00:06:05,1,338,100,48.5125447483154,5.83101994499134
"675",2022-03-11 00:06:10,1,338,100,49.344022365246,4.74406161020858
"676",2022-03-11 00:06:15,1,338,100,49.3134191324791,5.35360454332505
"677",2022-03-11 00:06:20,1,338,100,50.1410547114256,5.55124416430883
"678",2022-03-11 00:06:25,1,338,100,49.7117367380481,4.98440617924249
"679",2022-03-11 00:06:30,1,338,100,48.1042567337098,5.41837380269702
"680",2022-03-11 00:06:35,1,338,100,46.5948384352058,5.56125169872448
"681",2022-03-11 00:06:40,1,338,100,49.0047489184876,4.74656602317171
"682",2022-03-11 00:06:45,1,338,100,48.7626312260721,5.04327051243845
"683",2022-03-11 00:06:50,1,338,100,49.6104027635658,4.36477654516067
"684",2022-03-11 00:06:55,1,338,100,48.9648823717528,5.32218481926652
"685",2022-03-11 00:07:00,1,338,100,49.7403882728911,5.90527992800189
"686",2022-03-11 00:07:05,1,338,100,48.0714773311546,5.84364361773905
"687",2022-03-11 00:07:10,1,338,100,48.9516498556885,4.94436505483751
"688",2022-03-11 00:07:15,1,338,100,48.6178869471076,5.07783031379133
"689",2022-03-11 00:07:20,1,338,100,49.8052027829724,4.49536551406355
"690",2022-03-11 00:07:25,1,338,100,49.3252994413199,4.78617050640392
"691",2022-03-11 00:07:30,1,338,100,48.045287136441,5.22900419746615
"692",2022-03-11 00:07:35,1,338,100,48.9051706948742,4.88064228907159
"693",2022-03-11 00:07:40,1,338,100,48.9707521423684,5.66327569891075
"694",2022-03-11 00:07:45,1,338,100,47.4825406771321,4.73946900346409
"695",2022-03-11 00:07:50,1,338,100,48.9883616823215,5.38685386453421
"696",2022-03-11 00:07:55,1,338,100,49.5961314292442,4.83887302149123
"697",2022-03-11 00:08:00,1,338,100,49.4317212692624,4.8945202777821
"698",2022-03-11 00:08:05,1,338,100,49.1189339048949,5.20026988994141
"699",2022-03-11 00:08:10,1,338,100,49.0324812035339,5.34363306576248
"700",2022-03-11 00:08:15,1,338,100,48.4334652728056,5.41462483061748
"701",2022-03-11 00:08:20,1,338,100,47.9885618976508,4.94646836173735
"702",2022-03-11 00:08:25,1,338,100,49.4252405336941,5.63297409294809
"703",2022-03-11 00:08:30,1,338,100,49.097774353543,5.18306910326909
"704",2022-03-11 00:08:35,1,338,100,49.6624237409208,5.65723832512232
"705",2022-03-11 00:08:40,1,338,100,49.2254301474153,4.77255524252314
"706",2022-03-11 00:08:45,1,338,100,49.4072352434058,4.96518290183115
"707",2022-03-11 00:08:50,1,338,100,49.4322392559717,5.05108618784148
"708",2022-03-11 00:08:55,1,338,100,50.0206471424624,5.52324839493571
"709",2022-03-11 00:09:00,1,338,100,47.9725042417576,5.37495443787094
"710",2022-03-11 00:09:05,1,338,100,46.7263920596102,5.55027954410849
"711",2022-03-11 00:09:10,1,338,100,48.2476722548591,5.30518327054812
"712",2022-03-11 00:09:15,1,338,100,49.9749590464543,4.80593523906846
"713",2022-03-11 00:09:20,1,338,100,49.533833699604,4.6719461006696
"714",2022-03-11 00:09:25,1,338,100,47.7824044483754,4.92970890331621
"715",2022-03-11 00:09:30,1,338,100,49.515094976706,5.70504650029175
"716",2022-03-11 00:09:35,1,338,100,47.8830893442586,5.15566206280062
"717",2022-03-11 00:09:40,1,338,100,48.1002265995917,4.90291186101554
"718",2022-03-11 00:09:45,1,338,100,47.3157805443463,5.13175899575591
"719",2022-03-11 00:09:50,1,338,100,47.3628506520056,5.1448191328644
"720",2022-03-11 00:09:55,1,338,100,48.4851884666246,5.46979297131336
"721",2022-03-11 00:10:00,1,338,100,49.3246237080881,5.35041025304634
"722",2022-03-11 00:10:05,1,338,100,49.5567480314333,5.44694297724292
"723",2022-03-11 00:10:10,1,338,100,49.3463904749552,5.55303314099572
"724",2022-03-11 00:10:15,1,338,100,49.9953491066682,5.09987012068188
"725",2022-03-11 00:10:20,1,338,100,48.5393293871689,5.24158135290111
"726",2022-03-11 00:10:25,1,338,100,49.2624969797135,5.35984956198905
"727",2022-03-11 00:10:30,1,338,100,47.8379930660133,4.86285324692032
"728",2022-03-11 00:10:35,1,338,100,49.1085860805514,5.2280185450148
"729",2022-03-11 00:10:40,1,338,100,47.9846090635041,5.03739977601508
"730",2022-03-11 00:10:45,1,338,100,47.8706745482162,4.76590246756328
"731",2022-03-11 00:10:50,1,338,100,49.2727277238119,4.8569658916258
"732",2022-03-11 00:10:55,1,338,100,48.1948131986106,5.52505334821788
"733",2022-03-11 00:11:00,1,338,100,49.2413153616061,5.2001517344194
"734",2022-03-11 00:11:05,1,338,100,47.8634958256476,5.57451825615163
"735",2022-03-11 00:11:10,1,338,100,47.9895992186816,5.72063288557003
"736",2022-03-11 00:11:15,1,338,100,48.5513467621906,5.74038614195833
"737",2022-03-11 00:11:20,1,338,100,48.4366450262992,5.56626445536622
"738",2022-03-11 00:11:25,1,338,100,47.5483144520956,5.68688389501278
"739",2022-03-11 00:11:30,1,338,100,49.9290029882319,4.55609790634952
"740",2022-03-11 00:11:35,1,338,100,49.3607692338305,4.79223910740151
"741",2022-03-11 00:11:40,1,338,100,49.4298122844708,4.90156948876121
"742",2022-03-11 00:11:45,1,338,100,48.3833419709264,5.01287019335655
"743",2022-03-11 00:11:50,1,338,100,49.3686038113075,4.67985653053362
"744",2022-03-11 00:11:55,1,338,100,48.2074760284396,4.58590157027343
"745",2022-03-11 00:12:00,1,338,100,49.7908276823962,5.5175473334498
"746",2022-03-11 00:12:05,1,338,100,47.9271091953672,4.96375754499167
"747",2022-03-11 00:12:10,1,338,100,47.458125741889,4.77034207004114
"748",2022-03-11 00:12:15,1,338,100,49.1587364701448,4.43372629087302
"749",2022-03-11 00:12:20,1,338,100,49.2773945555796,5.14643814301745
"750",2022-03-11 00:12:25,1,338,100,49.7437507141482,4.52432422030501
"751",2022-03-11 00:12:30,1,338,100,48.3808185366956,5.22989587732613
"752",2022-03-11 00:12:35,1,338,100,48.9057679700649,4.68504571290249
"753",2022-03-11 00:12:40,1,338,100,49.8031921403813,5.05336683970009
"754",2022-03-11 00:12:45,1,338,100,48.0223928857424,5.15548828586261
"755",2022-03-11 00:12:50,1,338,100,50.6214789265556,5.80011306781379
"756",2022-03-11 00:12:55,1,338,100,49.7071716703575,4.99813549903851
"757",2022-03-11 00:13:00,1,338,100,50.8695782679853,5.65086983936426
"758",2022-03-11 00:13:05,1,338,100,48.0422540871484,4.62991143238287
"759",2022-03-11 00:13:10,1,338,100,49.5943958488537,5.4039317233251
"760",2022-03-11 00:13:15,1,338,100,49.3044880548255,4.98959855451683
"761",2022-03-11 00:13:20,1,338,100,49.0671973616174,4.98664211769359
"762",2022-03-11 00:13:25,1,338,100,48.6710459187727,5.16496084342092
"763",2022-03-11 00:13:30,1,338,100,49.6475497667901,6.40289343481852
"764",2022-03-11 00:13:35,1,338,100,49.7361636149945,5.55872992121079
"765",2022-03-11 00:13:40,1,338,100,48.8040690593439,5.38623892612596
"766",2022-03-11 00:13:45,1,338,100,47.9323179649177,5.07221183835736
"767",2022-03-11 00:13:50,1,338,100,48.9802168702627,5.63046412042777
"768",2022-03-11 00:13:55,1,338,100,49.5972874825687,5.53226484264315
"769",2022-03-11 00:14:00,1,338,100,49.7285977181693,5.57284461445031
"770",2022-03-11 00:14:05,1,338,100,49.9007130192829,5.19489816165589
"771",2022-03-11 00:14:10,1,338,100,49.6707188326972,5.67081367339227
"772",2022-03-11 00:14:15,1,338,100,48.9883623638339,4.76681060806049
"773",2022-03-11 00:14:20,1,338,100,49.578345427838,5.35485180714265
"774",2022-03-11 00:14:25,1,338,100,48.7847068139955,4.73165511529418
"775",2022-03-11 00:14:30,1,338,100,49.7487461390101,4.86070219811402
"776",2022-03-11 00:14:35,1,338,100,49.147585442271,5.66907588193147
"777",2022-03-11 00:14:40,1,338,100,47.3899958519968,4.72004351929388
"778",2022-03-11 00:14:45,1,338,100,47.4320240250019,5.70489249924784
"779",2022-03-11 00:14:50,1,338,100,49.7842360594708,5.34651236272653
"780",2022-03-11 00:14:55,1,338,100,48.969284731582,4.58315758298412
"781",2022-03-11 00:15:00,1,338,100,49.3605723291633,5.12490912289924
"782",2022-03-11 00:15:05,1,338,100,50.174213569533,5.18543442740862
"783",2022-03-11 00:15:10,1,338,100,48.7979368801326,4.16901987255895
"784",2022-03-11 00:15:15,1,338,100,48.847263842645,5.05362022320741
"785",2022-03-11 00:15:20,1,338,100,50.8969478971431,5.12684443200558
"786",2022-03-11 00:15:25,1,338,100,49.4620080826889,5.237768410983
"787",2022-03-11 00:15:30,1,338,100,50.4589622199187,4.95733477785056
"788",2022-03-11 00:15:35,1,338,100,50.3213912474762,5.42433932015818
"789",2022-03-11 00:15:40,1,338,100,47.9408312124018,5.42314906108044
"790",2022-03-11 00:15:45,1,338,100,48.6673393315106,5.18962705724675
"791",2022-03-11 00:15:50,1,338,100,48.9308976497842,5.10286674231981
"792",2022-03-11 00:15:55,1,338,100,49.4620652940328,5.66143991210616
"793",2022-03-11 00:16:00,1,338,100,48.4928795074661,4.89531204720343
"794",2022-03-11 00:16:05,1,338,100,50.1755411552566,5.78270550799138
"795",2022-03-11 00:16:10,1,338,100,49.5427085599271,4.39913225490029
"796",2022-03-11 00:16:15,1,338,100,50.1990069353958,5.7629162142235
"797",2022-03-11 00:16:20,1,338,100,50.3761972240919,5.64561202523398
"798",2022-03-11 00:16:25,1,338,100,49.4227828016933,5.34461166671195
"799",2022-03-11 00:16:30,1,338,100,50.2653141351388,5.60270446175438
"800",2022-03-11 00:16:35,1,338,100,49.1137193026266,5.23830925030559
"801",2022-03-12 00:00:00,1,338,200,49.2484112414332,4.29817213661935
"802",2022-03-12 00:00:05,1,338,200,48.8533376874915,4.65895971273508
"803",2022-03-12 00:00:10,1,338,200,49.6050015511256,4.29312618917904
"804",2022-03-12 00:00:15,1,338,200,48.88978825081,4.88067775284184
"805",2022-03-12 00:00:20,1,338,200,47.5090022911721,4.87361158501072
"806",2022-03-12 00:00:25,1,338,200,47.7364417266711,4.22494728896161
"807",2022-03-12 00:00:30,1,338,200,48.1031407196397,5.30019829505398
"808",2022-03-12 00:00:35,1,338,200,48.7552762655591,4.9639449717109
"809",2022-03-12 00:00:40,1,338,200,48.2966570074253,4.19376422274769
"810",2022-03-12 00:00:45,1,338,200,49.9320413996737,4.72470119371332
"811",2022-03-12 00:00:50,1,338,200,48.6647470119632,4.84105572758389
"812",2022-03-12 00:00:55,1,338,200,48.9571248597527,3.78485764681025
"813",2022-03-12 00:01:00,1,338,200,49.6772122107667,4.43798206388412
"814",2022-03-12 00:01:05,1,338,200,48.684043019202,4.63018124979411
"815",2022-03-12 00:01:10,1,338,200,48.3900714778523,3.77215716718134
"816",2022-03-12 00:01:15,1,338,200,49.1823529751364,4.19186616670326
"817",2022-03-12 00:01:20,1,338,200,49.8803902540414,4.778787807951
"818",2022-03-12 00:01:25,1,338,200,48.9926979268322,4.4546776025121
"819",2022-03-12 00:01:30,1,338,200,47.9929382487485,4.08144752723834
"820",2022-03-12 00:01:35,1,338,200,48.8352681413611,3.9529319570759
"821",2022-03-12 00:01:40,1,338,200,48.4762654951312,4.14834875905124
"822",2022-03-12 00:01:45,1,338,200,47.7504372065079,4.30708738061285
"823",2022-03-12 00:01:50,1,338,200,48.9099809752699,4.73043138979559
"824",2022-03-12 00:01:55,1,338,200,50.0922141040672,4.96986853994187
"825",2022-03-12 00:02:00,1,338,200,49.3337512874624,4.0366638687885
"826",2022-03-12 00:02:05,1,338,200,49.1705197815922,5.10354445260441
"827",2022-03-12 00:02:10,1,338,200,49.752078354067,4.17087947242056
"828",2022-03-12 00:02:15,1,338,200,50.2329353703449,4.0179119446014
"829",2022-03-12 00:02:20,1,338,200,48.5071951174102,4.13319619959282
"830",2022-03-12 00:02:25,1,338,200,48.8838242564526,4.42523193400317
"831",2022-03-12 00:02:30,1,338,200,48.2521073540844,3.83032657190299
"832",2022-03-12 00:02:35,1,338,200,48.7440187691125,4.04113391578774
"833",2022-03-12 00:02:40,1,338,200,50.2550094632274,4.78634083383753
"834",2022-03-12 00:02:45,1,338,200,48.3398320803824,5.75246954111458
"835",2022-03-12 00:02:50,1,338,200,48.9122319859059,5.66515391361449
"836",2022-03-12 00:02:55,1,338,200,46.898582177618,4.99043233547421
"837",2022-03-12 00:03:00,1,338,200,50.21775492051,4.36762972763484
"838",2022-03-12 00:03:05,1,338,200,48.008851172313,4.02643428204382
"839",2022-03-12 00:03:10,1,338,200,48.8410707715901,4.13656996004772
"840",2022-03-12 00:03:15,1,338,200,49.9405771629512,4.70283557279855
"841",2022-03-12 00:03:20,1,338,200,49.2802723067935,4.32859192713161
"842",2022-03-12 00:03:25,1,338,200,50.1881068512793,4.04270143085339
"843",2022-03-12 00:03:30,1,338,200,49.7600770982888,4.15570914795176
"844",2022-03-12 00:03:35,1,338,200,50.8301742924955,4.59010634845787
"845",2022-03-12 00:03:40,1,338,200,48.3463467072646,4.01732565488009
"846",2022-03-12 00:03:45,1,338,200,49.4236239476482,4.9770979494323
"847",2022-03-12 00:03:50,1,338,200,48.6423951674361,4.5257599554532
"848",2022-03-12 00:03:55,1,338,200,48.7199767967877,4.31530970717701
"849",2022-03-12 00:04:00,1,338,200,49.2398845184495,4.85077986468444
"850",2022-03-12 00:04:05,1,338,200,49.2619706053112,4.7778406433996
"851",2022-03-12 00:04:10,1,338,200,49.7556111578579,4.51023746490896
"852",2022-03-12 00:04:15,1,338,200,48.8073760732373,4.56680725316126
"853",2022-03-12 00:04:20,1,338,200,48.7528058801456,4.1923086009842
"854",2022-03-12 00:04:25,1,338,200,49.1246842454194,4.40012915790365
"855",2022-03-12 00:04:30,1,338,200,48.8029290085596,4.40858991474858
"856",2022-03-12 00:04:35,1,338,200,48.8536854351398,4.73864588416393
"857",2022-03-12 00:04:40,1,338,200,49.6295262891483,4.1909268030039
"858",2022-03-12 00:04:45,1,338,200,49.1378468619668,4.65926218670212
"859",2022-03-12 00:04:50,1,338,200,48.2561215072175,4.32343030475831
"860",2022-03-12 00:04:55,1,338,200,48.447257144018,4.03153197319409
"861",2022-03-12 00:05:00,1,338,200,49.1508285115604,5.17405247622891
"862",2022-03-12 00:05:05,1,338,200,48.3532321338552,4.22647936615179
"863",2022-03-12 00:05:10,1,338,200,48.3828315876507,4.72250761139953
"864",2022-03-12 00:05:15,1,338,200,49.2409573617834,3.41082631111682
"865",2022-03-12 00:05:20,1,338,200,48.2252411097053,3.97428983968232
"866",2022-03-12 00:05:25,1,338,200,47.8828651555384,4.6497495124463
"867",2022-03-12 00:05:30,1,338,200,50.54350556837,4.12075066236438
"868",2022-03-12 00:05:35,1,338,200,48.4057126961771,3.12427130116174
"869",2022-03-12 00:05:40,1,338,200,47.2905090486685,5.10737661695452
"870",2022-03-12 00:05:45,1,338,200,47.998766552267,4.81569765717813
"871",2022-03-12 00:05:50,1,338,200,48.6097252984763,4.47747063010294
"872",2022-03-12 00:05:55,1,338,200,49.10518888515,4.70720565708092
"873",2022-03-12 00:06:00,1,338,200,49.2986486817593,4.77557036025621
"874",2022-03-12 00:06:05,1,338,200,48.103730223596,4.52306819388652
"875",2022-03-12 00:06:10,1,338,200,49.2879939556853,5.07031444486959
"876",2022-03-12 00:06:15,1,338,200,48.1769438516106,4.64352913507025
"877",2022-03-12 00:06:20,1,338,200,49.3700863753533,3.74063675422211
"878",2022-03-12 00:06:25,1,338,200,48.7323969373895,3.98761087143131
"879",2022-03-12 00:06:30,1,338,200,50.0172735931222,4.90854372486523
"880",2022-03-12 00:06:35,1,338,200,48.2106601972192,4.34709387117576
"881",2022-03-12 00:06:40,1,338,200,49.1632474177091,4.65904714907578
"882",2022-03-12 00:06:45,1,338,200,47.8843376933729,4.87295661985218
"883",2022-03-12 00:06:50,1,338,200,49.0873579388766,4.26956220594658
"884",2022-03-12 00:06:55,1,338,200,48.49837875961,3.82853225621527
"885",2022-03-12 00:07:00,1,338,200,49.5109267766625,4.23646502607374
"886",2022-03-12 00:07:05,1,338,200,49.3123879201435,4.55290144467191
"887",2022-03-12 00:07:10,1,338,200,48.8504287585746,3.96426609390358
"888",2022-03-12 00:07:15,1,338,200,49.4815753717548,4.46947926413205
"889",2022-03-12 00:07:20,1,338,200,49.2572550161212,3.79503873505396
"890",2022-03-12 00:07:25,1,338,200,48.0924790383922,5.14693206444523
"891",2022-03-12 00:07:30,1,338,200,50.0553174003905,4.12552350898384
"892",2022-03-12 00:07:35,1,338,200,49.8052895169666,4.0166750636423
"893",2022-03-12 00:07:40,1,338,200,46.9345376495889,5.20263134401828
"894",2022-03-12 00:07:45,1,338,200,48.6674755262361,4.55614998020296
"895",2022-03-12 00:07:50,1,338,200,49.1574398013532,4.80513315387025
"896",2022-03-12 00:07:55,1,338,200,50.1109043653481,4.30582166846646
"897",2022-03-12 00:08:00,1,338,200,48.8721145032023,4.19094084753794
"898",2022-03-12 00:08:05,1,338,200,48.988044199946,4.69410034188592
"899",2022-03-12 00:08:10,1,338,200,50.5591265768409,4.82411771101427
"900",2022-03-12 00:08:15,1,338,200,47.7864345636067,3.86774576235846
"901",2022-03-12 00:08:20,1,338,200,48.8336503531152,4.62017117358169
"902",2022-03-12 00:08:25,1,338,200,48.7057786632373,4.04910483033927
"903",2022-03-12 00:08:30,1,338,200,49.1634641216773,4.81690538961812
"904",2022-03-12 00:08:35,1,338,200,50.121735707466,4.45705574962951
"905",2022-03-12 00:08:40,1,338,200,48.5644305875856,4.16920085155792
"906",2022-03-12 00:08:45,1,338,200,49.4718942621319,4.89792183947888
"907",2022-03-12 00:08:50,1,338,200,48.4731263516924,5.12750315974909
"908",2022-03-12 00:08:55,1,338,200,48.2841000495286,4.29502370536745
"909",2022-03-12 00:09:00,1,338,200,50.5131998275936,4.23323608181722
"910",2022-03-12 00:09:05,1,338,200,48.7117212670078,4.25327736213996
"911",2022-03-12 00:09:10,1,338,200,48.4124261727586,4.35254069903829
"912",2022-03-12 00:09:15,1,338,200,48.5393065553815,4.12743285637072
"913",2022-03-12 00:09:20,1,338,200,49.5044874404391,4.57106202763527
"914",2022-03-12 00:09:25,1,338,200,48.468011047371,4.39030626841701
"915",2022-03-12 00:09:30,1,338,200,48.8870416477582,4.23922489834872
"916",2022-03-12 00:09:35,1,338,200,49.2884828741167,3.82815990745447
"917",2022-03-12 00:09:40,1,338,200,49.2107196425692,4.14899010239142
"918",2022-03-12 00:09:45,1,338,200,49.2517695267498,4.42922921385674
"919",2022-03-12 00:09:50,1,338,200,48.6484600231828,4.57648232851803
"920",2022-03-12 00:09:55,1,338,200,49.3611562133039,4.6066309485977
"921",2022-03-12 00:10:00,1,338,200,49.5284964765545,4.27730522504971
"922",2022-03-12 00:10:05,1,338,200,48.6687631116687,3.97321086292681
"923",2022-03-12 00:10:10,1,338,200,47.9296856009362,5.40320005278874
"924",2022-03-12 00:10:15,1,338,200,50.0832491033774,3.50806409669376
"925",2022-03-12 00:10:20,1,338,200,48.7631396457721,4.15711195430911
"926",2022-03-12 00:10:25,1,338,200,48.3776973725236,4.75611634178298
"927",2022-03-12 00:10:30,1,338,200,47.6060457241902,5.38342929004611
"928",2022-03-12 00:10:35,1,338,200,49.0956165599501,3.82715984817746
"929",2022-03-12 00:10:40,1,338,200,49.3748841586235,4.22184836505416
"930",2022-03-12 00:10:45,1,338,200,49.4357260385778,5.04746906008522
"931",2022-03-12 00:10:50,1,338,200,48.612717720422,4.24054857208546
"932",2022-03-12 00:10:55,1,338,200,48.4239499246875,5.00635137800463
"933",2022-03-12 00:11:00,1,338,200,49.3628320752714,5.39516890733451
"934",2022-03-12 00:11:05,1,338,200,49.0015339434741,4.46982463773705
"935",2022-03-12 00:11:10,1,338,200,49.085380152114,4.41250908232046
"936",2022-03-12 00:11:15,1,338,200,48.7392421435994,4.60508957803878
"937",2022-03-12 00:11:20,1,338,200,49.1292177835752,4.70285362270915
"938",2022-03-12 00:11:25,1,338,200,47.6385433755663,4.14065013995419
"939",2022-03-12 00:11:30,1,338,200,49.4198234628413,4.63224665457227
"940",2022-03-12 00:11:35,1,338,200,50.0334943515299,5.10236132855824
"941",2022-03-12 00:11:40,1,338,200,47.6746318628662,4.75475196466881
"942",2022-03-12 00:11:45,1,338,200,49.3352918448753,5.16044630091741
"943",2022-03-12 00:11:50,1,338,200,46.8070305364042,4.65850497505643
"944",2022-03-12 00:11:55,1,338,200,49.0296425443933,5.27055197788397
"945",2022-03-12 00:12:00,1,338,200,48.7103859863049,4.70967419359177
"946",2022-03-12 00:12:05,1,338,200,48.4025299037251,4.90906435554105
"947",2022-03-12 00:12:10,1,338,200,49.0121642109519,3.84052430104056
"948",2022-03-12 00:12:15,1,338,200,48.6303387540476,4.46342165552145
"949",2022-03-12 00:12:20,1,338,200,48.0577087146377,4.51229358949818
"950",2022-03-12 00:12:25,1,338,200,50.339326498029,4.56630691326139
"951",2022-03-12 00:12:30,1,338,200,50.0870610409358,5.09415728629257
"952",2022-03-12 00:12:35,1,338,200,49.2323315418872,4.72140146353628
"953",2022-03-12 00:12:40,1,338,200,48.2573272855965,4.44143664018487
"954",2022-03-12 00:12:45,1,338,200,49.003247699105,4.05659952134237
"955",2022-03-12 00:12:50,1,338,200,50.4004824102139,3.7593981204412
"956",2022-03-12 00:12:55,1,338,200,47.3854131257192,4.53462088731206
"957",2022-03-12 00:13:00,1,338,200,47.3844913562842,4.55301184462231
"958",2022-03-12 00:13:05,1,338,200,48.378539033137,4.38954200392438
"959",2022-03-12 00:13:10,1,338,200,49.3866999898627,4.54606277559387
"960",2022-03-12 00:13:15,1,338,200,49.3422254344607,4.175923317806
"961",2022-03-12 00:13:20,1,338,200,48.3855735785495,4.51332639649478
"962",2022-03-12 00:13:25,1,338,200,50.2473664893016,5.02395708452666
"963",2022-03-12 00:13:30,1,338,200,49.3275009534674,4.75075265580627
"964",2022-03-12 00:13:35,1,338,200,48.1018287420631,4.73333584621624
"965",2022-03-12 00:13:40,1,338,200,48.8252418625049,4.6400765986934
"966",2022-03-12 00:13:45,1,338,200,49.4481332898246,3.99219547253902
"967",2022-03-12 00:13:50,1,338,200,49.4741744190556,4.47185142267763
"968",2022-03-12 00:13:55,1,338,200,49.3266198929324,4.13549056150357
"969",2022-03-12 00:14:00,1,338,200,48.7038540861465,5.41351423121507
"970",2022-03-12 00:14:05,1,338,200,48.0229671136693,3.64082595868518
"971",2022-03-12 00:14:10,1,338,200,48.7821302111762,4.09472295603175
"972",2022-03-12 00:14:15,1,338,200,47.9600618847335,3.9103972427514
"973",2022-03-12 00:14:20,1,338,200,50.2285546291949,4.21007077323936
"974",2022-03-12 00:14:25,1,338,200,48.7754775447724,4.48480773469415
"975",2022-03-12 00:14:30,1,338,200,47.7920439344976,4.411641239765
"976",2022-03-12 00:14:35,1,338,200,48.3076272095502,4.48783507689643
"977",2022-03-12 00:14:40,1,338,200,48.8709022902326,4.14246410440087
"978",2022-03-12 00:14:45,1,338,200,47.8152129607146,3.58201648578861
"979",2022-03-12 00:14:50,1,338,200,49.1048315113728,4.29984784129841
"980",2022-03-12 00:14:55,1,338,200,48.0005649107464,4.18911487433722
"981",2022-03-12 00:15:00,1,338,200,50.5685141975256,4.82773611485767
"982",2022-03-12 00:15:05,1,338,200,48.2306211346671,3.75793970571829
"983",2022-03-12 00:15:10,1,338,200,49.5717286377622,4.5486794022748
"984",2022-03-12 00:15:15,1,338,200,49.3833193682555,4.86749284472687
"985",2022-03-12 00:15:20,1,338,200,47.754636882295,4.7496620915649
"986",2022-03-12 00:15:25,1,338,200,49.4191305373718,3.89997549489175
"987",2022-03-12 00:15:30,1,338,200,50.0686894821956,5.18130841187693
"988",2022-03-12 00:15:35,1,338,200,47.7881364907103,4.80171443918602
"989",2022-03-12 00:15:40,1,338,200,48.7418901706468,4.98528335941636
"990",2022-03-12 00:15:45,1,338,200,48.5685869686485,4.66641549824308
"991",2022-03-12 00:15:50,1,338,200,48.1988944861561,4.15556549930673
"992",2022-03-12 00:15:55,1,338,200,48.2952460292761,4.10308377205548
"993",2022-03-12 00:16:00,1,338,200,48.6306744525304,4.27451707014234
"994",2022-03-12 00:16:05,1,338,200,49.0409355118132,4.7018230545302
"995",2022-03-12 00:16:10,1,338,200,48.1409342154485,4.11657707601709
"996",2022-03-12 00:16:15,1,338,200,49.3850279056107,4.85394761683762
"997",2022-03-12 00:16:20,1,338,200,49.3345736443679,4.37701056212549
"998",2022-03-12 00:16:25,1,338,200,49.3282187382232,4.5445270515311
"999",2022-03-12 00:16:30,1,338,200,48.8727556607633,4.19341995050128
"1000",2022-03-12 00:16:35,1,338,200,49.2033043636802,4.89705693606294
"1001",2022-03-13 00:00:00,1,338,300,48.9142775874446,3.72054902399252
"1002",2022-03-13 00:00:05,1,338,300,50.0912475965891,3.70064221049134
"1003",2022-03-13 00:00:10,1,338,300,49.2212792417772,3.56183635093256
"1004",2022-03-13 00:00:15,1,338,300,49.4826472256928,3.76271923532396
"1005",2022-03-13 00:00:20,1,338,300,49.5837336569132,4.14467382919467
"1006",2022-03-13 00:00:25,1,338,300,49.607085208041,3.83543176390374
"1007",2022-03-13 00:00:30,1,338,300,49.0826226699602,4.69927565577938
"1008",2022-03-13 00:00:35,1,338,300,49.4964656393868,4.31229642823226
"1009",2022-03-13 00:00:40,1,338,300,51.0964660460978,3.6763516510545
"1010",2022-03-13 00:00:45,1,338,300,49.4740882920513,3.82741628065145
"1011",2022-03-13 00:00:50,1,338,300,49.2230298893767,4.63493844095842
"1012",2022-03-13 00:00:55,1,338,300,49.3740692175939,3.73882151163546
"1013",2022-03-13 00:01:00,1,338,300,47.6502027513623,3.53534139754258
"1014",2022-03-13 00:01:05,1,338,300,49.879430143456,3.4280078659429
"1015",2022-03-13 00:01:10,1,338,300,49.1381782505425,3.80438693832383
"1016",2022-03-13 00:01:15,1,338,300,48.9495115808971,3.99140452095495
"1017",2022-03-13 00:01:20,1,338,300,48.8238348503241,3.68746561319523
"1018",2022-03-13 00:01:25,1,338,300,48.701228058864,3.95676879892242
"1019",2022-03-13 00:01:30,1,338,300,49.5841130645224,3.47977976037214
"1020",2022-03-13 00:01:35,1,338,300,47.6332348404632,4.13837013064694
"1021",2022-03-13 00:01:40,1,338,300,48.8790715201449,4.45290298022988
"1022",2022-03-13 00:01:45,1,338,300,48.6035740461019,4.02784268218808
"1023",2022-03-13 00:01:50,1,338,300,48.1012993411449,4.77785343104713
"1024",2022-03-13 00:01:55,1,338,300,48.6527254226316,3.60768056658124
"1025",2022-03-13 00:02:00,1,338,300,49.5410942723956,4.10726722743459
"1026",2022-03-13 00:02:05,1,338,300,49.8218937908963,4.32321586095938
"1027",2022-03-13 00:02:10,1,338,300,48.8233664181873,4.18033949178824
"1028",2022-03-13 00:02:15,1,338,300,47.4657719475173,3.62590486758625
"1029",2022-03-13 00:02:20,1,338,300,47.2738416846868,3.72511407230532
"1030",2022-03-13 00:02:25,1,338,300,47.4795536989718,3.71516299740645
"1031",2022-03-13 00:02:30,1,338,300,48.7635054291605,4.47217249638875
"1032",2022-03-13 00:02:35,1,338,300,47.9419543950096,3.59517713150684
"1033",2022-03-13 00:02:40,1,338,300,48.1932517880884,3.7113474217311
"1034",2022-03-13 00:02:45,1,338,300,47.7909704610112,3.54213422931557
"1035",2022-03-13 00:02:50,1,338,300,47.5552672578073,4.20221013521671
"1036",2022-03-13 00:02:55,1,338,300,47.2102397749738,3.8762618820991
"1037",2022-03-13 00:03:00,1,338,300,49.9039138886261,4.14145484419415
"1038",2022-03-13 00:03:05,1,338,300,49.8293229299506,4.08468322255137
"1039",2022-03-13 00:03:10,1,338,300,48.9204350955822,3.25614743373491
"1040",2022-03-13 00:03:15,1,338,300,48.6938290544682,2.98582780612224
"1041",2022-03-13 00:03:20,1,338,300,49.4430890821093,3.65172432309256
"1042",2022-03-13 00:03:25,1,338,300,49.4964377726909,3.81118812043147
"1043",2022-03-13 00:03:30,1,338,300,48.1834836430718,3.61177004589369
"1044",2022-03-13 00:03:35,1,338,300,50.1713098346533,4.0921146964496
"1045",2022-03-13 00:03:40,1,338,300,47.4882369700913,2.83245239129634
"1046",2022-03-13 00:03:45,1,338,300,48.1649890741919,3.88231883061614
"1047",2022-03-13 00:03:50,1,338,300,49.0492325170064,3.95777978646166
"1048",2022-03-13 00:03:55,1,338,300,49.5527379915107,4.75581311661158
"1049",2022-03-13 00:04:00,1,338,300,49.2792759446869,3.27116503903206
"1050",2022-03-13 00:04:05,1,338,300,48.7158344996762,3.71916590994262
"1051",2022-03-13 00:04:10,1,338,300,48.795593895932,4.25556441020434
"1052",2022-03-13 00:04:15,1,338,300,50.1658793986327,3.61198787858266
"1053",2022-03-13 00:04:20,1,338,300,49.8051846807608,4.3130142734652
"1054",2022-03-13 00:04:25,1,338,300,48.7163654331856,4.1192178609055
"1055",2022-03-13 00:04:30,1,338,300,49.0278825385838,4.57976925899706
"1056",2022-03-13 00:04:35,1,338,300,48.1337717684172,3.67265857386516
"1057",2022-03-13 00:04:40,1,338,300,49.9275769723581,4.48588554709149
"1058",2022-03-13 00:04:45,1,338,300,48.911816340241,4.26084930627135
"1059",2022-03-13 00:04:50,1,338,300,48.6544557704472,4.56753466140375
"1060",2022-03-13 00:04:55,1,338,300,48.1992106843293,3.5418207958138
"1061",2022-03-13 00:05:00,1,338,300,49.6818982783314,3.13322555775777
"1062",2022-03-13 00:05:05,1,338,300,48.3343628574975,3.88444193210887
"1063",2022-03-13 00:05:10,1,338,300,49.3526172984341,4.18393949219736
"1064",2022-03-13 00:05:15,1,338,300,48.4120817577992,4.13990594798441
"1065",2022-03-13 00:05:20,1,338,300,49.6705027766709,4.23316298977485
"1066",2022-03-13 00:05:25,1,338,300,49.9468589289162,4.42103627141945
"1067",2022-03-13 00:05:30,1,338,300,48.933621494077,3.646541132347
"1068",2022-03-13 00:05:35,1,338,300,48.3439165161053,3.76500708133876
"1069",2022-03-13 00:05:40,1,338,300,48.2738630926428,4.39943572964558
"1070",2022-03-13 00:05:45,1,338,300,47.9689764624896,4.34942412334089
"1071",2022-03-13 00:05:50,1,338,300,50.0596354139173,3.20598734195227
"1072",2022-03-13 00:05:55,1,338,300,48.2883086192257,4.04213246422637
"1073",2022-03-13 00:06:00,1,338,300,49.1173877790797,4.28344168942903
"1074",2022-03-13 00:06:05,1,338,300,47.3244267605092,4.43993103205741
"1075",2022-03-13 00:06:10,1,338,300,48.3876868247273,3.28699620771544
"1076",2022-03-13 00:06:15,1,338,300,48.4126493161874,3.75600657029508
"1077",2022-03-13 00:06:20,1,338,300,49.9368543133707,3.39098601130308
"1078",2022-03-13 00:06:25,1,338,300,49.1956028344254,4.28389108509791
"1079",2022-03-13 00:06:30,1,338,300,47.9933073809162,3.50476150431908
"1080",2022-03-13 00:06:35,1,338,300,47.1376324855767,3.68793110403955
"1081",2022-03-13 00:06:40,1,338,300,49.3701043201505,3.8785936236625
"1082",2022-03-13 00:06:45,1,338,300,49.082779390127,3.83519376129076
"1083",2022-03-13 00:06:50,1,338,300,49.8267311931213,3.42700466183866
"1084",2022-03-13 00:06:55,1,338,300,49.783005162543,4.16031588819473
"1085",2022-03-13 00:07:00,1,338,300,48.7422635146705,3.97941755376711
"1086",2022-03-13 00:07:05,1,338,300,48.5498948948653,4.12386226306413
"1087",2022-03-13 00:07:10,1,338,300,47.8790274554946,4.15932748422003
"1088",2022-03-13 00:07:15,1,338,300,49.6573971815567,4.09457255228855
"1089",2022-03-13 00:07:20,1,338,300,47.6599852483548,3.98063318607152
"1090",2022-03-13 00:07:25,1,338,300,48.2468089334689,3.19197712039307
"1091",2022-03-13 00:07:30,1,338,300,49.2610858354189,4.39159541397851
"1092",2022-03-13 00:07:35,1,338,300,48.1636537474005,3.90712197296749
"1093",2022-03-13 00:07:40,1,338,300,50.5231876553765,4.12732945205897
"1094",2022-03-13 00:07:45,1,338,300,48.7856047224546,3.39130766201412
"1095",2022-03-13 00:07:50,1,338,300,50.1382948506694,3.43595020588582
"1096",2022-03-13 00:07:55,1,338,300,48.3283628651293,4.05842220274102
"1097",2022-03-13 00:08:00,1,338,300,49.6056288161016,4.25976293681592
"1098",2022-03-13 00:08:05,1,338,300,48.9507489572679,4.13593243981606
"1099",2022-03-13 00:08:10,1,338,300,48.5685284902477,3.99820196293829
"1100",2022-03-13 00:08:15,1,338,300,46.4729957557848,4.4796422125847
"1101",2022-03-13 00:08:20,1,338,300,48.0261584760271,3.83978431452239
"1102",2022-03-13 00:08:25,1,338,300,48.527371826497,3.54400353433225
"1103",2022-03-13 00:08:30,1,338,300,48.5913879776159,3.96947273909636
"1104",2022-03-13 00:08:35,1,338,300,47.8243311614338,3.69279707087081
"1105",2022-03-13 00:08:40,1,338,300,49.4199857352213,3.77385158874883
"1106",2022-03-13 00:08:45,1,338,300,48.7698154271523,4.46547830846753
"1107",2022-03-13 00:08:50,1,338,300,50.2620097533199,4.26692602925727
"1108",2022-03-13 00:08:55,1,338,300,49.469953734422,3.59535017635977
"1109",2022-03-13 00:09:00,1,338,300,48.7086118215831,3.51711263156024
"1110",2022-03-13 00:09:05,1,338,300,49.8991222615464,3.75676302731616
"1111",2022-03-13 00:09:10,1,338,300,48.9477455588127,3.86988306827632
"1112",2022-03-13 00:09:15,1,338,300,49.3287612135787,3.87691479098491
"1113",2022-03-13 00:09:20,1,338,300,47.8465455598714,4.12774366541134
"1114",2022-03-13 00:09:25,1,338,300,48.9456635198214,3.27863295124358
"1115",2022-03-13 00:09:30,1,338,300,49.4452006151916,3.80911316408836
"1116",2022-03-13 00:09:35,1,338,300,48.9448000427554,4.10844130877006
"1117",2022-03-13 00:09:40,1,338,300,48.2910579140491,4.36412959454341
"1118",2022-03-13 00:09:45,1,338,300,47.498476851361,3.95392952635452
"1119",2022-03-13 00:09:50,1,338,300,49.4949713814327,3.55482367337063
"1120",2022-03-13 00:09:55,1,338,300,49.9976524516805,3.93781641786349
"1121",2022-03-13 00:10:00,1,338,300,48.5102374735317,3.65600400005385
"1122",2022-03-13 00:10:05,1,338,300,47.9117164589564,4.0590434116314
"1123",2022-03-13 00:10:10,1,338,300,49.1822715630859,3.69114439918112
"1124",2022-03-13 00:10:15,1,338,300,48.9486609144658,3.92668642316661
"1125",2022-03-13 00:10:20,1,338,300,47.5870480783341,3.56770346622776
"1126",2022-03-13 00:10:25,1,338,300,48.8347267575915,3.77909783745111
"1127",2022-03-13 00:10:30,1,338,300,48.9788998020393,3.25409022827575
"1128",2022-03-13 00:10:35,1,338,300,49.2826868270447,4.06240444626268
"1129",2022-03-13 00:10:40,1,338,300,48.6119614899656,4.43731901156577
"1130",2022-03-13 00:10:45,1,338,300,50.0364962922063,3.97176782212026
"1131",2022-03-13 00:10:50,1,338,300,49.1652965744661,3.31816898408519
"1132",2022-03-13 00:10:55,1,338,300,49.8701837422257,4.06531673169293
"1133",2022-03-13 00:11:00,1,338,300,48.54624489077,5.08511760229741
"1134",2022-03-13 00:11:05,1,338,300,47.1796615240563,4.20837735449676
"1135",2022-03-13 00:11:10,1,338,300,48.1498491481155,4.12548350955015
"1136",2022-03-13 00:11:15,1,338,300,48.5288980281097,3.7528775204399
"1137",2022-03-13 00:11:20,1,338,300,48.8192617390725,3.85345689645635
"1138",2022-03-13 00:11:25,1,338,300,48.2410432770159,3.84255210537247
"1139",2022-03-13 00:11:30,1,338,300,48.869560584017,3.49132351075044
"1140",2022-03-13 00:11:35,1,338,300,49.1209542571389,3.9600650893476
"1141",2022-03-13 00:11:40,1,338,300,49.7226732491731,3.55841909857361
"1142",2022-03-13 00:11:45,1,338,300,48.82765491188,3.82426434229166
"1143",2022-03-13 00:11:50,1,338,300,48.1524053876277,3.46558128073724
"1144",2022-03-13 00:11:55,1,338,300,48.3292429341993,3.68367770294097
"1145",2022-03-13 00:12:00,1,338,300,48.7213177333939,3.96500431149297
"1146",2022-03-13 00:12:05,1,338,300,49.0074145291038,4.4574353905363
"1147",2022-03-13 00:12:10,1,338,300,49.0886201004461,3.84714063533874
"1148",2022-03-13 00:12:15,1,338,300,48.2202745928992,4.27159815082492
"1149",2022-03-13 00:12:20,1,338,300,46.0794822989828,3.83167094983507
"1150",2022-03-13 00:12:25,1,338,300,49.8923195050015,3.77570362471951
"1151",2022-03-13 00:12:30,1,338,300,47.7416832626061,3.68894709075504
"1152",2022-03-13 00:12:35,1,338,300,49.7790800425221,3.53617744071424
"1153",2022-03-13 00:12:40,1,338,300,50.5108596195397,3.77971406855626
"1154",2022-03-13 00:12:45,1,338,300,49.8848755261322,3.87932506718901
"1155",2022-03-13 00:12:50,1,338,300,49.1560504991809,4.49030948210857
"1156",2022-03-13 00:12:55,1,338,300,47.83727251165,3.66985031983179
"1157",2022-03-13 00:13:00,1,338,300,47.4441936698021,3.87976499420487
"1158",2022-03-13 00:13:05,1,338,300,48.7707322379029,3.49025357137641
"1159",2022-03-13 00:13:10,1,338,300,47.147110528165,4.4344740199735
"1160",2022-03-13 00:13:15,1,338,300,49.1343684063944,4.25419421174813
"1161",2022-03-13 00:13:20,1,338,300,49.6118804173466,3.81219259539254
"1162",2022-03-13 00:13:25,1,338,300,48.2632269115443,3.88440072371187
"1163",2022-03-13 00:13:30,1,338,300,48.2085607819283,3.92371921309798
"1164",2022-03-13 00:13:35,1,338,300,48.3017812550579,4.24150030915442
"1165",2022-03-13 00:13:40,1,338,300,47.9668920175336,3.72490460511226
"1166",2022-03-13 00:13:45,1,338,300,48.6926939709252,4.57923966354786
"1167",2022-03-13 00:13:50,1,338,300,48.742738548582,3.96629799284351
"1168",2022-03-13 00:13:55,1,338,300,49.7999285895269,3.62004186595759
"1169",2022-03-13 00:14:00,1,338,300,48.9203168731146,3.73791535339571
"1170",2022-03-13 00:14:05,1,338,300,48.7883703799547,4.09399932804843
"1171",2022-03-13 00:14:10,1,338,300,49.6799248235754,3.45047912596549
"1172",2022-03-13 00:14:15,1,338,300,49.0890825615757,4.20738334205521
"1173",2022-03-13 00:14:20,1,338,300,48.6335573447838,4.444236543841
"1174",2022-03-13 00:14:25,1,338,300,49.5056434752444,3.72740424092224
"1175",2022-03-13 00:14:30,1,338,300,49.2227719118675,4.39565510159681
"1176",2022-03-13 00:14:35,1,338,300,49.1472550440416,3.46552921564322
"1177",2022-03-13 00:14:40,1,338,300,49.0135492156033,3.63985359272133
"1178",2022-03-13 00:14:45,1,338,300,50.3827333935872,3.38852051449955
"1179",2022-03-13 00:14:50,1,338,300,47.817265252472,3.48324094663987
"1180",2022-03-13 00:14:55,1,338,300,48.1622754833392,3.78267281713081
"1181",2022-03-13 00:15:00,1,338,300,49.8238176874609,3.9301252960361
"1182",2022-03-13 00:15:05,1,338,300,50.6161326781542,4.47712919386247
"1183",2022-03-13 00:15:10,1,338,300,48.7947033237482,3.55833646258949
"1184",2022-03-13 00:15:15,1,338,300,48.8148605358369,4.04370293711181
"1185",2022-03-13 00:15:20,1,338,300,48.9236668497726,4.12922335163795
"1186",2022-03-13 00:15:25,1,338,300,49.1556992814826,4.06235876889802
"1187",2022-03-13 00:15:30,1,338,300,49.3594724882651,3.44401170893971
"1188",2022-03-13 00:15:35,1,338,300,48.4869839780012,4.66382884975098
"1189",2022-03-13 00:15:40,1,338,300,50.6434910592112,3.79919424478846
"1190",2022-03-13 00:15:45,1,338,300,48.3316613488108,3.76490507895823
"1191",2022-03-13 00:15:50,1,338,300,50.1059716394914,3.82416115863488
"1192",2022-03-13 00:15:55,1,338,300,49.0487735087534,3.50879515973749
"1193",2022-03-13 00:16:00,1,338,300,48.7726307902083,3.4706650486476
"1194",2022-03-13 00:16:05,1,338,300,51.0094552211613,4.23238634259908
"1195",2022-03-13 00:16:10,1,338,300,49.0386888732279,4.03697899687664
"1196",2022-03-13 00:16:15,1,338,300,48.4366038126906,4.18564159094295
"1197",2022-03-13 00:16:20,1,338,300,47.8693276528732,3.31688526165127
"1198",2022-03-13 00:16:25,1,338,300,49.4224461193458,3.97091922948098
"1199",2022-03-13 00:16:30,1,338,300,49.0671206956475,3.97809636656717
"1200",2022-03-13 00:16:35,1,338,300,49.0178545969887,4.4838972882946
"1201",2022-03-14 00:00:00,1,373,100,47.9284661842968,4.37092268173986
"1202",2022-03-14 00:00:05,1,373,100,48.6710344145511,4.61198148849719
"1203",2022-03-14 00:00:10,1,373,100,48.5180903401091,5.75239432384439
"1204",2022-03-14 00:00:15,1,373,100,48.4435231997225,5.10867376107178
"1205",2022-03-14 00:00:20,1,373,100,48.6017344393553,5.60090695704274
"1206",2022-03-14 00:00:25,1,373,100,47.9612420358688,5.72275735103145
"1207",2022-03-14 00:00:30,1,373,100,48.603804583563,5.23758300853909
"1208",2022-03-14 00:00:35,1,373,100,48.3105046813384,5.22423552893264
"1209",2022-03-14 00:00:40,1,373,100,49.599375335717,5.03437370656729
"1210",2022-03-14 00:00:45,1,373,100,48.9546320970096,5.3628140663188
"1211",2022-03-14 00:00:50,1,373,100,48.39530831729,5.65037487710194
"1212",2022-03-14 00:00:55,1,373,100,49.2296490636581,4.86755188040118
"1213",2022-03-14 00:01:00,1,373,100,48.368358644191,4.81498625140618
"1214",2022-03-14 00:01:05,1,373,100,48.8353852920839,5.56751035012875
"1215",2022-03-14 00:01:10,1,373,100,48.3862040057835,5.2135002058355
"1216",2022-03-14 00:01:15,1,373,100,49.0445977510212,5.21347659781167
"1217",2022-03-14 00:01:20,1,373,100,48.7049003442543,4.93542347379334
"1218",2022-03-14 00:01:25,1,373,100,48.9850651177966,4.96873115845618
"1219",2022-03-14 00:01:30,1,373,100,49.4056826589378,4.80752667908569
"1220",2022-03-14 00:01:35,1,373,100,49.1814220309652,4.91477030896115
"1221",2022-03-14 00:01:40,1,373,100,48.383688523505,4.34455725288386
"1222",2022-03-14 00:01:45,1,373,100,49.3579659564094,5.06214828016752
"1223",2022-03-14 00:01:50,1,373,100,49.1613461248606,4.78371954810228
"1224",2022-03-14 00:01:55,1,373,100,50.6522282205519,5.27517809401211
"1225",2022-03-14 00:02:00,1,373,100,47.5026733268422,5.3621064938428
"1226",2022-03-14 00:02:05,1,373,100,49.427057062474,4.75304566886151
"1227",2022-03-14 00:02:10,1,373,100,48.7128366655104,4.39488915955482
"1228",2022-03-14 00:02:15,1,373,100,48.1510114210273,5.30320650912761
"1229",2022-03-14 00:02:20,1,373,100,48.2167774890453,5.04504233884359
"1230",2022-03-14 00:02:25,1,373,100,49.5565336369783,5.44323734855168
"1231",2022-03-14 00:02:30,1,373,100,47.5765387718119,5.72212657353839
"1232",2022-03-14 00:02:35,1,373,100,49.5731968893628,5.86969270337118
"1233",2022-03-14 00:02:40,1,373,100,48.5422286058277,6.21469461252606
"1234",2022-03-14 00:02:45,1,373,100,50.4966239309144,4.5914557078943
"1235",2022-03-14 00:02:50,1,373,100,48.8177325946561,5.38644039333467
"1236",2022-03-14 00:02:55,1,373,100,49.0802697733885,5.23277638699886
"1237",2022-03-14 00:03:00,1,373,100,48.7581004519794,5.22385686867918
"1238",2022-03-14 00:03:05,1,373,100,49.7142259836045,5.28422683197851
"1239",2022-03-14 00:03:10,1,373,100,48.8359256200528,4.95921686777056
"1240",2022-03-14 00:03:15,1,373,100,48.9024654980096,5.72080882358688
"1241",2022-03-14 00:03:20,1,373,100,48.9321181754862,5.31613612736842
"1242",2022-03-14 00:03:25,1,373,100,49.8521072362534,4.7007799366989
"1243",2022-03-14 00:03:30,1,373,100,49.1690517733415,5.12186894678938
"1244",2022-03-14 00:03:35,1,373,100,49.9496811613516,5.67218271367241
"1245",2022-03-14 00:03:40,1,373,100,48.0544605384936,5.11684495837748
"1246",2022-03-14 00:03:45,1,373,100,48.802929031416,5.24480951673868
"1247",2022-03-14 00:03:50,1,373,100,48.245743899043,5.0642717573064
"1248",2022-03-14 00:03:55,1,373,100,47.4175091793357,5.10848260810437
"1249",2022-03-14 00:04:00,1,373,100,48.7838323523617,5.26656408523214
"1250",2022-03-14 00:04:05,1,373,100,48.2530462664988,4.98670638620625
"1251",2022-03-14 00:04:10,1,373,100,48.7680753713623,5.63473829923332
"1252",2022-03-14 00:04:15,1,373,100,48.5253247926139,5.21714364190233
"1253",2022-03-14 00:04:20,1,373,100,49.6030824016446,5.24055275023912
"1254",2022-03-14 00:04:25,1,373,100,48.0213896273595,4.76782408656767
"1255",2022-03-14 00:04:30,1,373,100,48.7725006526196,5.02048156628934
"1256",2022-03-14 00:04:35,1,373,100,49.2469820876774,5.13145882736625
"1257",2022-03-14 00:04:40,1,373,100,49.0418030505352,4.61673908331586
"1258",2022-03-14 00:04:45,1,373,100,49.599304646733,5.4444634087949
"1259",2022-03-14 00:04:50,1,373,100,48.7629863663607,5.39443086335787
"1260",2022-03-14 00:04:55,1,373,100,49.9148591651771,5.67743753763278
"1261",2022-03-14 00:05:00,1,373,100,48.0014717265959,5.26317738059988
"1262",2022-03-14 00:05:05,1,373,100,49.5635056834767,4.49322969254427
"1263",2022-03-14 00:05:10,1,373,100,48.0978991546612,5.61528672228954
"1264",2022-03-14 00:05:15,1,373,100,48.1183535287299,5.30426805079749
"1265",2022-03-14 00:05:20,1,373,100,49.1847542765297,5.3601182875986
"1266",2022-03-14 00:05:25,1,373,100,48.5610260849735,5.44990346113158
"1267",2022-03-14 00:05:30,1,373,100,48.6875293004754,5.12913103223541
"1268",2022-03-14 00:05:35,1,373,100,48.8296594956047,5.22036547201059
"1269",2022-03-14 00:05:40,1,373,100,48.8285007083422,5.32192373878452
"1270",2022-03-14 00:05:45,1,373,100,49.1938321496636,4.60836353882743
"1271",2022-03-14 00:05:50,1,373,100,49.0776304017012,5.63054533645488
"1272",2022-03-14 00:05:55,1,373,100,47.0411692357542,5.04947922611119
"1273",2022-03-14 00:06:00,1,373,100,48.3701256621845,4.58814135472359
"1274",2022-03-14 00:06:05,1,373,100,48.6770830851086,5.84125731715105
"1275",2022-03-14 00:06:10,1,373,100,47.9832627631862,4.9007637186421
"1276",2022-03-14 00:06:15,1,373,100,48.0977770591315,5.50058777848181
"1277",2022-03-14 00:06:20,1,373,100,47.9327295604611,5.80425018607897
"1278",2022-03-14 00:06:25,1,373,100,49.7940221194547,5.30851131220152
"1279",2022-03-14 00:06:30,1,373,100,48.4531435378879,5.38353928292582
"1280",2022-03-14 00:06:35,1,373,100,48.9234625520763,4.55275061405445
"1281",2022-03-14 00:06:40,1,373,100,48.6324469162104,5.31134288845223
"1282",2022-03-14 00:06:45,1,373,100,49.0227891442251,5.39214993599713
"1283",2022-03-14 00:06:50,1,373,100,49.8570103173144,4.95065368074049
"1284",2022-03-14 00:06:55,1,373,100,50.2743856327742,5.55754073060866
"1285",2022-03-14 00:07:00,1,373,100,49.1017621941135,5.59592183143888
"1286",2022-03-14 00:07:05,1,373,100,48.2984513662684,4.8121922399661
"1287",2022-03-14 00:07:10,1,373,100,48.5517972935531,4.34754746754439
"1288",2022-03-14 00:07:15,1,373,100,49.29501272798,5.09285929327978
"1289",2022-03-14 00:07:20,1,373,100,49.9640029467717,5.54286914131983
"1290",2022-03-14 00:07:25,1,373,100,49.3209220219379,4.83400799812583
"1291",2022-03-14 00:07:30,1,373,100,48.6111278480225,5.41258739343676
"1292",2022-03-14 00:07:35,1,373,100,48.8510428999751,5.37456224638467
"1293",2022-03-14 00:07:40,1,373,100,48.8321729045513,5.72158378264152
"1294",2022-03-14 00:07:45,1,373,100,48.1055061612736,5.2508308747209
"1295",2022-03-14 00:07:50,1,373,100,48.1541816717005,4.82113500916048
"1296",2022-03-14 00:07:55,1,373,100,48.7791242705547,5.83539298912884
"1297",2022-03-14 00:08:00,1,373,100,47.3390484961259,4.93989760772261
"1298",2022-03-14 00:08:05,1,373,100,48.8699461480535,4.6789047361754
"1299",2022-03-14 00:08:10,1,373,100,49.8182206908051,4.53596926217499
"1300",2022-03-14 00:08:15,1,373,100,48.616069829876,5.62387138357927
"1301",2022-03-14 00:08:20,1,373,100,49.6969310287813,5.45380693902082
"1302",2022-03-14 00:08:25,1,373,100,48.3847610757922,5.63249986501416
"1303",2022-03-14 00:08:30,1,373,100,47.8141760972386,5.43711915565091
"1304",2022-03-14 00:08:35,1,373,100,49.1537284547143,5.34497376921094
"1305",2022-03-14 00:08:40,1,373,100,49.3463141360036,5.27499228816083
"1306",2022-03-14 00:08:45,1,373,100,49.9388404078406,5.10490741253577
"1307",2022-03-14 00:08:50,1,373,100,49.5884771421153,5.16544829267462
"1308",2022-03-14 00:08:55,1,373,100,48.4325365992172,4.94625202320412
"1309",2022-03-14 00:09:00,1,373,100,49.2790299534378,4.72016838076133
"1310",2022-03-14 00:09:05,1,373,100,48.5452078535951,4.65531058431589
"1311",2022-03-14 00:09:10,1,373,100,50.0277410456577,4.93293994843527
"1312",2022-03-14 00:09:15,1,373,100,50.1081930645223,5.43634360602386
"1313",2022-03-14 00:09:20,1,373,100,49.6794358180385,5.63242054180283
"1314",2022-03-14 00:09:25,1,373,100,48.3568662202947,5.69038148362852
"1315",2022-03-14 00:09:30,1,373,100,49.8732213283191,4.81372258743112
"1316",2022-03-14 00:09:35,1,373,100,47.5826933826192,5.86104705710878
"1317",2022-03-14 00:09:40,1,373,100,47.7283088204384,5.12720705118568
"1318",2022-03-14 00:09:45,1,373,100,49.3042226694781,5.87235719235167
"1319",2022-03-14 00:09:50,1,373,100,49.0715296220856,4.83344339357208
"1320",2022-03-14 00:09:55,1,373,100,49.3880148958979,4.99445813450466
"1321",2022-03-14 00:10:00,1,373,100,48.6937790092868,4.52231958116569
"1322",2022-03-14 00:10:05,1,373,100,47.9703505582464,4.73923819725692
"1323",2022-03-14 00:10:10,1,373,100,50.2688928300054,5.3171368593986
"1324",2022-03-14 00:10:15,1,373,100,49.2416542600665,5.44733901399769
"1325",2022-03-14 00:10:20,1,373,100,48.9684461629182,4.68515963224037
"1326",2022-03-14 00:10:25,1,373,100,48.912710923111,4.52432248337929
"1327",2022-03-14 00:10:30,1,373,100,50.2309145765726,5.48139225553125
"1328",2022-03-14 00:10:35,1,373,100,48.34948918961,5.64815666009547
"1329",2022-03-14 00:10:40,1,373,100,49.5623253094183,4.42329862037193
"1330",2022-03-14 00:10:45,1,373,100,49.0234366423574,4.88715127089678
"1331",2022-03-14 00:10:50,1,373,100,49.6823789797723,4.82305002392301
"1332",2022-03-14 00:10:55,1,373,100,47.7801859768604,5.41395798124888
"1333",2022-03-14 00:11:00,1,373,100,49.6953576040016,5.41973275212611
"1334",2022-03-14 00:11:05,1,373,100,49.6989993045086,4.93226799391027
"1335",2022-03-14 00:11:10,1,373,100,48.1026668900052,4.76771114671597
"1336",2022-03-14 00:11:15,1,373,100,48.2327071023899,5.32472852378067
"1337",2022-03-14 00:11:20,1,373,100,48.57099905089,4.97693426815339
"1338",2022-03-14 00:11:25,1,373,100,49.6219145997472,5.75314706422906
"1339",2022-03-14 00:11:30,1,373,100,47.8587885630102,5.14353149201842
"1340",2022-03-14 00:11:35,1,373,100,49.6695239892957,5.10962158976195
"1341",2022-03-14 00:11:40,1,373,100,48.2805757450366,4.27557649797085
"1342",2022-03-14 00:11:45,1,373,100,48.9779661097728,5.15116070903722
"1343",2022-03-14 00:11:50,1,373,100,48.0038271292536,4.88757260939395
"1344",2022-03-14 00:11:55,1,373,100,49.2489071098491,5.09540804093312
"1345",2022-03-14 00:12:00,1,373,100,48.181496637838,6.20379343655979
"1346",2022-03-14 00:12:05,1,373,100,49.390699954604,5.96666724235561
"1347",2022-03-14 00:12:10,1,373,100,49.4367466154902,5.76424486491134
"1348",2022-03-14 00:12:15,1,373,100,49.1075532537652,5.38908099326453
"1349",2022-03-14 00:12:20,1,373,100,48.6445499074291,4.9214355819333
"1350",2022-03-14 00:12:25,1,373,100,48.5327487725196,5.65942423241604
"1351",2022-03-14 00:12:30,1,373,100,50.4973446825347,5.27920114778637
"1352",2022-03-14 00:12:35,1,373,100,50.709589623198,5.66137418949145
"1353",2022-03-14 00:12:40,1,373,100,47.9281664305378,5.20271484504766
"1354",2022-03-14 00:12:45,1,373,100,48.479394234502,5.01372754739226
"1355",2022-03-14 00:12:50,1,373,100,49.6555669354148,4.66057300361675
"1356",2022-03-14 00:12:55,1,373,100,49.8724906460929,5.08581745835615
"1357",2022-03-14 00:13:00,1,373,100,48.698476076975,5.05558275381646
"1358",2022-03-14 00:13:05,1,373,100,49.6551544954566,5.32026098785951
"1359",2022-03-14 00:13:10,1,373,100,49.9986044249814,5.11538266285051
"1360",2022-03-14 00:13:15,1,373,100,48.708352311809,4.86024508346018
"1361",2022-03-14 00:13:20,1,373,100,48.6786573190288,5.20683428447555
"1362",2022-03-14 00:13:25,1,373,100,49.6198003187564,5.99047810723895
"1363",2022-03-14 00:13:30,1,373,100,49.6179542166086,4.62589809109547
"1364",2022-03-14 00:13:35,1,373,100,48.7257276640758,4.4512993702875
"1365",2022-03-14 00:13:40,1,373,100,48.2413900330273,4.87356746406271
"1366",2022-03-14 00:13:45,1,373,100,48.5256729920339,5.0500837399098
"1367",2022-03-14 00:13:50,1,373,100,48.3806966207898,5.07492956223487
"1368",2022-03-14 00:13:55,1,373,100,48.4989650098004,5.73417257116487
"1369",2022-03-14 00:14:00,1,373,100,49.0784664032112,5.1444329463827
"1370",2022-03-14 00:14:05,1,373,100,50.4188031387481,5.76462653040537
"1371",2022-03-14 00:14:10,1,373,100,49.4873937301188,5.64690551761058
"1372",2022-03-14 00:14:15,1,373,100,49.9771306307216,4.46118238614196
"1373",2022-03-14 00:14:20,1,373,100,47.655793649573,5.10876267915715
"1374",2022-03-14 00:14:25,1,373,100,47.6950537819599,4.70332802061736
"1375",2022-03-14 00:14:30,1,373,100,48.4862709824602,5.66718949523641
"1376",2022-03-14 00:14:35,1,373,100,50.4906803453285,5.12129216024117
"1377",2022-03-14 00:14:40,1,373,100,46.9163532530239,4.88921102300416
"1378",2022-03-14 00:14:45,1,373,100,49.6885026144095,4.9205472642766
"1379",2022-03-14 00:14:50,1,373,100,48.4271636779823,5.10243336084407
"1380",2022-03-14 00:14:55,1,373,100,49.6319480248553,4.92511734946814
"1381",2022-03-14 00:15:00,1,373,100,48.6625215085729,4.31754959875995
"1382",2022-03-14 00:15:05,1,373,100,49.4775905406195,4.61111667201586
"1383",2022-03-14 00:15:10,1,373,100,48.812511124698,5.07747737527079
"1384",2022-03-14 00:15:15,1,373,100,48.7335394534344,4.0668861158948
"1385",2022-03-14 00:15:20,1,373,100,49.3631366901724,4.67020925099952
"1386",2022-03-14 00:15:25,1,373,100,47.238972178584,4.8321605099151
"1387",2022-03-14 00:15:30,1,373,100,49.4992623439864,5.08603594582959
"1388",2022-03-14 00:15:35,1,373,100,48.8006297110616,5.78675765366094
"1389",2022-03-14 00:15:40,1,373,100,48.8733393698792,4.55923784965408
"1390",2022-03-14 00:15:45,1,373,100,49.8669993606702,5.03045462339519
"1391",2022-03-14 00:15:50,1,373,100,47.1709542376411,4.73278083633371
"1392",2022-03-14 00:15:55,1,373,100,49.121813621522,4.95588327246252
"1393",2022-03-14 00:16:00,1,373,100,48.7784015905426,4.8711516415207
"1394",2022-03-14 00:16:05,1,373,100,48.6069667136667,5.28641051299703
"1395",2022-03-14 00:16:10,1,373,100,48.6901479368188,5.27668408475085
"1396",2022-03-14 00:16:15,1,373,100,49.3994512476471,5.65781422283667
"1397",2022-03-14 00:16:20,1,373,100,48.8817204180918,5.5929981085166
"1398",2022-03-14 00:16:25,1,373,100,48.6423941871891,5.1973171124272
"1399",2022-03-14 00:16:30,1,373,100,48.7820405293099,4.68159080981389
"1400",2022-03-14 00:16:35,1,373,100,49.9999625705956,4.9745817419955
"1401",2022-03-15 00:00:00,1,373,200,48.0822770388567,3.93221618423876
"1402",2022-03-15 00:00:05,1,373,200,48.9317393895966,3.92196978391925
"1403",2022-03-15 00:00:10,1,373,200,48.4063884222894,4.75032504626309
"1404",2022-03-15 00:00:15,1,373,200,48.9748746340603,4.19945819418283
"1405",2022-03-15 00:00:20,1,373,200,49.9818591910803,4.47253243501198
"1406",2022-03-15 00:00:25,1,373,200,48.9524623633655,4.44602340398664
"1407",2022-03-15 00:00:30,1,373,200,48.8697803919556,4.33382838126103
"1408",2022-03-15 00:00:35,1,373,200,47.9541476029787,3.68081602731124
"1409",2022-03-15 00:00:40,1,373,200,49.6281267649151,4.44952255708618
"1410",2022-03-15 00:00:45,1,373,200,48.3604040604574,5.23027045508997
"1411",2022-03-15 00:00:50,1,373,200,48.0002579674895,3.99792293254182
"1412",2022-03-15 00:00:55,1,373,200,48.3099319680927,4.25882032844733
"1413",2022-03-15 00:01:00,1,373,200,49.8200045685642,4.8891941343577
"1414",2022-03-15 00:01:05,1,373,200,49.2777390588508,3.92366859177231
"1415",2022-03-15 00:01:10,1,373,200,48.9449059919455,4.63620431472033
"1416",2022-03-15 00:01:15,1,373,200,49.4415301695015,4.93353711815302
"1417",2022-03-15 00:01:20,1,373,200,50.0938424671292,4.72112306872691
"1418",2022-03-15 00:01:25,1,373,200,49.6227112767596,4.02059393405888
"1419",2022-03-15 00:01:30,1,373,200,48.107318856808,4.53461688181698
"1420",2022-03-15 00:01:35,1,373,200,48.6495449690492,3.83301597270869
"1421",2022-03-15 00:01:40,1,373,200,49.230837731893,3.88387958253141
"1422",2022-03-15 00:01:45,1,373,200,49.5542891113663,4.65077410676778
"1423",2022-03-15 00:01:50,1,373,200,49.570268966604,4.46365034565292
"1424",2022-03-15 00:01:55,1,373,200,49.9113375808709,4.51626601641106
"1425",2022-03-15 00:02:00,1,373,200,49.1248905601373,4.71514217127068
"1426",2022-03-15 00:02:05,1,373,200,49.2471199841045,4.19954073412457
"1427",2022-03-15 00:02:10,1,373,200,49.2164065731284,4.85413745723724
"1428",2022-03-15 00:02:15,1,373,200,48.3720752825001,3.7092823255294
"1429",2022-03-15 00:02:20,1,373,200,47.8376038218505,4.27559726629038
"1430",2022-03-15 00:02:25,1,373,200,47.9277102252153,4.76450329765301
"1431",2022-03-15 00:02:30,1,373,200,48.2239569362746,5.06188736834966
"1432",2022-03-15 00:02:35,1,373,200,48.8655310884925,3.76743518975929
"1433",2022-03-15 00:02:40,1,373,200,48.0747643178491,4.59533341408747
"1434",2022-03-15 00:02:45,1,373,200,50.0272381981035,4.91855743240434
"1435",2022-03-15 00:02:50,1,373,200,48.6362411512109,4.95853426203738
"1436",2022-03-15 00:02:55,1,373,200,48.7255166338437,5.16382169585564
"1437",2022-03-15 00:03:00,1,373,200,49.1905119618631,4.88984943966425
"1438",2022-03-15 00:03:05,1,373,200,49.6840267583205,4.17861024362122
"1439",2022-03-15 00:03:10,1,373,200,48.4607078142473,3.94352437432789
"1440",2022-03-15 00:03:15,1,373,200,47.7896900622821,4.25596312907177
"1441",2022-03-15 00:03:20,1,373,200,49.5607098329798,4.36242285779615
"1442",2022-03-15 00:03:25,1,373,200,48.0091652579614,4.45247894617532
"1443",2022-03-15 00:03:30,1,373,200,48.7641753048964,3.77465207465959
"1444",2022-03-15 00:03:35,1,373,200,47.796522657468,4.32953701596174
"1445",2022-03-15 00:03:40,1,373,200,49.0820904783563,4.40861887856074
"1446",2022-03-15 00:03:45,1,373,200,49.4696214452485,4.25155143289029
"1447",2022-03-15 00:03:50,1,373,200,49.3524930484355,4.32676551321224
"1448",2022-03-15 00:03:55,1,373,200,49.2179861339516,4.48257416337096
"1449",2022-03-15 00:04:00,1,373,200,49.9621887733756,4.34014456656815
"1450",2022-03-15 00:04:05,1,373,200,49.1294421115702,4.10193070543522
"1451",2022-03-15 00:04:10,1,373,200,48.2442829452598,4.29115596611596
"1452",2022-03-15 00:04:15,1,373,200,48.7182846330687,4.37096358886552
"1453",2022-03-15 00:04:20,1,373,200,49.2566537278546,4.55984806683351
"1454",2022-03-15 00:04:25,1,373,200,48.9775603228929,4.41695507696703
"1455",2022-03-15 00:04:30,1,373,200,47.8548741263955,5.09620055876844
"1456",2022-03-15 00:04:35,1,373,200,48.573493584211,4.37507560661153
"1457",2022-03-15 00:04:40,1,373,200,48.7430513206546,4.46343585715134
"1458",2022-03-15 00:04:45,1,373,200,49.6188778132381,4.92167163206369
"1459",2022-03-15 00:04:50,1,373,200,48.578867924478,4.89580599944987
"1460",2022-03-15 00:04:55,1,373,200,48.1876896657239,4.43467092440244
"1461",2022-03-15 00:05:00,1,373,200,48.4898062643405,4.36161599048496
"1462",2022-03-15 00:05:05,1,373,200,48.931510447274,4.09268279697896
"1463",2022-03-15 00:05:10,1,373,200,48.3293810048978,4.06773826743997
"1464",2022-03-15 00:05:15,1,373,200,48.7324832732014,4.15695663198981
"1465",2022-03-15 00:05:20,1,373,200,51.10289234727,4.89601389535657
"1466",2022-03-15 00:05:25,1,373,200,49.3524487009549,5.3828439571585
"1467",2022-03-15 00:05:30,1,373,200,48.7719001389405,4.87037414284531
"1468",2022-03-15 00:05:35,1,373,200,49.9657088982632,3.86889584077321
"1469",2022-03-15 00:05:40,1,373,200,48.7562185021424,4.87810023449424
"1470",2022-03-15 00:05:45,1,373,200,49.0744691410593,4.53986524494061
"1471",2022-03-15 00:05:50,1,373,200,49.1465591679682,4.65079294114029
"1472",2022-03-15 00:05:55,1,373,200,48.7909027346488,4.2170810759757
"1473",2022-03-15 00:06:00,1,373,200,48.7006548061049,4.29742342210055
"1474",2022-03-15 00:06:05,1,373,200,48.6944127670719,4.03266728282734
"1475",2022-03-15 00:06:10,1,373,200,50.2967028410307,4.57028461459998
"1476",2022-03-15 00:06:15,1,373,200,49.2120105127449,4.47029769921779
"1477",2022-03-15 00:06:20,1,373,200,49.1248189903878,3.65292013055967
"1478",2022-03-15 00:06:25,1,373,200,48.594336639769,4.04163693216731
"1479",2022-03-15 00:06:30,1,373,200,48.1282994145363,4.20526812337379
"1480",2022-03-15 00:06:35,1,373,200,48.1338048018957,4.00478973754676
"1481",2022-03-15 00:06:40,1,373,200,48.1362808766943,4.85912200918082
"1482",2022-03-15 00:06:45,1,373,200,47.8826553980215,4.70477741450637
"1483",2022-03-15 00:06:50,1,373,200,48.9425031178679,4.18256656566497
"1484",2022-03-15 00:06:55,1,373,200,48.5032593903267,4.50786238805865
"1485",2022-03-15 00:07:00,1,373,200,48.5944811568963,4.18053975685848
"1486",2022-03-15 00:07:05,1,373,200,48.0595094748396,4.48128180668285
"1487",2022-03-15 00:07:10,1,373,200,47.0846760502119,4.20634126395153
"1488",2022-03-15 00:07:15,1,373,200,48.8932728544057,4.60156286354083
"1489",2022-03-15 00:07:20,1,373,200,50.6866962764659,4.59880317436548
"1490",2022-03-15 00:07:25,1,373,200,49.1699957906667,3.97188939414934
"1491",2022-03-15 00:07:30,1,373,200,49.224156838065,4.58310031665961
"1492",2022-03-15 00:07:35,1,373,200,49.1678265038827,4.5922524803808
"1493",2022-03-15 00:07:40,1,373,200,49.2100609555511,4.61796996687241
"1494",2022-03-15 00:07:45,1,373,200,49.4878901967055,4.12191952081497
"1495",2022-03-15 00:07:50,1,373,200,48.3268476093293,4.71476964944346
"1496",2022-03-15 00:07:55,1,373,200,49.022651742347,5.26062991204653
"1497",2022-03-15 00:08:00,1,373,200,49.1770247626584,4.50835928557444
"1498",2022-03-15 00:08:05,1,373,200,49.6743735653008,4.41214664489724
"1499",2022-03-15 00:08:10,1,373,200,49.091114458569,4.66993031224181
"1500",2022-03-15 00:08:15,1,373,200,49.1904173759571,5.31808681807523
"1501",2022-03-15 00:08:20,1,373,200,50.175725335412,5.11660882819611
"1502",2022-03-15 00:08:25,1,373,200,49.2033716245914,5.27843273457822
"1503",2022-03-15 00:08:30,1,373,200,49.137252181933,3.99007059268302
"1504",2022-03-15 00:08:35,1,373,200,50.4097048718259,4.6892143492499
"1505",2022-03-15 00:08:40,1,373,200,49.6916380315959,4.87748529337697
"1506",2022-03-15 00:08:45,1,373,200,48.1476100995579,4.36944838252167
"1507",2022-03-15 00:08:50,1,373,200,50.4483052286128,4.33224599919375
"1508",2022-03-15 00:08:55,1,373,200,49.4099635733704,4.78406875176481
"1509",2022-03-15 00:09:00,1,373,200,48.391779444999,4.41684985945001
"1510",2022-03-15 00:09:05,1,373,200,49.8363324918113,3.84009844142665
"1511",2022-03-15 00:09:10,1,373,200,48.9119208674385,4.34497266447876
"1512",2022-03-15 00:09:15,1,373,200,47.6873051361733,4.81827780766372
"1513",2022-03-15 00:09:20,1,373,200,48.4394442336023,4.58520240180655
"1514",2022-03-15 00:09:25,1,373,200,50.0275035177332,5.43871396345145
"1515",2022-03-15 00:09:30,1,373,200,50.0988432598065,4.41324516215838
"1516",2022-03-15 00:09:35,1,373,200,50.8992288307435,5.11328832834683
"1517",2022-03-15 00:09:40,1,373,200,49.1976242464835,4.43620803958993
"1518",2022-03-15 00:09:45,1,373,200,48.8815383371637,4.46424652354162
"1519",2022-03-15 00:09:50,1,373,200,48.6006454268614,4.25434485019888
"1520",2022-03-15 00:09:55,1,373,200,50.0082940408957,3.96709169944865
"1521",2022-03-15 00:10:00,1,373,200,49.1503614242782,4.4015451330147
"1522",2022-03-15 00:10:05,1,373,200,49.1848534435458,4.27476287759825
"1523",2022-03-15 00:10:10,1,373,200,48.5576741264582,4.67017516383408
"1524",2022-03-15 00:10:15,1,373,200,49.5279107113562,4.15928222004015
"1525",2022-03-15 00:10:20,1,373,200,49.1032400000292,3.69463694414062
"1526",2022-03-15 00:10:25,1,373,200,49.2255532874684,5.05808836347124
"1527",2022-03-15 00:10:30,1,373,200,49.3186714926486,4.368837629388
"1528",2022-03-15 00:10:35,1,373,200,49.4254944272788,4.53688069606705
"1529",2022-03-15 00:10:40,1,373,200,47.6106797010978,4.20899626703988
"1530",2022-03-15 00:10:45,1,373,200,47.6440612457926,4.80157149755344
"1531",2022-03-15 00:10:50,1,373,200,49.0821322484135,4.99459789579058
"1532",2022-03-15 00:10:55,1,373,200,49.5814494565918,4.14565337894837
"1533",2022-03-15 00:11:00,1,373,200,48.5638070648743,3.63119320101106
"1534",2022-03-15 00:11:05,1,373,200,48.9870413837786,3.89634580954107
"1535",2022-03-15 00:11:10,1,373,200,48.9920928633906,3.52426427636978
"1536",2022-03-15 00:11:15,1,373,200,49.9521795922123,5.09690019911787
"1537",2022-03-15 00:11:20,1,373,200,48.5567455302748,4.21976644597223
"1538",2022-03-15 00:11:25,1,373,200,48.6562428274989,4.45594313344628
"1539",2022-03-15 00:11:30,1,373,200,48.9462626498782,4.91046001445455
"1540",2022-03-15 00:11:35,1,373,200,49.509947149105,4.47488388554197
"1541",2022-03-15 00:11:40,1,373,200,49.1152538692417,4.29869326250037
"1542",2022-03-15 00:11:45,1,373,200,48.67767076368,4.54584130978234
"1543",2022-03-15 00:11:50,1,373,200,48.7989202064758,4.63336852541451
"1544",2022-03-15 00:11:55,1,373,200,48.0653282874901,3.51440176464297
"1545",2022-03-15 00:12:00,1,373,200,50.5064971204939,4.64847031730118
"1546",2022-03-15 00:12:05,1,373,200,49.7879905838678,4.0835006939871
"1547",2022-03-15 00:12:10,1,373,200,48.4484224102597,4.18784358894795
"1548",2022-03-15 00:12:15,1,373,200,48.7543930754023,4.34876298307035
"1549",2022-03-15 00:12:20,1,373,200,49.2794949992126,4.60140870530978
"1550",2022-03-15 00:12:25,1,373,200,49.432357199495,4.1237245177148
"1551",2022-03-15 00:12:30,1,373,200,49.4848170199397,4.32127096555779
"1552",2022-03-15 00:12:35,1,373,200,47.6713574014257,4.71068436242577
"1553",2022-03-15 00:12:40,1,373,200,49.1072374593589,4.44433357184003
"1554",2022-03-15 00:12:45,1,373,200,47.7649784537961,4.92041119477375
"1555",2022-03-15 00:12:50,1,373,200,50.7550002115689,3.98512355130023
"1556",2022-03-15 00:12:55,1,373,200,47.912822010214,4.4807332411153
"1557",2022-03-15 00:13:00,1,373,200,47.6831102163861,3.94499651812071
"1558",2022-03-15 00:13:05,1,373,200,50.0810713258747,4.41604130771103
"1559",2022-03-15 00:13:10,1,373,200,47.6154593488034,4.71416221487766
"1560",2022-03-15 00:13:15,1,373,200,48.5104913744381,4.18980246741614
"1561",2022-03-15 00:13:20,1,373,200,49.4514543921244,5.32369039866321
"1562",2022-03-15 00:13:25,1,373,200,47.4707316728876,5.04696713462022
"1563",2022-03-15 00:13:30,1,373,200,50.218646072995,4.9761768871776
"1564",2022-03-15 00:13:35,1,373,200,48.8990529274425,3.78955141789917
"1565",2022-03-15 00:13:40,1,373,200,47.9073390851627,4.78564228556184
"1566",2022-03-15 00:13:45,1,373,200,50.1146447494513,5.1338459106787
"1567",2022-03-15 00:13:50,1,373,200,49.7855182767299,4.43513940951925
"1568",2022-03-15 00:13:55,1,373,200,49.4432757841409,5.45940929366884
"1569",2022-03-15 00:14:00,1,373,200,47.9972360063656,5.29154935744389
"1570",2022-03-15 00:14:05,1,373,200,49.5219653986616,4.84484606171768
"1571",2022-03-15 00:14:10,1,373,200,47.6773741394792,4.19407316140768
"1572",2022-03-15 00:14:15,1,373,200,48.2039566786595,4.80811259240184
"1573",2022-03-15 00:14:20,1,373,200,49.0070458566562,4.14656980879774
"1574",2022-03-15 00:14:25,1,373,200,48.5868811125582,4.38824543003104
"1575",2022-03-15 00:14:30,1,373,200,49.6277388163803,4.70847981575951
"1576",2022-03-15 00:14:35,1,373,200,48.4323910339874,4.40334892271232
"1577",2022-03-15 00:14:40,1,373,200,49.0569878818861,4.60838036995529
"1578",2022-03-15 00:14:45,1,373,200,49.6876555920897,4.56371040277698
"1579",2022-03-15 00:14:50,1,373,200,49.8725201019399,4.78987322242296
"1580",2022-03-15 00:14:55,1,373,200,48.0778983082811,4.52755300958555
"1581",2022-03-15 00:15:00,1,373,200,49.1960696571891,4.6103981558109
"1582",2022-03-15 00:15:05,1,373,200,48.4854444581967,4.31833968560721
"1583",2022-03-15 00:15:10,1,373,200,49.0843484023449,4.3192651165849
"1584",2022-03-15 00:15:15,1,373,200,48.7156488047906,4.30006383189378
"1585",2022-03-15 00:15:20,1,373,200,48.6169097616301,4.5067833625536
"1586",2022-03-15 00:15:25,1,373,200,48.9081146368335,4.65128285422747
"1587",2022-03-15 00:15:30,1,373,200,48.7410342128447,5.19809871230077
"1588",2022-03-15 00:15:35,1,373,200,49.8880018929287,4.46042620737481
"1589",2022-03-15 00:15:40,1,373,200,49.3047151750871,4.21516137419372
"1590",2022-03-15 00:15:45,1,373,200,49.9896699917052,4.11055766312526
"1591",2022-03-15 00:15:50,1,373,200,48.8279311407587,4.14051024477682
"1592",2022-03-15 00:15:55,1,373,200,47.9345877413226,4.76607332565244
"1593",2022-03-15 00:16:00,1,373,200,49.9304145359384,4.33407284048229
"1594",2022-03-15 00:16:05,1,373,200,48.4079479550343,4.77706578230726
"1595",2022-03-15 00:16:10,1,373,200,49.9632763906728,4.97671259970597
"1596",2022-03-15 00:16:15,1,373,200,48.2070564509954,4.62528701539696
"1597",2022-03-15 00:16:20,1,373,200,48.6897901128696,4.49428660296332
"1598",2022-03-15 00:16:25,1,373,200,49.0307665550703,4.63065719305583
"1599",2022-03-15 00:16:30,1,373,200,49.5723211778805,3.40023740170962
"1600",2022-03-15 00:16:35,1,373,200,48.0085412831843,4.73132437498419
"1601",2022-03-16 00:00:00,1,373,300,48.7685058110125,3.74167104091971
"1602",2022-03-16 00:00:05,1,373,300,48.9558152529838,3.81830197871446
"1603",2022-03-16 00:00:10,1,373,300,49.3288206954268,3.6403676311984
"1604",2022-03-16 00:00:15,1,373,300,48.6719428080463,4.12579758381497
"1605",2022-03-16 00:00:20,1,373,300,48.5254308344207,4.38361934832969
"1606",2022-03-16 00:00:25,1,373,300,48.7046182708335,4.19771944401417
"1607",2022-03-16 00:00:30,1,373,300,47.394236107517,3.98741287842903
"1608",2022-03-16 00:00:35,1,373,300,48.6478793635734,3.54967456727842
"1609",2022-03-16 00:00:40,1,373,300,51.1237739838104,4.24621663252025
"1610",2022-03-16 00:00:45,1,373,300,48.9323534475478,3.93854604167867
"1611",2022-03-16 00:00:50,1,373,300,49.2201702689747,3.16019538817998
"1612",2022-03-16 00:00:55,1,373,300,48.9258277272981,3.69935330363478
"1613",2022-03-16 00:01:00,1,373,300,49.9478816983228,4.33306290364782
"1614",2022-03-16 00:01:05,1,373,300,50.4115635199237,4.35633118025009
"1615",2022-03-16 00:01:10,1,373,300,48.5064058505544,3.90845557490589
"1616",2022-03-16 00:01:15,1,373,300,46.9156781264533,3.80253562309994
"1617",2022-03-16 00:01:20,1,373,300,48.9102248666962,4.04819968861994
"1618",2022-03-16 00:01:25,1,373,300,50.1835066785571,3.20179598210843
"1619",2022-03-16 00:01:30,1,373,300,47.4253016746626,4.23173553748561
"1620",2022-03-16 00:01:35,1,373,300,47.4770840490954,4.09248459570166
"1621",2022-03-16 00:01:40,1,373,300,48.1469063765703,3.10995273828318
"1622",2022-03-16 00:01:45,1,373,300,48.249301701774,3.22879133250726
"1623",2022-03-16 00:01:50,1,373,300,48.4896175052105,3.69085239201707
"1624",2022-03-16 00:01:55,1,373,300,49.1585071430113,3.81385190295055
"1625",2022-03-16 00:02:00,1,373,300,49.227605192322,3.49980537577706
"1626",2022-03-16 00:02:05,1,373,300,48.8193471681879,3.73158770500774
"1627",2022-03-16 00:02:10,1,373,300,49.770833946703,4.06604485811022
"1628",2022-03-16 00:02:15,1,373,300,48.9023534948956,3.48045514548085
"1629",2022-03-16 00:02:20,1,373,300,49.130934003102,4.45619989260671
"1630",2022-03-16 00:02:25,1,373,300,49.4906696302979,4.05283088859137
"1631",2022-03-16 00:02:30,1,373,300,48.9752673736345,3.7738589475619
"1632",2022-03-16 00:02:35,1,373,300,48.0232042388521,3.83849326518359
"1633",2022-03-16 00:02:40,1,373,300,49.7025155866636,4.34091307925306
"1634",2022-03-16 00:02:45,1,373,300,49.5646106813503,4.02223209336864
"1635",2022-03-16 00:02:50,1,373,300,50.0280519878094,3.69755454394591
"1636",2022-03-16 00:02:55,1,373,300,48.9137685125484,4.10091160156079
"1637",2022-03-16 00:03:00,1,373,300,49.7978772469385,3.3800049622819
"1638",2022-03-16 00:03:05,1,373,300,48.3936137157905,3.53280288550839
"1639",2022-03-16 00:03:10,1,373,300,50.0189872997836,4.41577480514241
"1640",2022-03-16 00:03:15,1,373,300,49.9638734171638,3.4143439925343
"1641",2022-03-16 00:03:20,1,373,300,48.4476278997638,4.91079825235104
"1642",2022-03-16 00:03:25,1,373,300,49.1351771439254,3.93727175926173
"1643",2022-03-16 00:03:30,1,373,300,49.3952112932961,4.16944677390314
"1644",2022-03-16 00:03:35,1,373,300,48.1325272113127,4.70310512893744
"1645",2022-03-16 00:03:40,1,373,300,49.5686533405884,4.44305248488277
"1646",2022-03-16 00:03:45,1,373,300,50.4644990426365,3.99481846918898
"1647",2022-03-16 00:03:50,1,373,300,49.4839978963676,4.11278499977698
"1648",2022-03-16 00:03:55,1,373,300,48.9982157506188,3.52791002967085
"1649",2022-03-16 00:04:00,1,373,300,49.4115136110793,3.86678323520867
"1650",2022-03-16 00:04:05,1,373,300,49.4946259699338,4.01399387998841
"1651",2022-03-16 00:04:10,1,373,300,49.3675914686616,3.84512404307553
"1652",2022-03-16 00:04:15,1,373,300,48.8134197683376,4.02238040681277
"1653",2022-03-16 00:04:20,1,373,300,49.8896481409059,3.82130081973099
"1654",2022-03-16 00:04:25,1,373,300,48.2219245416139,3.99010677199695
"1655",2022-03-16 00:04:30,1,373,300,47.3876750510175,3.81143166832839
"1656",2022-03-16 00:04:35,1,373,300,49.1506905038684,3.66938638820275
"1657",2022-03-16 00:04:40,1,373,300,48.4296638374369,3.25029141006588
"1658",2022-03-16 00:04:45,1,373,300,48.5749901330131,3.55592063086449
"1659",2022-03-16 00:04:50,1,373,300,48.3034797005151,3.36108972114995
"1660",2022-03-16 00:04:55,1,373,300,49.2415802762061,4.31058408820587
"1661",2022-03-16 00:05:00,1,373,300,50.0524355432011,3.94892269431768
"1662",2022-03-16 00:05:05,1,373,300,47.6851062411023,4.38469598116878
"1663",2022-03-16 00:05:10,1,373,300,48.9974243115464,3.7163673369483
"1664",2022-03-16 00:05:15,1,373,300,48.3892983846398,3.92810868773211
"1665",2022-03-16 00:05:20,1,373,300,49.856216402086,4.08781100105482
"1666",2022-03-16 00:05:25,1,373,300,48.6705203176154,3.86310080446554
"1667",2022-03-16 00:05:30,1,373,300,48.6749456862289,4.07306905041764
"1668",2022-03-16 00:05:35,1,373,300,48.3054620092785,3.80418421840751
"1669",2022-03-16 00:05:40,1,373,300,49.6738617491022,3.81548210561621
"1670",2022-03-16 00:05:45,1,373,300,48.2243896850567,3.73356459775867
"1671",2022-03-16 00:05:50,1,373,300,48.8667097506198,3.78300034684692
"1672",2022-03-16 00:05:55,1,373,300,49.6914145358921,4.64173252380034
"1673",2022-03-16 00:06:00,1,373,300,48.3561753560966,3.52835696307616
"1674",2022-03-16 00:06:05,1,373,300,48.506148222888,4.74785503913156
"1675",2022-03-16 00:06:10,1,373,300,48.1018163209819,2.82957561179066
"1676",2022-03-16 00:06:15,1,373,300,49.9131839089979,3.98874642289416
"1677",2022-03-16 00:06:20,1,373,300,48.0512991535824,3.81862512736371
"1678",2022-03-16 00:06:25,1,373,300,47.4727859470904,3.59984973975292
"1679",2022-03-16 00:06:30,1,373,300,49.3928131761589,2.95679454175028
"1680",2022-03-16 00:06:35,1,373,300,49.4050654185211,4.13917186039822
"1681",2022-03-16 00:06:40,1,373,300,47.4580045194905,4.19173881612223
"1682",2022-03-16 00:06:45,1,373,300,49.5299922185383,3.58931312009392
"1683",2022-03-16 00:06:50,1,373,300,48.7099842105576,3.93128532919596
"1684",2022-03-16 00:06:55,1,373,300,48.153742296431,4.31751927536676
"1685",2022-03-16 00:07:00,1,373,300,49.2931902200991,3.98048290232598
"1686",2022-03-16 00:07:05,1,373,300,49.8703057285557,3.72567642071901
"1687",2022-03-16 00:07:10,1,373,300,48.876219080218,3.48917307397685
"1688",2022-03-16 00:07:15,1,373,300,48.580844141955,3.99876854599058
"1689",2022-03-16 00:07:20,1,373,300,50.2188272427736,3.66964935768187
"1690",2022-03-16 00:07:25,1,373,300,49.0135356005069,4.26878837040617
"1691",2022-03-16 00:07:30,1,373,300,49.8157174045949,4.22156178946165
"1692",2022-03-16 00:07:35,1,373,300,49.6312771043579,3.46316337567813
"1693",2022-03-16 00:07:40,1,373,300,49.5917974166204,4.78193678063546
"1694",2022-03-16 00:07:45,1,373,300,49.1186558579356,3.81297822437
"1695",2022-03-16 00:07:50,1,373,300,48.9700410803577,3.85038001664166
"1696",2022-03-16 00:07:55,1,373,300,48.0468788109496,3.43505258841437
"1697",2022-03-16 00:08:00,1,373,300,48.7502860016104,3.95858191631429
"1698",2022-03-16 00:08:05,1,373,300,47.5637942477983,3.85590591230177
"1699",2022-03-16 00:08:10,1,373,300,48.5166451378793,3.80082736923672
"1700",2022-03-16 00:08:15,1,373,300,48.4618487198592,3.92801050476143
"1701",2022-03-16 00:08:20,1,373,300,49.710413285026,3.84150922083608
"1702",2022-03-16 00:08:25,1,373,300,48.6047925862814,4.2118411390019
"1703",2022-03-16 00:08:30,1,373,300,49.4149717978552,3.39325963405389
"1704",2022-03-16 00:08:35,1,373,300,48.9320665566422,3.74371550803692
"1705",2022-03-16 00:08:40,1,373,300,48.2305281814262,3.42124998444222
"1706",2022-03-16 00:08:45,1,373,300,47.7440946292899,3.77525174156209
"1707",2022-03-16 00:08:50,1,373,300,48.3829295978671,4.23094158663
"1708",2022-03-16 00:08:55,1,373,300,50.9159120482125,3.75422045997046
"1709",2022-03-16 00:09:00,1,373,300,48.9424526898804,3.59653385561616
"1710",2022-03-16 00:09:05,1,373,300,48.0636447689903,3.0687867642305
"1711",2022-03-16 00:09:10,1,373,300,49.5865494053716,3.32732430965246
"1712",2022-03-16 00:09:15,1,373,300,47.5119208020695,3.69658926005096
"1713",2022-03-16 00:09:20,1,373,300,48.168364700348,3.76690784908846
"1714",2022-03-16 00:09:25,1,373,300,48.4045988742259,3.9226927985962
"1715",2022-03-16 00:09:30,1,373,300,48.7026155477311,3.5793166098705
"1716",2022-03-16 00:09:35,1,373,300,50.3364303190485,3.48372238631928
"1717",2022-03-16 00:09:40,1,373,300,50.240917009891,3.96510613522168
"1718",2022-03-16 00:09:45,1,373,300,50.1082993145888,4.02854304937932
"1719",2022-03-16 00:09:50,1,373,300,47.7334500539672,3.64128101997995
"1720",2022-03-16 00:09:55,1,373,300,48.9303504212231,3.77912499254907
"1721",2022-03-16 00:10:00,1,373,300,49.5462487818713,4.39064362177897
"1722",2022-03-16 00:10:05,1,373,300,47.8269359384557,4.40930113487745
"1723",2022-03-16 00:10:10,1,373,300,48.3309960562682,3.99624821402134
"1724",2022-03-16 00:10:15,1,373,300,48.6261524749886,4.08115632343791
"1725",2022-03-16 00:10:20,1,373,300,49.987516789397,3.08874249680162
"1726",2022-03-16 00:10:25,1,373,300,50.4898995720578,4.21421340418364
"1727",2022-03-16 00:10:30,1,373,300,48.7145956146441,4.22675121859794
"1728",2022-03-16 00:10:35,1,373,300,47.9714465090743,3.81775257243701
"1729",2022-03-16 00:10:40,1,373,300,48.1557723577209,3.82275984399943
"1730",2022-03-16 00:10:45,1,373,300,48.2034635802534,3.88844970357951
"1731",2022-03-16 00:10:50,1,373,300,48.7273510697189,4.43164191695731
"1732",2022-03-16 00:10:55,1,373,300,48.4461052020459,4.20657629743192
"1733",2022-03-16 00:11:00,1,373,300,48.2807972838967,4.55994392801227
"1734",2022-03-16 00:11:05,1,373,300,48.5449993843507,3.62154646635188
"1735",2022-03-16 00:11:10,1,373,300,49.5305913169883,3.04359598245982
"1736",2022-03-16 00:11:15,1,373,300,48.5153469535115,3.89373544155398
"1737",2022-03-16 00:11:20,1,373,300,47.7104784599007,3.84121943603653
"1738",2022-03-16 00:11:25,1,373,300,50.4144155440308,3.84434721916788
"1739",2022-03-16 00:11:30,1,373,300,48.3642430482491,3.80451931981217
"1740",2022-03-16 00:11:35,1,373,300,49.7568653747629,3.79718839422917
"1741",2022-03-16 00:11:40,1,373,300,48.1210299185275,4.05029167922291
"1742",2022-03-16 00:11:45,1,373,300,49.6726174591256,3.77473191234054
"1743",2022-03-16 00:11:50,1,373,300,48.8826191944111,4.13523389124261
"1744",2022-03-16 00:11:55,1,373,300,49.3888644201655,4.35448152310518
"1745",2022-03-16 00:12:00,1,373,300,48.036076304619,3.75497076586289
"1746",2022-03-16 00:12:05,1,373,300,49.8474187646276,3.84821422926651
"1747",2022-03-16 00:12:10,1,373,300,48.2437630367053,4.1279537209345
"1748",2022-03-16 00:12:15,1,373,300,49.5170654520165,4.32561531749719
"1749",2022-03-16 00:12:20,1,373,300,48.5474037859417,4.05698279480489
"1750",2022-03-16 00:12:25,1,373,300,48.7887719148603,3.89481772416512
"1751",2022-03-16 00:12:30,1,373,300,49.4586101115056,4.19687196281069
"1752",2022-03-16 00:12:35,1,373,300,49.5548344407603,3.77398593521538
"1753",2022-03-16 00:12:40,1,373,300,49.0154890950757,3.08431278865689
"1754",2022-03-16 00:12:45,1,373,300,47.8726044518678,3.85539584181262
"1755",2022-03-16 00:12:50,1,373,300,48.7966007145893,3.4913118784746
"1756",2022-03-16 00:12:55,1,373,300,49.3470194321678,4.28241967556452
"1757",2022-03-16 00:13:00,1,373,300,49.3650361820097,3.81881037065146
"1758",2022-03-16 00:13:05,1,373,300,49.6394938580238,4.31709882152041
"1759",2022-03-16 00:13:10,1,373,300,47.3179139696996,4.16947601986644
"1760",2022-03-16 00:13:15,1,373,300,49.3996327337741,4.3815789142651
"1761",2022-03-16 00:13:20,1,373,300,49.1637299042274,4.40353716821327
"1762",2022-03-16 00:13:25,1,373,300,48.111193528241,3.810842829316
"1763",2022-03-16 00:13:30,1,373,300,47.8446759321588,3.81727273296857
"1764",2022-03-16 00:13:35,1,373,300,47.8620864206997,4.04418645394492
"1765",2022-03-16 00:13:40,1,373,300,49.3966341207515,3.57872985121729
"1766",2022-03-16 00:13:45,1,373,300,49.2579327162242,3.9631107180624
"1767",2022-03-16 00:13:50,1,373,300,49.2723399340691,4.25400505615199
"1768",2022-03-16 00:13:55,1,373,300,48.34215354477,3.51268656191234
"1769",2022-03-16 00:14:00,1,373,300,48.5381695965844,4.27652362208845
"1770",2022-03-16 00:14:05,1,373,300,50.3531491611898,3.56938002994466
"1771",2022-03-16 00:14:10,1,373,300,49.1115140741463,3.25814799518184
"1772",2022-03-16 00:14:15,1,373,300,50.9841553907445,4.6400193213131
"1773",2022-03-16 00:14:20,1,373,300,51.0094843121625,3.75069756352633
"1774",2022-03-16 00:14:25,1,373,300,48.8112238841185,3.30899331273147
"1775",2022-03-16 00:14:30,1,373,300,48.9723682872172,3.77158812007231
"1776",2022-03-16 00:14:35,1,373,300,49.7659805006517,3.61401050571443
"1777",2022-03-16 00:14:40,1,373,300,48.5804496052203,3.93891561226154
"1778",2022-03-16 00:14:45,1,373,300,48.5122687518148,4.10928420423455
"1779",2022-03-16 00:14:50,1,373,300,49.7213327394896,3.56507557776366
"1780",2022-03-16 00:14:55,1,373,300,48.9717364731699,3.66387611399944
"1781",2022-03-16 00:15:00,1,373,300,49.4017876174099,3.29697436687932
"1782",2022-03-16 00:15:05,1,373,300,48.6198165294863,4.36896166815259
"1783",2022-03-16 00:15:10,1,373,300,49.968865159125,3.79797903238778
"1784",2022-03-16 00:15:15,1,373,300,48.0856264551086,4.65573300387741
"1785",2022-03-16 00:15:20,1,373,300,49.7481830679003,3.17255751783316
"1786",2022-03-16 00:15:25,1,373,300,49.5714289276272,3.64495634705489
"1787",2022-03-16 00:15:30,1,373,300,47.9707889126466,3.90398918262178
"1788",2022-03-16 00:15:35,1,373,300,50.0131584253375,4.32292709058513
"1789",2022-03-16 00:15:40,1,373,300,48.6382056760179,4.13797091801559
"1790",2022-03-16 00:15:45,1,373,300,48.9359006606533,3.40958005225399
"1791",2022-03-16 00:15:50,1,373,300,46.6869812080346,4.06042097389229
"1792",2022-03-16 00:15:55,1,373,300,48.9834856423562,3.60571609480022
"1793",2022-03-16 00:16:00,1,373,300,49.4065669193554,3.30504009766978
"1794",2022-03-16 00:16:05,1,373,300,47.8507678881516,3.89015217165466
"1795",2022-03-16 00:16:10,1,373,300,50.1565422745512,3.46620642558622
"1796",2022-03-16 00:16:15,1,373,300,48.0726950648568,3.30763786347059
"1797",2022-03-16 00:16:20,1,373,300,49.4730359765836,4.00669131697129
"1798",2022-03-16 00:16:25,1,373,300,48.9345691917748,2.45407479670153
"1799",2022-03-16 00:16:30,1,373,300,48.30028631473,4.57037843821623
"1800",2022-03-16 00:16:35,1,373,300,48.394193339629,3.37434132024783
"1801",2022-03-17 00:00:00,2,303,100,49.2627093450773,6.3031906895123
"1802",2022-03-17 00:00:05,2,303,100,49.433261724892,6.28338815950919
"1803",2022-03-17 00:00:10,2,303,100,49.3617872019075,6.01266122732972
"1804",2022-03-17 00:00:15,2,303,100,49.1179551509298,6.15924939047104
"1805",2022-03-17 00:00:20,2,303,100,49.6096242598272,6.31005271768255
"1806",2022-03-17 00:00:25,2,303,100,49.4707068347125,6.24391331784534
"1807",2022-03-17 00:00:30,2,303,100,51.4420925458898,6.49738067482701
"1808",2022-03-17 00:00:35,2,303,100,50.3137290873909,5.93878040518946
"1809",2022-03-17 00:00:40,2,303,100,49.2491592513922,6.29827841702176
"1810",2022-03-17 00:00:45,2,303,100,49.645308770141,6.73671318220522
"1811",2022-03-17 00:00:50,2,303,100,50.0687766068264,5.45177135779101
"1812",2022-03-17 00:00:55,2,303,100,50.1261648123286,6.63976240591007
"1813",2022-03-17 00:01:00,2,303,100,50.0748793425295,5.80140712735829
"1814",2022-03-17 00:01:05,2,303,100,50.8359083670803,6.64249351353753
"1815",2022-03-17 00:01:10,2,303,100,50.0694498837149,6.00043892369201
"1816",2022-03-17 00:01:15,2,303,100,50.45972186069,6.43327652044895
"1817",2022-03-17 00:01:20,2,303,100,49.095098932957,6.1338201225971
"1818",2022-03-17 00:01:25,2,303,100,50.459638603745,6.31640477236346
"1819",2022-03-17 00:01:30,2,303,100,49.2166365138401,6.47542579597223
"1820",2022-03-17 00:01:35,2,303,100,49.6956164147273,6.93708219251175
"1821",2022-03-17 00:01:40,2,303,100,49.7801696147391,6.38104469304514
"1822",2022-03-17 00:01:45,2,303,100,50.5513770599543,6.8717233938288
"1823",2022-03-17 00:01:50,2,303,100,48.790167989861,6.68662085295597
"1824",2022-03-17 00:01:55,2,303,100,49.824561692436,6.06272842995549
"1825",2022-03-17 00:02:00,2,303,100,50.4265785095857,6.03500319996582
"1826",2022-03-17 00:02:05,2,303,100,49.8230621156376,5.67297467275572
"1827",2022-03-17 00:02:10,2,303,100,48.5809577602911,6.32752818610936
"1828",2022-03-17 00:02:15,2,303,100,49.7482991222578,6.04352031147228
"1829",2022-03-17 00:02:20,2,303,100,50.4752436089231,6.53216097350356
"1830",2022-03-17 00:02:25,2,303,100,50.4450518236084,6.536180588994
"1831",2022-03-17 00:02:30,2,303,100,50.5801258675306,5.62459651172024
"1832",2022-03-17 00:02:35,2,303,100,50.0456112154697,6.21949990500037
"1833",2022-03-17 00:02:40,2,303,100,50.0459290229348,6.38486809807999
"1834",2022-03-17 00:02:45,2,303,100,49.0487852583214,6.33230611517834
"1835",2022-03-17 00:02:50,2,303,100,50.4870695532888,6.40871967472304
"1836",2022-03-17 00:02:55,2,303,100,48.9768692174925,6.22280235207084
"1837",2022-03-17 00:03:00,2,303,100,48.822072629563,6.59558804502518
"1838",2022-03-17 00:03:05,2,303,100,50.1344784195733,6.45946021113707
"1839",2022-03-17 00:03:10,2,303,100,48.8144422666223,6.53536172319008
"1840",2022-03-17 00:03:15,2,303,100,50.2084784936772,6.21540061251696
"1841",2022-03-17 00:03:20,2,303,100,50.1742811397827,6.16957415855755
"1842",2022-03-17 00:03:25,2,303,100,49.6891468379181,6.23257857955987
"1843",2022-03-17 00:03:30,2,303,100,50.4937667087526,6.55374870697277
"1844",2022-03-17 00:03:35,2,303,100,50.1660415927808,6.29148677209173
"1845",2022-03-17 00:03:40,2,303,100,49.79489440025,6.2818184718716
"1846",2022-03-17 00:03:45,2,303,100,50.0357212714036,6.17973012813468
"1847",2022-03-17 00:03:50,2,303,100,49.0878139667484,6.07480414582207
"1848",2022-03-17 00:03:55,2,303,100,50.4001894362023,6.58835494312591
"1849",2022-03-17 00:04:00,2,303,100,49.3135510189434,6.86002955911276
"1850",2022-03-17 00:04:05,2,303,100,50.3440759804777,5.98998538278653
"1851",2022-03-17 00:04:10,2,303,100,49.9973018819733,6.37798714193868
"1852",2022-03-17 00:04:15,2,303,100,50.0245192315673,6.46489519994442
"1853",2022-03-17 00:04:20,2,303,100,50.7873462040287,6.34470910768027
"1854",2022-03-17 00:04:25,2,303,100,50.8021432921268,6.83921324168611
"1855",2022-03-17 00:04:30,2,303,100,50.6589635608712,6.15900934618511
"1856",2022-03-17 00:04:35,2,303,100,49.3988157539057,6.71447730905125
"1857",2022-03-17 00:04:40,2,303,100,50.1761479346909,6.85092771660238
"1858",2022-03-17 00:04:45,2,303,100,50.4119565555767,6.58613479280675
"1859",2022-03-17 00:04:50,2,303,100,50.1850662929157,6.30050838277751
"1860",2022-03-17 00:04:55,2,303,100,50.0936086567551,6.61589719337568
"1861",2022-03-17 00:05:00,2,303,100,50.12035141205,5.81882106507783
"1862",2022-03-17 00:05:05,2,303,100,49.9246501270877,5.86246867893583
"1863",2022-03-17 00:05:10,2,303,100,50.5989644493856,6.09527058466323
"1864",2022-03-17 00:05:15,2,303,100,49.0880456515585,6.66232456439754
"1865",2022-03-17 00:05:20,2,303,100,49.8051718112576,6.47333091738948
"1866",2022-03-17 00:05:25,2,303,100,50.3080040650065,5.99595468282059
"1867",2022-03-17 00:05:30,2,303,100,49.3505648148954,5.90767441617652
"1868",2022-03-17 00:05:35,2,303,100,48.5464385596858,6.66026587467802
"1869",2022-03-17 00:05:40,2,303,100,50.6528962903084,6.15501773758576
"1870",2022-03-17 00:05:45,2,303,100,49.9809540078777,6.46816919686055
"1871",2022-03-17 00:05:50,2,303,100,50.4025384684145,6.20784183005482
"1872",2022-03-17 00:05:55,2,303,100,50.1074917016238,6.81135040084833
"1873",2022-03-17 00:06:00,2,303,100,49.0486545341584,6.55487718395417
"1874",2022-03-17 00:06:05,2,303,100,50.1436847730565,6.79015992725234
"1875",2022-03-17 00:06:10,2,303,100,49.426612889794,6.53240143046888
"1876",2022-03-17 00:06:15,2,303,100,49.7955492870744,6.46459214567169
"1877",2022-03-17 00:06:20,2,303,100,50.0407590143965,6.39122062804538
"1878",2022-03-17 00:06:25,2,303,100,50.4363485945966,6.55619760520986
"1879",2022-03-17 00:06:30,2,303,100,49.7086405446505,5.60758223233118
"1880",2022-03-17 00:06:35,2,303,100,50.4331350727532,6.21856699404935
"1881",2022-03-17 00:06:40,2,303,100,50.5594718415545,6.46675330005736
"1882",2022-03-17 00:06:45,2,303,100,49.9640779695471,6.37420572600498
"1883",2022-03-17 00:06:50,2,303,100,50.023022110488,6.43636627650621
"1884",2022-03-17 00:06:55,2,303,100,49.3084303392123,6.64107939737465
"1885",2022-03-17 00:07:00,2,303,100,49.5459149398955,6.43652206795138
"1886",2022-03-17 00:07:05,2,303,100,50.4976899414039,6.84311694117298
"1887",2022-03-17 00:07:10,2,303,100,50.1785457522271,6.26067716491417
"1888",2022-03-17 00:07:15,2,303,100,48.8399937794361,6.33593333149054
"1889",2022-03-17 00:07:20,2,303,100,49.8684995203191,6.51893766739194
"1890",2022-03-17 00:07:25,2,303,100,50.1514447672368,6.51501147393818
"1891",2022-03-17 00:07:30,2,303,100,49.8537975564651,6.14665202994721
"1892",2022-03-17 00:07:35,2,303,100,49.3480071696981,6.06087202887029
"1893",2022-03-17 00:07:40,2,303,100,50.3805067203691,6.0775180241513
"1894",2022-03-17 00:07:45,2,303,100,49.1855623510127,6.38216614045924
"1895",2022-03-17 00:07:50,2,303,100,49.7576554589568,6.33131362376905
"1896",2022-03-17 00:07:55,2,303,100,49.4353540266804,5.99794243823779
"1897",2022-03-17 00:08:00,2,303,100,49.8566739249081,5.88610655339072
"1898",2022-03-17 00:08:05,2,303,100,50.3231006024718,6.62950146431128
"1899",2022-03-17 00:08:10,2,303,100,49.9261599845285,6.64673084916613
"1900",2022-03-17 00:08:15,2,303,100,50.4285776864334,6.03150539002462
"1901",2022-03-17 00:08:20,2,303,100,49.5820823197412,6.64227169215241
"1902",2022-03-17 00:08:25,2,303,100,49.2920636159783,6.68083216958757
"1903",2022-03-17 00:08:30,2,303,100,49.0845377710666,6.3134093136188
"1904",2022-03-17 00:08:35,2,303,100,50.5839870422157,5.94271179971194
"1905",2022-03-17 00:08:40,2,303,100,49.3473197930619,6.40680326502112
"1906",2022-03-17 00:08:45,2,303,100,49.8848446695967,6.48959650100341
"1907",2022-03-17 00:08:50,2,303,100,49.5710013391313,6.69691993500763
"1908",2022-03-17 00:08:55,2,303,100,49.9415678870953,6.2450841765078
"1909",2022-03-17 00:09:00,2,303,100,50.1875395064298,6.37022527243852
"1910",2022-03-17 00:09:05,2,303,100,50.2065770911941,6.65889705803261
"1911",2022-03-17 00:09:10,2,303,100,50.0301377071389,6.23011602137904
"1912",2022-03-17 00:09:15,2,303,100,49.3883496609301,6.04905678142991
"1913",2022-03-17 00:09:20,2,303,100,50.2195534561174,7.06710504479658
"1914",2022-03-17 00:09:25,2,303,100,49.4494472791725,6.55372965902892
"1915",2022-03-17 00:09:30,2,303,100,49.8101963488364,6.24287555916319
"1916",2022-03-17 00:09:35,2,303,100,49.4367613067294,6.23803688227284
"1917",2022-03-17 00:09:40,2,303,100,49.6413673323679,6.05501806298158
"1918",2022-03-17 00:09:45,2,303,100,50.5553274028922,6.39366576639286
"1919",2022-03-17 00:09:50,2,303,100,49.447915373296,6.13246814625804
"1920",2022-03-17 00:09:55,2,303,100,49.0121800542451,6.55154381718294
"1921",2022-03-17 00:10:00,2,303,100,50.1397574760811,6.37080192774889
"1922",2022-03-17 00:10:05,2,303,100,49.7057471986664,6.47218070047606
"1923",2022-03-17 00:10:10,2,303,100,49.662597973556,6.04049019682118
"1924",2022-03-17 00:10:15,2,303,100,50.0707647647551,6.36227082732811
"1925",2022-03-17 00:10:20,2,303,100,49.7686672015711,6.36748836311538
"1926",2022-03-17 00:10:25,2,303,100,50.658572056968,6.25492182143656
"1927",2022-03-17 00:10:30,2,303,100,49.4293653524748,6.23966868532481
"1928",2022-03-17 00:10:35,2,303,100,49.3738419483584,6.20854562337637
"1929",2022-03-17 00:10:40,2,303,100,49.4149205652357,6.61789165966833
"1930",2022-03-17 00:10:45,2,303,100,49.104931572285,6.13363917186104
"1931",2022-03-17 00:10:50,2,303,100,49.9234183524983,6.4726509292192
"1932",2022-03-17 00:10:55,2,303,100,50.4992927853633,6.09632711005913
"1933",2022-03-17 00:11:00,2,303,100,49.7947370104477,5.94906727259233
"1934",2022-03-17 00:11:05,2,303,100,49.8753370537226,6.20236296984084
"1935",2022-03-17 00:11:10,2,303,100,50.6061783309215,6.82164606993466
"1936",2022-03-17 00:11:15,2,303,100,49.7691902589118,6.21862881096161
"1937",2022-03-17 00:11:20,2,303,100,50.7806553695353,6.43604072315033
"1938",2022-03-17 00:11:25,2,303,100,50.4017280030375,6.2294553249817
"1939",2022-03-17 00:11:30,2,303,100,49.3557013516472,6.44675144107102
"1940",2022-03-17 00:11:35,2,303,100,49.5185645791173,6.73936694263649
"1941",2022-03-17 00:11:40,2,303,100,49.4808298406737,6.54053236390546
"1942",2022-03-17 00:11:45,2,303,100,49.2605947835206,6.50955200537061
"1943",2022-03-17 00:11:50,2,303,100,49.2138856862293,6.55461023015423
"1944",2022-03-17 00:11:55,2,303,100,50.3518179144182,6.32363844045917
"1945",2022-03-17 00:12:00,2,303,100,50.412039052701,6.03097502793568
"1946",2022-03-17 00:12:05,2,303,100,50.5229268955388,6.72503704489081
"1947",2022-03-17 00:12:10,2,303,100,50.3836972803034,6.73211903338244
"1948",2022-03-17 00:12:15,2,303,100,49.1892135866207,6.32528625144627
"1949",2022-03-17 00:12:20,2,303,100,49.535105804613,6.75101511273018
"1950",2022-03-17 00:12:25,2,303,100,50.6680527206296,6.22998544413811
"1951",2022-03-17 00:12:30,2,303,100,50.8854783391483,6.15658094467192
"1952",2022-03-17 00:12:35,2,303,100,50.2792069541588,6.50632087974951
"1953",2022-03-17 00:12:40,2,303,100,50.4799002169465,6.22556721040476
"1954",2022-03-17 00:12:45,2,303,100,50.168717331423,6.26261590550056
"1955",2022-03-17 00:12:50,2,303,100,48.6583327587002,6.77809376280438
"1956",2022-03-17 00:12:55,2,303,100,51.0489888951107,6.06677300629908
"1957",2022-03-17 00:13:00,2,303,100,50.0872988059701,6.4688062852745
"1958",2022-03-17 00:13:05,2,303,100,49.0979918327597,6.70406914831072
"1959",2022-03-17 00:13:10,2,303,100,49.8010620032448,6.70850339418573
"1960",2022-03-17 00:13:15,2,303,100,50.4572665734178,6.53713590120922
"1961",2022-03-17 00:13:20,2,303,100,49.7270128015343,6.68139470606223
"1962",2022-03-17 00:13:25,2,303,100,49.6422094694821,6.47283314682137
"1963",2022-03-17 00:13:30,2,303,100,51.0673412485339,6.55140171881773
"1964",2022-03-17 00:13:35,2,303,100,49.8495730537808,6.55691794849807
"1965",2022-03-17 00:13:40,2,303,100,49.2547238051121,5.62741383577154
"1966",2022-03-17 00:13:45,2,303,100,50.3889385829739,6.45156699816247
"1967",2022-03-17 00:13:50,2,303,100,50.6229170995674,6.07869825083294
"1968",2022-03-17 00:13:55,2,303,100,49.9980434498153,5.82897634169103
"1969",2022-03-17 00:14:00,2,303,100,50.2614456804991,6.22434749966254
"1970",2022-03-17 00:14:05,2,303,100,50.4083372840238,6.53173139338335
"1971",2022-03-17 00:14:10,2,303,100,49.6542143431227,6.65612180886848
"1972",2022-03-17 00:14:15,2,303,100,49.3123496377066,6.14600893437883
"1973",2022-03-17 00:14:20,2,303,100,50.5707934172337,6.4741438537582
"1974",2022-03-17 00:14:25,2,303,100,49.7989985453244,6.60157243548148
"1975",2022-03-17 00:14:30,2,303,100,49.4358207259618,6.0480156999209
"1976",2022-03-17 00:14:35,2,303,100,49.3279576654177,5.74125097755538
"1977",2022-03-17 00:14:40,2,303,100,50.5137251718211,6.36053590807681
"1978",2022-03-17 00:14:45,2,303,100,49.4501684592875,6.05174498478453
"1979",2022-03-17 00:14:50,2,303,100,50.30220994439,6.99817592808411
"1980",2022-03-17 00:14:55,2,303,100,49.5589391940582,6.06179268654565
"1981",2022-03-17 00:15:00,2,303,100,48.8384172918224,6.31302857780121
"1982",2022-03-17 00:15:05,2,303,100,49.7296661030526,6.25446513718667
"1983",2022-03-17 00:15:10,2,303,100,49.7046424228452,6.468198109067
"1984",2022-03-17 00:15:15,2,303,100,50.1275771498533,6.26761038060549
"1985",2022-03-17 00:15:20,2,303,100,49.839235544348,6.54824220663601
"1986",2022-03-17 00:15:25,2,303,100,50.0920438563678,6.5530568208047
"1987",2022-03-17 00:15:30,2,303,100,50.264635815041,6.05421655717081
"1988",2022-03-17 00:15:35,2,303,100,48.7871441260122,5.97279881374176
"1989",2022-03-17 00:15:40,2,303,100,49.6005990885066,6.71552357800479
"1990",2022-03-17 00:15:45,2,303,100,49.7293614206207,6.33120657261316
"1991",2022-03-17 00:15:50,2,303,100,49.6483456389491,5.99178568198465
"1992",2022-03-17 00:15:55,2,303,100,48.9107180009435,6.82737846363228
"1993",2022-03-17 00:16:00,2,303,100,50.4176415775412,6.3493581581217
"1994",2022-03-17 00:16:05,2,303,100,49.319282106619,6.43407536949457
"1995",2022-03-17 00:16:10,2,303,100,49.7660312791971,6.29756150698336
"1996",2022-03-17 00:16:15,2,303,100,49.9840641559928,6.55680304030594
"1997",2022-03-17 00:16:20,2,303,100,48.702483031527,6.1371797360693
"1998",2022-03-17 00:16:25,2,303,100,49.2962878301044,6.12733301196962
"1999",2022-03-17 00:16:30,2,303,100,49.8888712139968,6.61453011858054
"2000",2022-03-17 00:16:35,2,303,100,50.4891106276243,6.38859674809669
"2001",2022-03-18 00:00:00,2,303,200,48.8845231690042,6.01378366905628
"2002",2022-03-18 00:00:05,2,303,200,49.1935051435969,5.75916556404654
"2003",2022-03-18 00:00:10,2,303,200,49.7470444303043,5.52290716912422
"2004",2022-03-18 00:00:15,2,303,200,49.8100063526766,5.3297047821727
"2005",2022-03-18 00:00:20,2,303,200,50.1969739553252,5.61716477200401
"2006",2022-03-18 00:00:25,2,303,200,50.3830306896461,6.05004846297006
"2007",2022-03-18 00:00:30,2,303,200,49.1256055038897,5.68876140359378
"2008",2022-03-18 00:00:35,2,303,200,49.5121288752119,6.13825824224871
"2009",2022-03-18 00:00:40,2,303,200,49.7385774794663,5.94207301975838
"2010",2022-03-18 00:00:45,2,303,200,50.1996679789244,5.58068223363759
"2011",2022-03-18 00:00:50,2,303,200,50.4331848997465,5.89733558059256
"2012",2022-03-18 00:00:55,2,303,200,50.3466071748422,5.71429997168119
"2013",2022-03-18 00:01:00,2,303,200,49.2240062317097,5.61339757612111
"2014",2022-03-18 00:01:05,2,303,200,49.6417240451703,5.3341025512635
"2015",2022-03-18 00:01:10,2,303,200,49.981980687527,4.97709270452022
"2016",2022-03-18 00:01:15,2,303,200,49.1853871712506,5.58847053238754
"2017",2022-03-18 00:01:20,2,303,200,49.9648699465852,5.69617123570979
"2018",2022-03-18 00:01:25,2,303,200,50.8981996095482,5.72979110258853
"2019",2022-03-18 00:01:30,2,303,200,50.6287177588082,5.99495174939827
"2020",2022-03-18 00:01:35,2,303,200,49.4051076021595,6.21296002374439
"2021",2022-03-18 00:01:40,2,303,200,49.5728026152573,5.62419830619733
"2022",2022-03-18 00:01:45,2,303,200,49.615486016481,5.75991748549325
"2023",2022-03-18 00:01:50,2,303,200,49.641183265966,5.58795086826106
"2024",2022-03-18 00:01:55,2,303,200,50.1305852995758,6.16723634995967
"2025",2022-03-18 00:02:00,2,303,200,49.6781741606481,5.7020745328957
"2026",2022-03-18 00:02:05,2,303,200,50.3703625725558,5.46227642764734
"2027",2022-03-18 00:02:10,2,303,200,48.9831352612054,5.70666719379286
"2028",2022-03-18 00:02:15,2,303,200,50.2696996905898,5.79967096918538
"2029",2022-03-18 00:02:20,2,303,200,50.3964804888038,5.52512903819386
"2030",2022-03-18 00:02:25,2,303,200,49.5000170034323,6.17059215375035
"2031",2022-03-18 00:02:30,2,303,200,50.2620742801496,5.78352348257705
"2032",2022-03-18 00:02:35,2,303,200,50.5959809172919,5.68524082913934
"2033",2022-03-18 00:02:40,2,303,200,50.3892030924077,5.21416274914517
"2034",2022-03-18 00:02:45,2,303,200,49.3965446045933,5.46500184262377
"2035",2022-03-18 00:02:50,2,303,200,50.4287999509627,5.36212823320912
"2036",2022-03-18 00:02:55,2,303,200,50.3849687492918,6.07737422105913
"2037",2022-03-18 00:03:00,2,303,200,49.0135042893405,5.68394544784268
"2038",2022-03-18 00:03:05,2,303,200,49.854419692544,5.40042667033205
"2039",2022-03-18 00:03:10,2,303,200,49.2882938436278,5.73508198176675
"2040",2022-03-18 00:03:15,2,303,200,50.2108672968478,5.40895584519622
"2041",2022-03-18 00:03:20,2,303,200,50.3591917119284,5.99924417973443
"2042",2022-03-18 00:03:25,2,303,200,50.1362263744624,6.18713999436871
"2043",2022-03-18 00:03:30,2,303,200,50.0545555211655,5.89856239751098
"2044",2022-03-18 00:03:35,2,303,200,50.2770798248595,5.60202151925743
"2045",2022-03-18 00:03:40,2,303,200,49.3200851764363,5.04178994919922
"2046",2022-03-18 00:03:45,2,303,200,50.5651071536147,5.90276958435157
"2047",2022-03-18 00:03:50,2,303,200,49.2533748267824,5.69172717784775
"2048",2022-03-18 00:03:55,2,303,200,50.1740568449023,5.63174083167942
"2049",2022-03-18 00:04:00,2,303,200,50.1345838628209,5.52256352665141
"2050",2022-03-18 00:04:05,2,303,200,49.8454900282545,5.6510881872004
"2051",2022-03-18 00:04:10,2,303,200,50.5840137221438,5.66181309653383
"2052",2022-03-18 00:04:15,2,303,200,50.7085310186787,6.38095430718845
"2053",2022-03-18 00:04:20,2,303,200,50.5052593209419,5.89723807506162
"2054",2022-03-18 00:04:25,2,303,200,49.5303304117521,6.34260159395657
"2055",2022-03-18 00:04:30,2,303,200,49.9103406980969,5.64568105555924
"2056",2022-03-18 00:04:35,2,303,200,49.3063368739596,5.42419623278769
"2057",2022-03-18 00:04:40,2,303,200,49.2013072784157,5.82847482675832
"2058",2022-03-18 00:04:45,2,303,200,49.8139740323553,5.89423519786242
"2059",2022-03-18 00:04:50,2,303,200,49.5211646105801,5.7379768930882
"2060",2022-03-18 00:04:55,2,303,200,50.5377361068697,6.09821029478959
"2061",2022-03-18 00:05:00,2,303,200,50.2499260624325,5.44940435772005
"2062",2022-03-18 00:05:05,2,303,200,50.3565481210019,5.89738217477725
"2063",2022-03-18 00:05:10,2,303,200,50.038336850012,5.99840277776353
"2064",2022-03-18 00:05:15,2,303,200,50.0099770869399,5.5620952447797
"2065",2022-03-18 00:05:20,2,303,200,50.0553027019059,5.89378811972003
"2066",2022-03-18 00:05:25,2,303,200,50.0922615876669,5.34758573856102
"2067",2022-03-18 00:05:30,2,303,200,49.4167195368931,5.67830610164112
"2068",2022-03-18 00:05:35,2,303,200,49.5432706197999,5.20851392741197
"2069",2022-03-18 00:05:40,2,303,200,50.1899501049618,5.70353383193435
"2070",2022-03-18 00:05:45,2,303,200,51.0685944036163,5.58329386035201
"2071",2022-03-18 00:05:50,2,303,200,48.2630751274808,5.57199670167557
"2072",2022-03-18 00:05:55,2,303,200,49.8082034411248,5.50850342766598
"2073",2022-03-18 00:06:00,2,303,200,50.2663668743974,5.41522918578013
"2074",2022-03-18 00:06:05,2,303,200,49.9553600173706,6.05069104454474
"2075",2022-03-18 00:06:10,2,303,200,49.7903696984738,6.0167244947214
"2076",2022-03-18 00:06:15,2,303,200,50.3420373407337,6.45913000439804
"2077",2022-03-18 00:06:20,2,303,200,50.1391823231215,5.83647984977143
"2078",2022-03-18 00:06:25,2,303,200,49.9079952474758,5.39229481620941
"2079",2022-03-18 00:06:30,2,303,200,50.3818277034321,5.80280338877417
"2080",2022-03-18 00:06:35,2,303,200,50.6912561341515,5.94493620511994
"2081",2022-03-18 00:06:40,2,303,200,49.447321917869,4.79066078034925
"2082",2022-03-18 00:06:45,2,303,200,50.1691618735283,5.8728305901237
"2083",2022-03-18 00:06:50,2,303,200,50.0632887994255,5.45220103737199
"2084",2022-03-18 00:06:55,2,303,200,49.5427181737657,5.7292419207939
"2085",2022-03-18 00:07:00,2,303,200,49.8091023996036,5.65721053585642
"2086",2022-03-18 00:07:05,2,303,200,48.837869620111,5.55684439271618
"2087",2022-03-18 00:07:10,2,303,200,48.8275380662818,5.90337606202802
"2088",2022-03-18 00:07:15,2,303,200,49.7519575005514,5.18751520604889
"2089",2022-03-18 00:07:20,2,303,200,49.4632953318721,5.14942782122749
"2090",2022-03-18 00:07:25,2,303,200,49.6372813623895,5.72866695127608
"2091",2022-03-18 00:07:30,2,303,200,49.4769412965077,5.55656848874019
"2092",2022-03-18 00:07:35,2,303,200,50.2878405497988,5.01659608200917
"2093",2022-03-18 00:07:40,2,303,200,49.0340310424578,5.27625422121411
"2094",2022-03-18 00:07:45,2,303,200,50.2442914453528,6.02264854282771
"2095",2022-03-18 00:07:50,2,303,200,50.4114271897939,5.8403842455341
"2096",2022-03-18 00:07:55,2,303,200,50.5990730063285,5.80242378442434
"2097",2022-03-18 00:08:00,2,303,200,49.0325912186604,6.04050352858493
"2098",2022-03-18 00:08:05,2,303,200,51.269704205716,5.92031917257931
"2099",2022-03-18 00:08:10,2,303,200,49.685562259554,5.09591244108041
"2100",2022-03-18 00:08:15,2,303,200,49.605257852514,5.55038221727095
"2101",2022-03-18 00:08:20,2,303,200,49.3508052828763,6.26979549990771
"2102",2022-03-18 00:08:25,2,303,200,50.3026946179697,5.48642872732731
"2103",2022-03-18 00:08:30,2,303,200,49.6303819836137,5.95627684686918
"2104",2022-03-18 00:08:35,2,303,200,50.1491653704266,6.16533082392842
"2105",2022-03-18 00:08:40,2,303,200,49.2864009610723,5.55171494707349
"2106",2022-03-18 00:08:45,2,303,200,49.9665982048103,5.72374555074563
"2107",2022-03-18 00:08:50,2,303,200,50.1330571580885,5.90557914217716
"2108",2022-03-18 00:08:55,2,303,200,48.8409508633637,5.38490575826555
"2109",2022-03-18 00:09:00,2,303,200,49.1828995036075,5.40644646377577
"2110",2022-03-18 00:09:05,2,303,200,48.9025147729555,6.28526708506778
"2111",2022-03-18 00:09:10,2,303,200,50.6605879545042,5.84985175034861
"2112",2022-03-18 00:09:15,2,303,200,49.8890183334348,5.89391271869476
"2113",2022-03-18 00:09:20,2,303,200,50.253128683056,5.50956318323708
"2114",2022-03-18 00:09:25,2,303,200,49.3566539882005,5.39370232546053
"2115",2022-03-18 00:09:30,2,303,200,49.2478154823243,6.03849287747243
"2116",2022-03-18 00:09:35,2,303,200,49.4914267717783,5.65570233849752
"2117",2022-03-18 00:09:40,2,303,200,50.1715881691606,5.5894508396087
"2118",2022-03-18 00:09:45,2,303,200,50.4491651464135,5.66736372846181
"2119",2022-03-18 00:09:50,2,303,200,49.9025750937693,6.16119288400541
"2120",2022-03-18 00:09:55,2,303,200,50.1927783510715,5.76949564022189
"2121",2022-03-18 00:10:00,2,303,200,49.5637114674943,6.17896704779922
"2122",2022-03-18 00:10:05,2,303,200,50.249338535338,5.2956319055818
"2123",2022-03-18 00:10:10,2,303,200,48.9511289526887,5.43269759546012
"2124",2022-03-18 00:10:15,2,303,200,50.5067890527668,5.876477255502
"2125",2022-03-18 00:10:20,2,303,200,49.9134658106888,5.40053278539135
"2126",2022-03-18 00:10:25,2,303,200,49.7147206866122,5.87651945060904
"2127",2022-03-18 00:10:30,2,303,200,50.4375727446916,5.08118113173394
"2128",2022-03-18 00:10:35,2,303,200,49.3648675416539,5.89837456778847
"2129",2022-03-18 00:10:40,2,303,200,50.2730408252017,5.48695714982726
"2130",2022-03-18 00:10:45,2,303,200,49.9714014802812,6.03666288976187
"2131",2022-03-18 00:10:50,2,303,200,50.1189383011594,5.46520064489788
"2132",2022-03-18 00:10:55,2,303,200,49.5590939969119,5.22943800180003
"2133",2022-03-18 00:11:00,2,303,200,49.8705892916625,5.78089230423303
"2134",2022-03-18 00:11:05,2,303,200,49.1558949120018,5.54046602590551
"2135",2022-03-18 00:11:10,2,303,200,50.104077349551,5.58799929396184
"2136",2022-03-18 00:11:15,2,303,200,49.3326783441556,5.89072117444687
"2137",2022-03-18 00:11:20,2,303,200,50.0413787806851,6.0344260417099
"2138",2022-03-18 00:11:25,2,303,200,49.6857367720895,5.37064378023716
"2139",2022-03-18 00:11:30,2,303,200,49.3175950957789,5.78059829080955
"2140",2022-03-18 00:11:35,2,303,200,49.4391210845715,5.81829360391601
"2141",2022-03-18 00:11:40,2,303,200,49.530169372289,5.682586876991
"2142",2022-03-18 00:11:45,2,303,200,51.5422996763779,5.65154239956771
"2143",2022-03-18 00:11:50,2,303,200,49.9590172569255,5.43282997251342
"2144",2022-03-18 00:11:55,2,303,200,49.9457497383323,5.34619340423608
"2145",2022-03-18 00:12:00,2,303,200,48.8159867707919,5.27981635226705
"2146",2022-03-18 00:12:05,2,303,200,50.015203959938,5.5165743096069
"2147",2022-03-18 00:12:10,2,303,200,49.1935400393855,5.29424805180309
"2148",2022-03-18 00:12:15,2,303,200,50.4389066713314,5.67156107631866
"2149",2022-03-18 00:12:20,2,303,200,50.1015477848622,6.05128425727074
"2150",2022-03-18 00:12:25,2,303,200,49.6699851238583,5.68059106905328
"2151",2022-03-18 00:12:30,2,303,200,50.6636262164092,5.65525102145906
"2152",2022-03-18 00:12:35,2,303,200,48.8478281411518,5.66090434645835
"2153",2022-03-18 00:12:40,2,303,200,49.5980428389954,5.55120980446349
"2154",2022-03-18 00:12:45,2,303,200,49.0264319311126,6.01910827464525
"2155",2022-03-18 00:12:50,2,303,200,50.0472951636399,5.61107942293766
"2156",2022-03-18 00:12:55,2,303,200,50.5659866371761,5.51781718563368
"2157",2022-03-18 00:13:00,2,303,200,49.0290446741692,5.76565452660407
"2158",2022-03-18 00:13:05,2,303,200,50.3003491075866,5.30770872977122
"2159",2022-03-18 00:13:10,2,303,200,49.1851664193448,5.79615886191821
"2160",2022-03-18 00:13:15,2,303,200,49.6737638786376,5.73526834079059
"2161",2022-03-18 00:13:20,2,303,200,49.9002615684257,5.7607380567183
"2162",2022-03-18 00:13:25,2,303,200,50.2032939361618,6.11042550325631
"2163",2022-03-18 00:13:30,2,303,200,49.6177785696979,5.73755348034798
"2164",2022-03-18 00:13:35,2,303,200,49.0966432510438,5.86402424246048
"2165",2022-03-18 00:13:40,2,303,200,50.901708519601,6.01566528424241
"2166",2022-03-18 00:13:45,2,303,200,50.463335236058,5.50239015072048
"2167",2022-03-18 00:13:50,2,303,200,49.3620747275436,5.86860632219665
"2168",2022-03-18 00:13:55,2,303,200,49.1547130519741,6.1141394649737
"2169",2022-03-18 00:14:00,2,303,200,49.6363080410955,5.99081639376895
"2170",2022-03-18 00:14:05,2,303,200,50.1000425530313,6.12927958177479
"2171",2022-03-18 00:14:10,2,303,200,48.173720627821,5.83054804207238
"2172",2022-03-18 00:14:15,2,303,200,49.3630776125404,5.62259445078584
"2173",2022-03-18 00:14:20,2,303,200,50.4489152354917,5.69958639820793
"2174",2022-03-18 00:14:25,2,303,200,49.4894120380676,6.70774634071968
"2175",2022-03-18 00:14:30,2,303,200,49.8522657973126,5.85154571258323
"2176",2022-03-18 00:14:35,2,303,200,49.9328089351603,5.80405116615575
"2177",2022-03-18 00:14:40,2,303,200,49.4526346637508,5.49784941431462
"2178",2022-03-18 00:14:45,2,303,200,50.222170557261,5.19649718226807
"2179",2022-03-18 00:14:50,2,303,200,51.5771994512098,5.95617333074815
"2180",2022-03-18 00:14:55,2,303,200,50.1028594246731,6.38070619962923
"2181",2022-03-18 00:15:00,2,303,200,49.9425095962775,5.85375982745293
"2182",2022-03-18 00:15:05,2,303,200,49.5030056926323,5.50697196991351
"2183",2022-03-18 00:15:10,2,303,200,49.9931307923392,5.49925737006248
"2184",2022-03-18 00:15:15,2,303,200,49.9364033132596,5.78525024922561
"2185",2022-03-18 00:15:20,2,303,200,49.7315734984831,5.37198591621021
"2186",2022-03-18 00:15:25,2,303,200,49.7941422326974,6.11897833573488
"2187",2022-03-18 00:15:30,2,303,200,50.1912262098691,5.99392976370151
"2188",2022-03-18 00:15:35,2,303,200,51.0794484256494,4.93344221641635
"2189",2022-03-18 00:15:40,2,303,200,49.7152192466266,5.19558910117914
"2190",2022-03-18 00:15:45,2,303,200,49.4443717711927,5.84168483489489
"2191",2022-03-18 00:15:50,2,303,200,50.5679752202432,5.95643871788119
"2192",2022-03-18 00:15:55,2,303,200,49.5202987570411,5.56497260348602
"2193",2022-03-18 00:16:00,2,303,200,49.4406825522853,5.61663121832859
"2194",2022-03-18 00:16:05,2,303,200,49.9081639377786,5.62962348198559
"2195",2022-03-18 00:16:10,2,303,200,49.3508178425853,5.53621352775724
"2196",2022-03-18 00:16:15,2,303,200,50.3923589653063,5.75280545184312
"2197",2022-03-18 00:16:20,2,303,200,50.0168606487346,5.43912760749175
"2198",2022-03-18 00:16:25,2,303,200,48.9970410279169,5.72829811518809
"2199",2022-03-18 00:16:30,2,303,200,49.6428418701603,6.02555539590547
"2200",2022-03-18 00:16:35,2,303,200,50.67050455306,5.61076712570337
"2201",2022-03-19 00:00:00,2,303,300,49.8813626926925,5.12540914114069
"2202",2022-03-19 00:00:05,2,303,300,50.672036456656,5.47455064930348
"2203",2022-03-19 00:00:10,2,303,300,49.3972091361807,4.62806488758402
"2204",2022-03-19 00:00:15,2,303,300,50.2393638598174,4.91552853046858
"2205",2022-03-19 00:00:20,2,303,300,48.9352018848412,5.2503771674216
"2206",2022-03-19 00:00:25,2,303,300,50.3656712602665,5.10356706559738
"2207",2022-03-19 00:00:30,2,303,300,48.8668332275117,5.50742941079193
"2208",2022-03-19 00:00:35,2,303,300,49.0703329741839,5.58050281943566
"2209",2022-03-19 00:00:40,2,303,300,49.6163511539339,5.16592740804875
"2210",2022-03-19 00:00:45,2,303,300,50.1111098680162,5.46452774255681
"2211",2022-03-19 00:00:50,2,303,300,49.5630187600451,4.39426323159974
"2212",2022-03-19 00:00:55,2,303,300,49.2351961878203,4.96496185671334
"2213",2022-03-19 00:01:00,2,303,300,50.7506266422128,5.07891319803759
"2214",2022-03-19 00:01:05,2,303,300,49.3767884965149,5.05558200130702
"2215",2022-03-19 00:01:10,2,303,300,49.5747893676435,4.6219794358157
"2216",2022-03-19 00:01:15,2,303,300,49.6977658824455,5.30114105981407
"2217",2022-03-19 00:01:20,2,303,300,50.2494583997584,5.12242274355919
"2218",2022-03-19 00:01:25,2,303,300,50.0123686342655,4.9635819145918
"2219",2022-03-19 00:01:30,2,303,300,49.7261321307672,4.59044851190047
"2220",2022-03-19 00:01:35,2,303,300,50.3028025260415,4.85077805350851
"2221",2022-03-19 00:01:40,2,303,300,49.5192723281611,5.40709319676059
"2222",2022-03-19 00:01:45,2,303,300,49.09781531822,5.2550506203855
"2223",2022-03-19 00:01:50,2,303,300,49.4302711480973,5.27109469829751
"2224",2022-03-19 00:01:55,2,303,300,49.971013646365,4.72361614871218
"2225",2022-03-19 00:02:00,2,303,300,50.7572562269383,5.11140796464645
"2226",2022-03-19 00:02:05,2,303,300,49.7510366897256,5.02105054377049
"2227",2022-03-19 00:02:10,2,303,300,49.6336973047569,5.43533952779155
"2228",2022-03-19 00:02:15,2,303,300,49.5775861168029,4.92087564264989
"2229",2022-03-19 00:02:20,2,303,300,48.9219755704751,5.36708968639671
"2230",2022-03-19 00:02:25,2,303,300,49.0778809038815,5.18859237457018
"2231",2022-03-19 00:02:30,2,303,300,49.7273417898296,5.05938836955844
"2232",2022-03-19 00:02:35,2,303,300,50.1352566071119,5.60920445897702
"2233",2022-03-19 00:02:40,2,303,300,49.3163068344797,4.8769711072281
"2234",2022-03-19 00:02:45,2,303,300,49.8227130913063,4.89441928827604
"2235",2022-03-19 00:02:50,2,303,300,50.5116991990334,5.17297127354017
"2236",2022-03-19 00:02:55,2,303,300,48.6284994440066,4.97590552054023
"2237",2022-03-19 00:03:00,2,303,300,50.103666840882,5.18721214218076
"2238",2022-03-19 00:03:05,2,303,300,49.8427809225283,4.90206377240548
"2239",2022-03-19 00:03:10,2,303,300,49.4754269257835,5.51933876717901
"2240",2022-03-19 00:03:15,2,303,300,49.3501418842847,5.22819282215902
"2241",2022-03-19 00:03:20,2,303,300,49.3977821787082,5.08171291479793
"2242",2022-03-19 00:03:25,2,303,300,49.1672399484311,5.27345783362996
"2243",2022-03-19 00:03:30,2,303,300,49.802086602574,4.82253958913923
"2244",2022-03-19 00:03:35,2,303,300,49.6421323117916,5.37609616780151
"2245",2022-03-19 00:03:40,2,303,300,50.335432145041,5.03243999201915
"2246",2022-03-19 00:03:45,2,303,300,50.160459613932,5.08737362633582
"2247",2022-03-19 00:03:50,2,303,300,49.5317745088695,5.19074761123886
"2248",2022-03-19 00:03:55,2,303,300,49.024666608792,5.16307344338161
"2249",2022-03-19 00:04:00,2,303,300,49.4570419061117,5.08978378719408
"2250",2022-03-19 00:04:05,2,303,300,50.1864459837812,4.91383993777746
"2251",2022-03-19 00:04:10,2,303,300,50.0362685952886,4.81195180087139
"2252",2022-03-19 00:04:15,2,303,300,49.8671881970472,4.74973066429377
"2253",2022-03-19 00:04:20,2,303,300,49.5882567970244,4.84348554255918
"2254",2022-03-19 00:04:25,2,303,300,49.9404928932489,5.29354670258893
"2255",2022-03-19 00:04:30,2,303,300,49.7818531930362,5.30338624307169
"2256",2022-03-19 00:04:35,2,303,300,49.6361493553629,5.12871273316332
"2257",2022-03-19 00:04:40,2,303,300,49.9661884939061,4.88659545805646
"2258",2022-03-19 00:04:45,2,303,300,49.6950010578947,5.2369395927759
"2259",2022-03-19 00:04:50,2,303,300,49.8627132398059,5.08101410316231
"2260",2022-03-19 00:04:55,2,303,300,50.4147502161544,4.99020012937696
"2261",2022-03-19 00:05:00,2,303,300,50.8930140902721,4.7481672681881
"2262",2022-03-19 00:05:05,2,303,300,50.1973920321867,4.75147708695061
"2263",2022-03-19 00:05:10,2,303,300,50.4963039278169,5.41411156409253
"2264",2022-03-19 00:05:15,2,303,300,49.9829578361374,5.00685801797067
"2265",2022-03-19 00:05:20,2,303,300,50.0335948182859,4.22361767670889
"2266",2022-03-19 00:05:25,2,303,300,49.9066583818607,5.49208720321571
"2267",2022-03-19 00:05:30,2,303,300,50.009984966906,5.09487059808484
"2268",2022-03-19 00:05:35,2,303,300,49.8188371428686,5.430712533644
"2269",2022-03-19 00:05:40,2,303,300,50.6568887304632,5.08526109533926
"2270",2022-03-19 00:05:45,2,303,300,49.2251651432618,5.41588403853465
"2271",2022-03-19 00:05:50,2,303,300,49.7601918272186,5.77418972130595
"2272",2022-03-19 00:05:55,2,303,300,48.8751174630884,5.36103435074063
"2273",2022-03-19 00:06:00,2,303,300,49.5110176667084,4.85175675897348
"2274",2022-03-19 00:06:05,2,303,300,50.7824245968513,4.88126856730423
"2275",2022-03-19 00:06:10,2,303,300,49.9552929115731,5.24895450586247
"2276",2022-03-19 00:06:15,2,303,300,49.7518475021178,4.86024541752108
"2277",2022-03-19 00:06:20,2,303,300,50.2520434932928,5.24903044967612
"2278",2022-03-19 00:06:25,2,303,300,49.5171944960251,4.42700627895503
"2279",2022-03-19 00:06:30,2,303,300,50.2271845570193,4.87150474593676
"2280",2022-03-19 00:06:35,2,303,300,49.7424677087621,5.16475611001852
"2281",2022-03-19 00:06:40,2,303,300,50.2103071739343,5.58704712971097
"2282",2022-03-19 00:06:45,2,303,300,49.3603968415301,4.63973625636096
"2283",2022-03-19 00:06:50,2,303,300,50.1507329438265,4.66767306388614
"2284",2022-03-19 00:06:55,2,303,300,48.7447445401871,5.51302603051019
"2285",2022-03-19 00:07:00,2,303,300,50.0722924442759,4.9534455738608
"2286",2022-03-19 00:07:05,2,303,300,49.7190370983382,5.28517873635946
"2287",2022-03-19 00:07:10,2,303,300,49.1593685500658,4.70735217283184
"2288",2022-03-19 00:07:15,2,303,300,49.6338322730731,4.68686367607581
"2289",2022-03-19 00:07:20,2,303,300,49.2419834138565,4.47494919065072
"2290",2022-03-19 00:07:25,2,303,300,49.9591504848403,5.19775134450055
"2291",2022-03-19 00:07:30,2,303,300,50.0006687693902,5.23586150598756
"2292",2022-03-19 00:07:35,2,303,300,49.5728935119851,4.848079480571
"2293",2022-03-19 00:07:40,2,303,300,49.0098596822346,4.55626241589675
"2294",2022-03-19 00:07:45,2,303,300,49.4072672562296,4.99173373027908
"2295",2022-03-19 00:07:50,2,303,300,49.2613805715917,5.23191469735514
"2296",2022-03-19 00:07:55,2,303,300,49.4190528390516,5.14715152016842
"2297",2022-03-19 00:08:00,2,303,300,49.4115558080782,5.22583887653917
"2298",2022-03-19 00:08:05,2,303,300,48.9378945501232,5.05531836816895
"2299",2022-03-19 00:08:10,2,303,300,49.9375352085151,5.21838701297612
"2300",2022-03-19 00:08:15,2,303,300,49.6536591033502,4.86193578748931
"2301",2022-03-19 00:08:20,2,303,300,50.1775387900308,5.17607873314506
"2302",2022-03-19 00:08:25,2,303,300,49.8727928971488,5.15423811584517
"2303",2022-03-19 00:08:30,2,303,300,50.796196023977,5.03356026440779
"2304",2022-03-19 00:08:35,2,303,300,50.4584787490075,5.0313754122084
"2305",2022-03-19 00:08:40,2,303,300,49.6107593707159,4.47134958383153
"2306",2022-03-19 00:08:45,2,303,300,50.4605136357835,4.62334614525957
"2307",2022-03-19 00:08:50,2,303,300,50.3860973135621,4.82274929786189
"2308",2022-03-19 00:08:55,2,303,300,49.9034009922395,4.87758209644241
"2309",2022-03-19 00:09:00,2,303,300,50.7340194025895,5.14782982236463
"2310",2022-03-19 00:09:05,2,303,300,49.9479659429127,5.22013532078131
"2311",2022-03-19 00:09:10,2,303,300,49.5108381760093,5.53452500022698
"2312",2022-03-19 00:09:15,2,303,300,50.7190108038775,5.08717609998946
"2313",2022-03-19 00:09:20,2,303,300,48.8781984237987,5.1206479683312
"2314",2022-03-19 00:09:25,2,303,300,48.5643706026526,5.46112667557918
"2315",2022-03-19 00:09:30,2,303,300,49.436674167534,4.65821016945296
"2316",2022-03-19 00:09:35,2,303,300,50.2754823788815,5.0523282365805
"2317",2022-03-19 00:09:40,2,303,300,49.9497761249401,5.20889509363969
"2318",2022-03-19 00:09:45,2,303,300,50.2564048623325,4.72605199385
"2319",2022-03-19 00:09:50,2,303,300,51.1026756258636,5.23973965991073
"2320",2022-03-19 00:09:55,2,303,300,49.5784889478965,4.78788103031004
"2321",2022-03-19 00:10:00,2,303,300,49.9524861879354,5.39106505184481
"2322",2022-03-19 00:10:05,2,303,300,50.7925564087561,4.93907879349003
"2323",2022-03-19 00:10:10,2,303,300,50.3048752821751,5.56044827768779
"2324",2022-03-19 00:10:15,2,303,300,48.33419259885,5.04384539091233
"2325",2022-03-19 00:10:20,2,303,300,49.4692383458427,5.36965655608021
"2326",2022-03-19 00:10:25,2,303,300,49.4927579319675,5.37285275952464
"2327",2022-03-19 00:10:30,2,303,300,49.130393410272,4.78531011935196
"2328",2022-03-19 00:10:35,2,303,300,49.348662285286,4.67690020275443
"2329",2022-03-19 00:10:40,2,303,300,50.8525250161785,5.33298585999616
"2330",2022-03-19 00:10:45,2,303,300,49.2890350417193,5.2769172897803
"2331",2022-03-19 00:10:50,2,303,300,49.1995623152703,5.01337613286342
"2332",2022-03-19 00:10:55,2,303,300,50.2390167854271,4.96047007245772
"2333",2022-03-19 00:11:00,2,303,300,49.7245198122536,4.97888729252133
"2334",2022-03-19 00:11:05,2,303,300,50.9427049313028,5.53923697361697
"2335",2022-03-19 00:11:10,2,303,300,50.6257413823141,5.43431743866706
"2336",2022-03-19 00:11:15,2,303,300,49.0690240684918,4.99283934421522
"2337",2022-03-19 00:11:20,2,303,300,49.5592904712514,4.84590665238918
"2338",2022-03-19 00:11:25,2,303,300,49.4030758639231,5.79519748103035
"2339",2022-03-19 00:11:30,2,303,300,49.9092263487361,4.72472554247102
"2340",2022-03-19 00:11:35,2,303,300,48.7437473896193,4.82504622174473
"2341",2022-03-19 00:11:40,2,303,300,49.5512709682661,4.93003145285974
"2342",2022-03-19 00:11:45,2,303,300,49.8316587925931,5.19129016901191
"2343",2022-03-19 00:11:50,2,303,300,49.6905163819582,5.10286508259254
"2344",2022-03-19 00:11:55,2,303,300,50.3046197379807,4.38252420754496
"2345",2022-03-19 00:12:00,2,303,300,50.5028720408456,4.93902235671293
"2346",2022-03-19 00:12:05,2,303,300,51.0418679302759,4.92289092580911
"2347",2022-03-19 00:12:10,2,303,300,49.9328491762248,5.4778460408493
"2348",2022-03-19 00:12:15,2,303,300,50.0251771045805,4.97702319086084
"2349",2022-03-19 00:12:20,2,303,300,49.7925729779539,5.13734849575047
"2350",2022-03-19 00:12:25,2,303,300,49.9925924226791,4.84922756116402
"2351",2022-03-19 00:12:30,2,303,300,50.627266021194,4.89378744235313
"2352",2022-03-19 00:12:35,2,303,300,49.9567251628748,4.91105089180938
"2353",2022-03-19 00:12:40,2,303,300,50.2895909091348,4.79155984113126
"2354",2022-03-19 00:12:45,2,303,300,49.8923267994989,4.92342871787433
"2355",2022-03-19 00:12:50,2,303,300,49.7256255361058,5.17748100926162
"2356",2022-03-19 00:12:55,2,303,300,50.0522856801448,5.1441025049251
"2357",2022-03-19 00:13:00,2,303,300,50.300771279718,5.06637929143217
"2358",2022-03-19 00:13:05,2,303,300,48.9965944563079,4.85987250781911
"2359",2022-03-19 00:13:10,2,303,300,48.7345513802134,4.87923893026446
"2360",2022-03-19 00:13:15,2,303,300,49.9042170682325,5.32374835612981
"2361",2022-03-19 00:13:20,2,303,300,49.9446166880897,4.93093778539822
"2362",2022-03-19 00:13:25,2,303,300,49.9410006880675,4.79860258511849
"2363",2022-03-19 00:13:30,2,303,300,49.4226166147556,4.7688469201318
"2364",2022-03-19 00:13:35,2,303,300,49.3027594656225,5.2338464879759
"2365",2022-03-19 00:13:40,2,303,300,49.2497218499743,5.78270423688747
"2366",2022-03-19 00:13:45,2,303,300,49.8747802950313,4.50741852096556
"2367",2022-03-19 00:13:50,2,303,300,49.9708043154795,5.10548802509085
"2368",2022-03-19 00:13:55,2,303,300,50.2169993882826,4.90037037867949
"2369",2022-03-19 00:14:00,2,303,300,50.1351022905014,4.737219444493
"2370",2022-03-19 00:14:05,2,303,300,50.4528152200358,5.38055245590534
"2371",2022-03-19 00:14:10,2,303,300,48.5365272345904,5.00433280358724
"2372",2022-03-19 00:14:15,2,303,300,49.8339645537991,5.02771757370728
"2373",2022-03-19 00:14:20,2,303,300,49.9212649231519,4.92482282412453
"2374",2022-03-19 00:14:25,2,303,300,48.9559669937652,4.57406943857308
"2375",2022-03-19 00:14:30,2,303,300,48.282952214899,4.78634537470927
"2376",2022-03-19 00:14:35,2,303,300,48.7525625884942,4.92231230442154
"2377",2022-03-19 00:14:40,2,303,300,49.9282713424127,5.07689782306515
"2378",2022-03-19 00:14:45,2,303,300,49.502198903378,5.03644641026671
"2379",2022-03-19 00:14:50,2,303,300,49.4731638837207,5.02995920453144
"2380",2022-03-19 00:14:55,2,303,300,49.486431947535,5.22498263557859
"2381",2022-03-19 00:15:00,2,303,300,49.9383831740428,5.43896332169289
"2382",2022-03-19 00:15:05,2,303,300,50.3538419477456,4.79722931202085
"2383",2022-03-19 00:15:10,2,303,300,49.4051477210444,4.32484816855976
"2384",2022-03-19 00:15:15,2,303,300,49.3044822981857,5.27782625830026
"2385",2022-03-19 00:15:20,2,303,300,50.9429944899463,4.42596073856469
"2386",2022-03-19 00:15:25,2,303,300,50.0511472425336,4.45351989177205
"2387",2022-03-19 00:15:30,2,303,300,51.2006340781204,4.84881457715436
"2388",2022-03-19 00:15:35,2,303,300,49.626270901976,4.79532193056988
"2389",2022-03-19 00:15:40,2,303,300,50.1599224952075,5.08229597585925
"2390",2022-03-19 00:15:45,2,303,300,49.7722827827881,5.19890314581149
"2391",2022-03-19 00:15:50,2,303,300,50.3197651161135,4.9042756289886
"2392",2022-03-19 00:15:55,2,303,300,50.1661505694946,5.149224122215
"2393",2022-03-19 00:16:00,2,303,300,49.6728757600377,4.94334890160802
"2394",2022-03-19 00:16:05,2,303,300,50.4072800077177,5.26741368245544
"2395",2022-03-19 00:16:10,2,303,300,49.875484734733,5.47318556837921
"2396",2022-03-19 00:16:15,2,303,300,49.6146584826351,5.04342795918796
"2397",2022-03-19 00:16:20,2,303,300,49.6432172419858,4.96348171596449
"2398",2022-03-19 00:16:25,2,303,300,49.6098529605295,5.5995862023646
"2399",2022-03-19 00:16:30,2,303,300,50.6584218168306,4.97588493323135
"2400",2022-03-19 00:16:35,2,303,300,49.9689363832705,4.80509811421844
"2401",2022-03-20 00:00:00,2,338,100,49.7121329394507,6.18255308022255
"2402",2022-03-20 00:00:05,2,338,100,50.1061868366255,6.50928562720986
"2403",2022-03-20 00:00:10,2,338,100,48.691564508987,6.39420659772225
"2404",2022-03-20 00:00:15,2,338,100,51.711589265085,6.40831403691911
"2405",2022-03-20 00:00:20,2,338,100,49.8859952340988,6.35824596552445
"2406",2022-03-20 00:00:25,2,338,100,49.8148193613252,6.15036733717097
"2407",2022-03-20 00:00:30,2,338,100,50.652992828035,6.28763361334034
"2408",2022-03-20 00:00:35,2,338,100,50.295963226438,5.73275008810613
"2409",2022-03-20 00:00:40,2,338,100,50.1296077203127,6.24408239970297
"2410",2022-03-20 00:00:45,2,338,100,50.1976212245885,5.71069256909075
"2411",2022-03-20 00:00:50,2,338,100,49.7456264933841,6.83521159596631
"2412",2022-03-20 00:00:55,2,338,100,49.5462697596911,6.51525445559733
"2413",2022-03-20 00:01:00,2,338,100,50.0326936011374,6.282010245508
"2414",2022-03-20 00:01:05,2,338,100,50.582164018422,6.04826109580489
"2415",2022-03-20 00:01:10,2,338,100,49.1286769346529,6.41549466000924
"2416",2022-03-20 00:01:15,2,338,100,50.1376194920877,6.32187905894732
"2417",2022-03-20 00:01:20,2,338,100,49.2150593267023,6.02539967453211
"2418",2022-03-20 00:01:25,2,338,100,48.7511972177474,6.56550034422913
"2419",2022-03-20 00:01:30,2,338,100,49.4638893583785,6.24677080521035
"2420",2022-03-20 00:01:35,2,338,100,50.5537562667668,6.08823293450476
"2421",2022-03-20 00:01:40,2,338,100,48.9937360200791,6.27100706907522
"2422",2022-03-20 00:01:45,2,338,100,50.3689381018576,6.38164648624904
"2423",2022-03-20 00:01:50,2,338,100,48.3589052496475,6.67693435635641
"2424",2022-03-20 00:01:55,2,338,100,49.1757453148996,6.58961127072786
"2425",2022-03-20 00:02:00,2,338,100,49.5129182657004,6.49518552647589
"2426",2022-03-20 00:02:05,2,338,100,49.9136566294348,6.21694005413281
"2427",2022-03-20 00:02:10,2,338,100,48.9199281437374,6.31890352886996
"2428",2022-03-20 00:02:15,2,338,100,50.5800102673559,6.48342206685676
"2429",2022-03-20 00:02:20,2,338,100,49.3047381851712,6.89807364477498
"2430",2022-03-20 00:02:25,2,338,100,49.8910300015481,6.33440905662773
"2431",2022-03-20 00:02:30,2,338,100,49.3845627701475,6.61060483904628
"2432",2022-03-20 00:02:35,2,338,100,49.0858194971261,6.73456035458809
"2433",2022-03-20 00:02:40,2,338,100,50.7090147034465,6.44660313546562
"2434",2022-03-20 00:02:45,2,338,100,49.9558614716618,6.13950420393711
"2435",2022-03-20 00:02:50,2,338,100,49.927360416691,6.1406796200862
"2436",2022-03-20 00:02:55,2,338,100,49.3750645782826,6.6272392333218
"2437",2022-03-20 00:03:00,2,338,100,49.1991288066943,6.20444882816496
"2438",2022-03-20 00:03:05,2,338,100,50.7283270864197,5.98876703634289
"2439",2022-03-20 00:03:10,2,338,100,50.1558268972119,6.07122381299945
"2440",2022-03-20 00:03:15,2,338,100,49.4830265707794,6.57499534055821
"2441",2022-03-20 00:03:20,2,338,100,49.2574436439051,6.0253010907315
"2442",2022-03-20 00:03:25,2,338,100,50.0276836094244,5.83050598656316
"2443",2022-03-20 00:03:30,2,338,100,49.724996655115,6.44786941263602
"2444",2022-03-20 00:03:35,2,338,100,50.1682613506112,6.44964813153224
"2445",2022-03-20 00:03:40,2,338,100,49.3104392905277,6.45556262036789
"2446",2022-03-20 00:03:45,2,338,100,50.5245275948572,6.36160550848609
"2447",2022-03-20 00:03:50,2,338,100,48.9849094996012,6.32851430807009
"2448",2022-03-20 00:03:55,2,338,100,49.8710422886663,6.15145057444769
"2449",2022-03-20 00:04:00,2,338,100,49.2896995039067,6.47401300175343
"2450",2022-03-20 00:04:05,2,338,100,50.1440553255875,6.21674865663199
"2451",2022-03-20 00:04:10,2,338,100,49.5888142737886,5.5329386233358
"2452",2022-03-20 00:04:15,2,338,100,49.9356071758755,6.4686736355976
"2453",2022-03-20 00:04:20,2,338,100,50.1632227419713,6.46783020791334
"2454",2022-03-20 00:04:25,2,338,100,49.6632374539166,6.29725508706034
"2455",2022-03-20 00:04:30,2,338,100,49.4385572090998,6.04177492862113
"2456",2022-03-20 00:04:35,2,338,100,48.9719360573452,7.13917269169118
"2457",2022-03-20 00:04:40,2,338,100,49.9201456045532,6.94200096509297
"2458",2022-03-20 00:04:45,2,338,100,48.982814332808,6.0160393007904
"2459",2022-03-20 00:04:50,2,338,100,50.2990863464425,6.78376573096937
"2460",2022-03-20 00:04:55,2,338,100,50.6529316337597,6.87897173981737
"2461",2022-03-20 00:05:00,2,338,100,50.1441701195138,6.2379374112085
"2462",2022-03-20 00:05:05,2,338,100,50.909859473846,6.78151591334431
"2463",2022-03-20 00:05:10,2,338,100,48.2584282354309,6.29543124976738
"2464",2022-03-20 00:05:15,2,338,100,49.965919617318,6.60957962880777
"2465",2022-03-20 00:05:20,2,338,100,49.8682960233301,6.14817982427256
"2466",2022-03-20 00:05:25,2,338,100,49.5743113389417,6.25775751367018
"2467",2022-03-20 00:05:30,2,338,100,50.5113396619653,6.69584106723044
"2468",2022-03-20 00:05:35,2,338,100,49.4438864543241,5.85183977776488
"2469",2022-03-20 00:05:40,2,338,100,49.3924860680821,6.30443360158326
"2470",2022-03-20 00:05:45,2,338,100,49.1893948399026,6.19396759378818
"2471",2022-03-20 00:05:50,2,338,100,49.4879680271743,6.2523869844281
"2472",2022-03-20 00:05:55,2,338,100,49.2697297099578,6.12070819066435
"2473",2022-03-20 00:06:00,2,338,100,51.4443613756682,6.61669339014207
"2474",2022-03-20 00:06:05,2,338,100,50.2087587636518,6.74277205835808
"2475",2022-03-20 00:06:10,2,338,100,49.8162647981734,6.3808018481685
"2476",2022-03-20 00:06:15,2,338,100,48.9249174895959,6.2638348873506
"2477",2022-03-20 00:06:20,2,338,100,49.5156333546966,6.69372908760377
"2478",2022-03-20 00:06:25,2,338,100,49.2799245268087,6.24535125737645
"2479",2022-03-20 00:06:30,2,338,100,50.3128600151583,6.58324869570492
"2480",2022-03-20 00:06:35,2,338,100,50.3297663553011,6.12741044120193
"2481",2022-03-20 00:06:40,2,338,100,49.4445834218804,6.28756641733137
"2482",2022-03-20 00:06:45,2,338,100,50.0590928535834,6.58710914690749
"2483",2022-03-20 00:06:50,2,338,100,49.809867032122,6.48725563291576
"2484",2022-03-20 00:06:55,2,338,100,49.7727758296463,5.98231206302626
"2485",2022-03-20 00:07:00,2,338,100,49.7901470057598,6.31226719095674
"2486",2022-03-20 00:07:05,2,338,100,50.0444420161913,6.30508185506547
"2487",2022-03-20 00:07:10,2,338,100,50.0217885735236,6.55358461849313
"2488",2022-03-20 00:07:15,2,338,100,50.3476369102977,6.69180187861097
"2489",2022-03-20 00:07:20,2,338,100,50.5490211480618,6.4756027005782
"2490",2022-03-20 00:07:25,2,338,100,49.7089460234114,5.82294923060414
"2491",2022-03-20 00:07:30,2,338,100,49.3780851837843,6.5007207112588
"2492",2022-03-20 00:07:35,2,338,100,48.6676538626677,6.24760344952988
"2493",2022-03-20 00:07:40,2,338,100,50.6889000816318,6.23969093236033
"2494",2022-03-20 00:07:45,2,338,100,49.3626878996641,6.05378934592146
"2495",2022-03-20 00:07:50,2,338,100,50.2235993980986,6.54286751492991
"2496",2022-03-20 00:07:55,2,338,100,50.1337610472663,5.72800665014396
"2497",2022-03-20 00:08:00,2,338,100,50.502392702259,6.1551788948275
"2498",2022-03-20 00:08:05,2,338,100,49.814800538893,5.85415724539393
"2499",2022-03-20 00:08:10,2,338,100,49.9922977305751,6.77352877823507
"2500",2022-03-20 00:08:15,2,338,100,50.3597957175111,6.10493809143486
"2501",2022-03-20 00:08:20,2,338,100,50.2636509488895,6.25778652390079
"2502",2022-03-20 00:08:25,2,338,100,49.3129787139016,6.3123519924193
"2503",2022-03-20 00:08:30,2,338,100,49.7788125126891,6.56943855759322
"2504",2022-03-20 00:08:35,2,338,100,51.4012748052201,6.3410059936982
"2505",2022-03-20 00:08:40,2,338,100,49.5484957956665,6.09007573258941
"2506",2022-03-20 00:08:45,2,338,100,50.363173339883,6.58040497443808
"2507",2022-03-20 00:08:50,2,338,100,50.2838300183744,6.18045875526475
"2508",2022-03-20 00:08:55,2,338,100,50.1602405848559,6.02466720818491
"2509",2022-03-20 00:09:00,2,338,100,49.8755017795844,6.24952508126681
"2510",2022-03-20 00:09:05,2,338,100,48.8811101327394,6.18848429215315
"2511",2022-03-20 00:09:10,2,338,100,49.8343036337044,6.16752072970219
"2512",2022-03-20 00:09:15,2,338,100,49.3423173862147,6.16193086798782
"2513",2022-03-20 00:09:20,2,338,100,48.6458634864274,5.98659719171748
"2514",2022-03-20 00:09:25,2,338,100,49.2868250675499,6.69610672983928
"2515",2022-03-20 00:09:30,2,338,100,49.4784368765884,6.14826068788681
"2516",2022-03-20 00:09:35,2,338,100,50.1667407680817,6.54982653778334
"2517",2022-03-20 00:09:40,2,338,100,49.2493445681406,6.51034218960629
"2518",2022-03-20 00:09:45,2,338,100,49.3226871482043,6.4304959612016
"2519",2022-03-20 00:09:50,2,338,100,50.3508643299597,5.93045448821645
"2520",2022-03-20 00:09:55,2,338,100,49.140164394271,6.53186464375649
"2521",2022-03-20 00:10:00,2,338,100,49.8559365033056,6.22940976908097
"2522",2022-03-20 00:10:05,2,338,100,50.2919299956429,6.59179814123542
"2523",2022-03-20 00:10:10,2,338,100,49.6830485037702,6.10760914812368
"2524",2022-03-20 00:10:15,2,338,100,49.1961622344295,6.63871642507607
"2525",2022-03-20 00:10:20,2,338,100,50.4254203883877,6.30810616445615
"2526",2022-03-20 00:10:25,2,338,100,49.9143420343914,6.65097680571202
"2527",2022-03-20 00:10:30,2,338,100,49.3218275564479,6.37107149080797
"2528",2022-03-20 00:10:35,2,338,100,50.8481337640769,6.59369426124427
"2529",2022-03-20 00:10:40,2,338,100,49.3923333684646,5.95808524578872
"2530",2022-03-20 00:10:45,2,338,100,48.9355663529523,6.41732289588844
"2531",2022-03-20 00:10:50,2,338,100,49.494426190349,6.22290176114881
"2532",2022-03-20 00:10:55,2,338,100,49.8692488664612,6.59729246927803
"2533",2022-03-20 00:11:00,2,338,100,50.3090497777255,6.3211531324074
"2534",2022-03-20 00:11:05,2,338,100,50.1350632451686,5.86621089810091
"2535",2022-03-20 00:11:10,2,338,100,49.1505703220262,6.48317624327558
"2536",2022-03-20 00:11:15,2,338,100,48.721938578782,6.30775768150408
"2537",2022-03-20 00:11:20,2,338,100,50.5551493166237,6.68153935482492
"2538",2022-03-20 00:11:25,2,338,100,49.9823258415764,6.09084233859837
"2539",2022-03-20 00:11:30,2,338,100,49.2991989974385,5.83810556419044
"2540",2022-03-20 00:11:35,2,338,100,50.0262183804275,6.53550954375649
"2541",2022-03-20 00:11:40,2,338,100,49.2982659739065,6.44579528348222
"2542",2022-03-20 00:11:45,2,338,100,50.2277861428425,6.3743262921719
"2543",2022-03-20 00:11:50,2,338,100,49.4985973492479,6.52223864636392
"2544",2022-03-20 00:11:55,2,338,100,49.4284169785581,6.38754633381883
"2545",2022-03-20 00:12:00,2,338,100,50.2576625887016,6.48060893468132
"2546",2022-03-20 00:12:05,2,338,100,49.8543440536949,6.24007713400949
"2547",2022-03-20 00:12:10,2,338,100,50.9102781097837,6.20025793380035
"2548",2022-03-20 00:12:15,2,338,100,50.4013817125161,5.58799749212994
"2549",2022-03-20 00:12:20,2,338,100,48.7475389110415,6.52298347692667
"2550",2022-03-20 00:12:25,2,338,100,50.0173836975315,6.20728685395196
"2551",2022-03-20 00:12:30,2,338,100,51.2558249786613,6.49120070673595
"2552",2022-03-20 00:12:35,2,338,100,48.7106455050043,6.42373401559801
"2553",2022-03-20 00:12:40,2,338,100,50.1459680286756,6.27339490902322
"2554",2022-03-20 00:12:45,2,338,100,50.6232823553003,6.93239550092775
"2555",2022-03-20 00:12:50,2,338,100,49.7743787278249,6.35715649059705
"2556",2022-03-20 00:12:55,2,338,100,50.3673576292748,6.17258283545993
"2557",2022-03-20 00:13:00,2,338,100,49.5678971271545,6.67386305862118
"2558",2022-03-20 00:13:05,2,338,100,49.1688381254552,6.37344171729364
"2559",2022-03-20 00:13:10,2,338,100,49.574809678417,6.07513033082422
"2560",2022-03-20 00:13:15,2,338,100,49.8932252275603,6.52167542485429
"2561",2022-03-20 00:13:20,2,338,100,49.3012692388057,6.26476288325317
"2562",2022-03-20 00:13:25,2,338,100,50.926154054436,6.28348946827926
"2563",2022-03-20 00:13:30,2,338,100,49.9428458695472,6.41122766872398
"2564",2022-03-20 00:13:35,2,338,100,50.0391260749242,6.42169989638216
"2565",2022-03-20 00:13:40,2,338,100,49.8949236282564,6.45283273845328
"2566",2022-03-20 00:13:45,2,338,100,48.7660904126742,6.52697467543015
"2567",2022-03-20 00:13:50,2,338,100,48.9590334876397,6.20016784477625
"2568",2022-03-20 00:13:55,2,338,100,49.13170431863,6.27510812776177
"2569",2022-03-20 00:14:00,2,338,100,49.9697038914027,6.80303896775727
"2570",2022-03-20 00:14:05,2,338,100,50.1427859233256,6.41938004013524
"2571",2022-03-20 00:14:10,2,338,100,49.4805996472875,5.83591623503787
"2572",2022-03-20 00:14:15,2,338,100,50.49375585435,6.37336394425628
"2573",2022-03-20 00:14:20,2,338,100,50.4870894376467,6.39763045213543
"2574",2022-03-20 00:14:25,2,338,100,50.4903843360734,6.81233186874353
"2575",2022-03-20 00:14:30,2,338,100,48.9819771461722,6.95963509902394
"2576",2022-03-20 00:14:35,2,338,100,50.9938700916812,6.02349227434032
"2577",2022-03-20 00:14:40,2,338,100,49.103047230694,6.43766313414768
"2578",2022-03-20 00:14:45,2,338,100,50.1021770825404,6.47888339203556
"2579",2022-03-20 00:14:50,2,338,100,50.1801432504971,5.78070187067974
"2580",2022-03-20 00:14:55,2,338,100,49.4009649347165,6.60403385640556
"2581",2022-03-20 00:15:00,2,338,100,48.8043963621194,6.31168832641961
"2582",2022-03-20 00:15:05,2,338,100,50.4290094944809,6.38755851226549
"2583",2022-03-20 00:15:10,2,338,100,49.5051625061473,6.32778119961565
"2584",2022-03-20 00:15:15,2,338,100,50.4438685900347,6.1470852204865
"2585",2022-03-20 00:15:20,2,338,100,48.8565180207718,6.73695338891709
"2586",2022-03-20 00:15:25,2,338,100,49.6145235862093,6.48830306009072
"2587",2022-03-20 00:15:30,2,338,100,49.1702014828058,6.27020595081093
"2588",2022-03-20 00:15:35,2,338,100,50.5248768320478,6.27411129881445
"2589",2022-03-20 00:15:40,2,338,100,49.1712831360797,6.57152548558145
"2590",2022-03-20 00:15:45,2,338,100,48.9924905520903,6.02102721447412
"2591",2022-03-20 00:15:50,2,338,100,49.789082719276,6.34079171252042
"2592",2022-03-20 00:15:55,2,338,100,50.0236001370266,6.3377346211238
"2593",2022-03-20 00:16:00,2,338,100,49.4562858279486,6.53440860034735
"2594",2022-03-20 00:16:05,2,338,100,49.7638621828777,6.32602301175281
"2595",2022-03-20 00:16:10,2,338,100,50.0736692752158,6.42933535561891
"2596",2022-03-20 00:16:15,2,338,100,49.1890460716288,6.82181137609752
"2597",2022-03-20 00:16:20,2,338,100,50.9429724491679,6.6223950930029
"2598",2022-03-20 00:16:25,2,338,100,50.3276232670528,6.3724197852269
"2599",2022-03-20 00:16:30,2,338,100,49.1247593087173,6.23574427135757
"2600",2022-03-20 00:16:35,2,338,100,50.0357056142673,6.61132123390566
"2601",2022-03-21 00:00:00,2,338,200,49.8541981965693,5.87813748733399
"2602",2022-03-21 00:00:05,2,338,200,49.0703632336709,5.41127580965371
"2603",2022-03-21 00:00:10,2,338,200,49.9523380678442,5.31385762629399
"2604",2022-03-21 00:00:15,2,338,200,49.7848884371318,5.46636172501004
"2605",2022-03-21 00:00:20,2,338,200,49.3378612646248,5.41743547857711
"2606",2022-03-21 00:00:25,2,338,200,50.234773303717,5.37665978354238
"2607",2022-03-21 00:00:30,2,338,200,50.6098705912263,5.66043273890737
"2608",2022-03-21 00:00:35,2,338,200,50.3210890616988,5.74847459280309
"2609",2022-03-21 00:00:40,2,338,200,50.6235473183807,5.8116973752633
"2610",2022-03-21 00:00:45,2,338,200,50.2757107775497,5.92510734214002
"2611",2022-03-21 00:00:50,2,338,200,48.7324896355981,5.79651990126508
"2612",2022-03-21 00:00:55,2,338,200,50.0773111224668,5.52518583307871
"2613",2022-03-21 00:01:00,2,338,200,50.3615984959425,5.51920650123447
"2614",2022-03-21 00:01:05,2,338,200,50.3232063186065,5.63491590169722
"2615",2022-03-21 00:01:10,2,338,200,50.1151026813669,5.35060158769904
"2616",2022-03-21 00:01:15,2,338,200,50.4226175947669,5.32303764277519
"2617",2022-03-21 00:01:20,2,338,200,49.3025309883075,5.89366855226213
"2618",2022-03-21 00:01:25,2,338,200,49.4574918856756,5.65020269157839
"2619",2022-03-21 00:01:30,2,338,200,51.0616315517506,5.75261780122894
"2620",2022-03-21 00:01:35,2,338,200,48.5922884806732,5.3027731160361
"2621",2022-03-21 00:01:40,2,338,200,50.4503734997483,5.36702352965695
"2622",2022-03-21 00:01:45,2,338,200,49.5471284953557,6.01661977748384
"2623",2022-03-21 00:01:50,2,338,200,50.7698335169348,5.61538082505798
"2624",2022-03-21 00:01:55,2,338,200,51.0825378282483,5.31687015956641
"2625",2022-03-21 00:02:00,2,338,200,50.2432653726176,5.67997319544555
"2626",2022-03-21 00:02:05,2,338,200,50.3913836679184,5.46565885818775
"2627",2022-03-21 00:02:10,2,338,200,49.4903403085793,5.24837897986025
"2628",2022-03-21 00:02:15,2,338,200,49.0993384320404,6.18890707640147
"2629",2022-03-21 00:02:20,2,338,200,49.5524990190408,5.90379637316733
"2630",2022-03-21 00:02:25,2,338,200,50.3343163979799,5.68165212639797
"2631",2022-03-21 00:02:30,2,338,200,49.8803297523773,6.10664912133597
"2632",2022-03-21 00:02:35,2,338,200,50.3148303873877,5.22327029306998
"2633",2022-03-21 00:02:40,2,338,200,50.1713117268711,5.62894011856024
"2634",2022-03-21 00:02:45,2,338,200,49.9858408698195,5.33895050818518
"2635",2022-03-21 00:02:50,2,338,200,49.8817893006133,5.74005586777441
"2636",2022-03-21 00:02:55,2,338,200,49.9779764873545,5.8201352817675
"2637",2022-03-21 00:03:00,2,338,200,49.7757175780623,5.65170414380714
"2638",2022-03-21 00:03:05,2,338,200,49.9636366328392,6.20605907207722
"2639",2022-03-21 00:03:10,2,338,200,50.5543997945778,6.20025549054723
"2640",2022-03-21 00:03:15,2,338,200,51.1750202471448,5.83078356614529
"2641",2022-03-21 00:03:20,2,338,200,49.4026840745336,5.62762854016054
"2642",2022-03-21 00:03:25,2,338,200,48.6382002798793,5.52144105726078
"2643",2022-03-21 00:03:30,2,338,200,49.7705077867391,6.1812413773287
"2644",2022-03-21 00:03:35,2,338,200,49.3065594104805,5.30799546138207
"2645",2022-03-21 00:03:40,2,338,200,50.1371274136242,5.58248480577637
"2646",2022-03-21 00:03:45,2,338,200,49.421262478296,6.059399208494
"2647",2022-03-21 00:03:50,2,338,200,49.1600648312166,6.33300931921484
"2648",2022-03-21 00:03:55,2,338,200,49.7281152412136,6.05839580190809
"2649",2022-03-21 00:04:00,2,338,200,49.9337116218784,6.12149379078876
"2650",2022-03-21 00:04:05,2,338,200,49.9799248769376,5.61609283068939
"2651",2022-03-21 00:04:10,2,338,200,50.0586165952664,6.41048012278306
"2652",2022-03-21 00:04:15,2,338,200,50.2719142607418,5.18630703751634
"2653",2022-03-21 00:04:20,2,338,200,49.7515712906939,5.98954239454608
"2654",2022-03-21 00:04:25,2,338,200,49.7922482254083,5.62198406448487
"2655",2022-03-21 00:04:30,2,338,200,49.9518591711691,5.16555665023659
"2656",2022-03-21 00:04:35,2,338,200,50.1716729867373,5.73725280109351
"2657",2022-03-21 00:04:40,2,338,200,49.7592487775626,5.73287193190755
"2658",2022-03-21 00:04:45,2,338,200,49.9453474014616,5.66873133681228
"2659",2022-03-21 00:04:50,2,338,200,49.0080973570961,5.19335205907938
"2660",2022-03-21 00:04:55,2,338,200,50.8264124791298,6.08645175279979
"2661",2022-03-21 00:05:00,2,338,200,50.2072295209711,5.40097559093576
"2662",2022-03-21 00:05:05,2,338,200,49.5550023777168,5.28689095509637
"2663",2022-03-21 00:05:10,2,338,200,49.3913049680196,5.66151002113087
"2664",2022-03-21 00:05:15,2,338,200,50.9387302833049,5.74291436789028
"2665",2022-03-21 00:05:20,2,338,200,49.2942429952372,5.58700447526629
"2666",2022-03-21 00:05:25,2,338,200,49.6355704885878,5.73727975628082
"2667",2022-03-21 00:05:30,2,338,200,49.4944704144937,5.38794277650855
"2668",2022-03-21 00:05:35,2,338,200,50.7866262974077,5.52504748999664
"2669",2022-03-21 00:05:40,2,338,200,50.663540524716,5.55731808037862
"2670",2022-03-21 00:05:45,2,338,200,49.1554101505587,5.52939608604185
"2671",2022-03-21 00:05:50,2,338,200,49.0818798148151,5.27694501177335
"2672",2022-03-21 00:05:55,2,338,200,49.6572367239315,5.89738488730728
"2673",2022-03-21 00:06:00,2,338,200,48.8582079941553,5.04544942315957
"2674",2022-03-21 00:06:05,2,338,200,50.195034514054,5.51559462746368
"2675",2022-03-21 00:06:10,2,338,200,49.8779393608624,5.58135139379298
"2676",2022-03-21 00:06:15,2,338,200,49.5498643737806,5.62326757727339
"2677",2022-03-21 00:06:20,2,338,200,49.8852559086873,5.7620929197643
"2678",2022-03-21 00:06:25,2,338,200,50.7247883104186,5.87739812021559
"2679",2022-03-21 00:06:30,2,338,200,48.7793765334355,5.73086735919337
"2680",2022-03-21 00:06:35,2,338,200,50.0285067238462,5.85412255612006
"2681",2022-03-21 00:06:40,2,338,200,49.9616811339611,5.93707475152409
"2682",2022-03-21 00:06:45,2,338,200,50.0071415432617,5.91899061187904
"2683",2022-03-21 00:06:50,2,338,200,50.1930456400608,5.23239137097724
"2684",2022-03-21 00:06:55,2,338,200,50.3097899186192,5.99965025576824
"2685",2022-03-21 00:07:00,2,338,200,49.8985057345475,5.58939329188122
"2686",2022-03-21 00:07:05,2,338,200,49.7404165746539,5.7535361710619
"2687",2022-03-21 00:07:10,2,338,200,50.3894933685112,6.010369150483
"2688",2022-03-21 00:07:15,2,338,200,49.2411080095075,5.91036305928236
"2689",2022-03-21 00:07:20,2,338,200,50.2313606694909,5.64994040903633
"2690",2022-03-21 00:07:25,2,338,200,49.9662874602044,5.41419915164809
"2691",2022-03-21 00:07:30,2,338,200,49.5572237670526,4.91316442279575
"2692",2022-03-21 00:07:35,2,338,200,49.3478613047046,5.65856197619054
"2693",2022-03-21 00:07:40,2,338,200,49.6094888350776,5.57246840038275
"2694",2022-03-21 00:07:45,2,338,200,49.156558176541,5.38824999712613
"2695",2022-03-21 00:07:50,2,338,200,50.8937980971457,5.60054500366021
"2696",2022-03-21 00:07:55,2,338,200,50.0133340458639,5.89895259959521
"2697",2022-03-21 00:08:00,2,338,200,49.6319634285304,5.73847051645092
"2698",2022-03-21 00:08:05,2,338,200,50.3004643403345,6.08359278594217
"2699",2022-03-21 00:08:10,2,338,200,49.9601978400784,5.29866483149188
"2700",2022-03-21 00:08:15,2,338,200,49.5969524894555,5.29514249150507
"2701",2022-03-21 00:08:20,2,338,200,50.1776710313375,5.58713090816011
"2702",2022-03-21 00:08:25,2,338,200,49.5739616352368,6.00123640246423
"2703",2022-03-21 00:08:30,2,338,200,49.1696225534762,6.00307187363965
"2704",2022-03-21 00:08:35,2,338,200,48.4955582869898,5.85535153611375
"2705",2022-03-21 00:08:40,2,338,200,49.9151915731139,4.9800630158872
"2706",2022-03-21 00:08:45,2,338,200,49.8194600737036,5.98709517349103
"2707",2022-03-21 00:08:50,2,338,200,48.2188130857691,5.56646850801418
"2708",2022-03-21 00:08:55,2,338,200,49.5146781238254,5.31632057678988
"2709",2022-03-21 00:09:00,2,338,200,49.9519528340453,5.5889322305961
"2710",2022-03-21 00:09:05,2,338,200,49.1157632220681,5.52453662977317
"2711",2022-03-21 00:09:10,2,338,200,49.2940862800464,5.67081516681106
"2712",2022-03-21 00:09:15,2,338,200,50.6109121435379,5.44201477290689
"2713",2022-03-21 00:09:20,2,338,200,50.0146425167307,5.95847933817483
"2714",2022-03-21 00:09:25,2,338,200,50.6916102087142,5.68336112665592
"2715",2022-03-21 00:09:30,2,338,200,50.0797226043622,5.10740355952186
"2716",2022-03-21 00:09:35,2,338,200,51.1073442172283,5.15230798021728
"2717",2022-03-21 00:09:40,2,338,200,49.4879257712195,5.15652535823702
"2718",2022-03-21 00:09:45,2,338,200,49.0445456886049,5.80139890578597
"2719",2022-03-21 00:09:50,2,338,200,49.5661674179809,6.21146648012343
"2720",2022-03-21 00:09:55,2,338,200,49.9209128680767,5.55558193477973
"2721",2022-03-21 00:10:00,2,338,200,50.2864843867454,5.50325735139168
"2722",2022-03-21 00:10:05,2,338,200,48.9919089871967,5.80412751739477
"2723",2022-03-21 00:10:10,2,338,200,50.0353402097327,6.10558373388783
"2724",2022-03-21 00:10:15,2,338,200,49.8922509806641,5.62839036016161
"2725",2022-03-21 00:10:20,2,338,200,50.1967224747808,5.92262390793744
"2726",2022-03-21 00:10:25,2,338,200,50.5677637731612,5.44135599609862
"2727",2022-03-21 00:10:30,2,338,200,49.496962650884,5.65765780277179
"2728",2022-03-21 00:10:35,2,338,200,49.5335742872213,6.13810114944738
"2729",2022-03-21 00:10:40,2,338,200,50.1942494240673,5.88576287486961
"2730",2022-03-21 00:10:45,2,338,200,49.5267137021363,5.53452457074534
"2731",2022-03-21 00:10:50,2,338,200,49.1174135867728,5.62992575181652
"2732",2022-03-21 00:10:55,2,338,200,49.3098064862591,5.34798341283887
"2733",2022-03-21 00:11:00,2,338,200,49.7929900386957,6.1274448961796
"2734",2022-03-21 00:11:05,2,338,200,50.0065261258834,5.66783466593877
"2735",2022-03-21 00:11:10,2,338,200,49.194740323615,5.41826720760738
"2736",2022-03-21 00:11:15,2,338,200,49.130199794346,5.32777264476151
"2737",2022-03-21 00:11:20,2,338,200,49.8336842843792,5.64401462407246
"2738",2022-03-21 00:11:25,2,338,200,49.3763597082432,5.58476911817643
"2739",2022-03-21 00:11:30,2,338,200,50.686016328586,5.73190577583237
"2740",2022-03-21 00:11:35,2,338,200,49.5902294338867,5.93461326554505
"2741",2022-03-21 00:11:40,2,338,200,50.6241443914985,5.19432048132693
"2742",2022-03-21 00:11:45,2,338,200,50.1670982802636,5.85828241446952
"2743",2022-03-21 00:11:50,2,338,200,49.4182597996993,5.7157358218989
"2744",2022-03-21 00:11:55,2,338,200,49.7071427984436,5.50676488785808
"2745",2022-03-21 00:12:00,2,338,200,50.0693443372583,5.71399199616526
"2746",2022-03-21 00:12:05,2,338,200,49.4894890083795,5.72666648724832
"2747",2022-03-21 00:12:10,2,338,200,51.1914587821758,5.87032739885173
"2748",2022-03-21 00:12:15,2,338,200,49.762978025693,5.84987141902349
"2749",2022-03-21 00:12:20,2,338,200,49.4423582289386,6.0592923101869
"2750",2022-03-21 00:12:25,2,338,200,49.4370808382848,5.91445674996059
"2751",2022-03-21 00:12:30,2,338,200,49.0291893278812,5.56527950199347
"2752",2022-03-21 00:12:35,2,338,200,48.9548053845607,5.33255675222907
"2753",2022-03-21 00:12:40,2,338,200,50.2888950420811,5.96494406777079
"2754",2022-03-21 00:12:45,2,338,200,49.711034698651,5.33302051828796
"2755",2022-03-21 00:12:50,2,338,200,48.2168037938439,5.5844602453708
"2756",2022-03-21 00:12:55,2,338,200,49.0814145405793,5.7733006531282
"2757",2022-03-21 00:13:00,2,338,200,49.1659753342211,5.20249054076415
"2758",2022-03-21 00:13:05,2,338,200,48.682998785248,6.22841864219802
"2759",2022-03-21 00:13:10,2,338,200,49.3935405627184,6.21869784051069
"2760",2022-03-21 00:13:15,2,338,200,49.5941677095226,6.08311736283997
"2761",2022-03-21 00:13:20,2,338,200,48.901784601588,5.40215960592913
"2762",2022-03-21 00:13:25,2,338,200,51.5594540978334,5.58708846839444
"2763",2022-03-21 00:13:30,2,338,200,50.1058755400462,5.93185660913785
"2764",2022-03-21 00:13:35,2,338,200,49.3106420600034,5.53280081467257
"2765",2022-03-21 00:13:40,2,338,200,50.0895243244086,5.27727559903291
"2766",2022-03-21 00:13:45,2,338,200,49.7277676744566,5.90046839215552
"2767",2022-03-21 00:13:50,2,338,200,49.1543053578726,6.08090940116142
"2768",2022-03-21 00:13:55,2,338,200,49.3021827570949,6.04459893523732
"2769",2022-03-21 00:14:00,2,338,200,50.583695083996,5.86117614954393
"2770",2022-03-21 00:14:05,2,338,200,50.1488670396853,5.74377440622765
"2771",2022-03-21 00:14:10,2,338,200,50.7235721856253,5.45713730973775
"2772",2022-03-21 00:14:15,2,338,200,49.2903179588875,5.75230064057033
"2773",2022-03-21 00:14:20,2,338,200,49.9867716914576,5.59466897040276
"2774",2022-03-21 00:14:25,2,338,200,50.3475066854525,5.90308822266414
"2775",2022-03-21 00:14:30,2,338,200,50.3540583904124,6.27651797449338
"2776",2022-03-21 00:14:35,2,338,200,49.2894343453714,5.45937138842815
"2777",2022-03-21 00:14:40,2,338,200,50.425564951998,5.42635956801105
"2778",2022-03-21 00:14:45,2,338,200,49.3569976380879,5.2599126813237
"2779",2022-03-21 00:14:50,2,338,200,49.4661134273302,5.45678756176199
"2780",2022-03-21 00:14:55,2,338,200,50.0299963307043,5.92785455122997
"2781",2022-03-21 00:15:00,2,338,200,49.9221074703668,5.97222533538426
"2782",2022-03-21 00:15:05,2,338,200,48.611581693783,5.91434778701903
"2783",2022-03-21 00:15:10,2,338,200,49.425800396198,6.39967607706097
"2784",2022-03-21 00:15:15,2,338,200,50.3701100640645,5.680663882532
"2785",2022-03-21 00:15:20,2,338,200,49.4739993330189,5.70859358793492
"2786",2022-03-21 00:15:25,2,338,200,50.676422129261,5.25793101759941
"2787",2022-03-21 00:15:30,2,338,200,49.4921961301714,5.52549893546391
"2788",2022-03-21 00:15:35,2,338,200,50.3884028272078,5.70249133421748
"2789",2022-03-21 00:15:40,2,338,200,50.2340992012647,5.61645211218595
"2790",2022-03-21 00:15:45,2,338,200,48.881314274183,6.0220130167666
"2791",2022-03-21 00:15:50,2,338,200,49.6496303288275,6.01841037009641
"2792",2022-03-21 00:15:55,2,338,200,50.53475361376,5.29911495529915
"2793",2022-03-21 00:16:00,2,338,200,49.3076066950271,5.57662431445544
"2794",2022-03-21 00:16:05,2,338,200,50.6804257011573,5.14983735240292
"2795",2022-03-21 00:16:10,2,338,200,50.2446176262403,5.50909760097941
"2796",2022-03-21 00:16:15,2,338,200,49.591746934528,5.44553979047773
"2797",2022-03-21 00:16:20,2,338,200,49.1399353177496,5.54054336486495
"2798",2022-03-21 00:16:25,2,338,200,49.9490059071527,5.90253507776672
"2799",2022-03-21 00:16:30,2,338,200,49.5971435099113,5.43359730021375
"2800",2022-03-21 00:16:35,2,338,200,49.3776330474346,6.13119729417293
"2801",2022-03-22 00:00:00,2,338,300,50.5025204960324,5.61131732707563
"2802",2022-03-22 00:00:05,2,338,300,50.4713721727368,4.87372506680542
"2803",2022-03-22 00:00:10,2,338,300,50.0735193213324,5.39765295619321
"2804",2022-03-22 00:00:15,2,338,300,49.6052681442713,5.15554566909467
"2805",2022-03-22 00:00:20,2,338,300,49.8703898981707,4.90772161860427
"2806",2022-03-22 00:00:25,2,338,300,50.5264273619743,4.88008407063554
"2807",2022-03-22 00:00:30,2,338,300,50.3417788527551,5.02230025554647
"2808",2022-03-22 00:00:35,2,338,300,48.4837488944649,5.2903032635435
"2809",2022-03-22 00:00:40,2,338,300,50.0397300122673,4.67918437156899
"2810",2022-03-22 00:00:45,2,338,300,50.7720194777156,5.31139508085552
"2811",2022-03-22 00:00:50,2,338,300,49.1505302015693,4.93982231453151
"2812",2022-03-22 00:00:55,2,338,300,49.8296737637839,5.43289349995249
"2813",2022-03-22 00:01:00,2,338,300,49.7454468626893,4.97237806269881
"2814",2022-03-22 00:01:05,2,338,300,48.8496701729917,5.27978180992109
"2815",2022-03-22 00:01:10,2,338,300,49.6824420789221,5.11455564515035
"2816",2022-03-22 00:01:15,2,338,300,49.9543132141369,5.20228274719266
"2817",2022-03-22 00:01:20,2,338,300,50.1435754267757,4.70954854285556
"2818",2022-03-22 00:01:25,2,338,300,49.5003532042175,4.56472482533129
"2819",2022-03-22 00:01:30,2,338,300,49.0394077904245,5.21050280395766
"2820",2022-03-22 00:01:35,2,338,300,50.2782900046509,4.933994575771
"2821",2022-03-22 00:01:40,2,338,300,49.5823516783011,5.55687332061636
"2822",2022-03-22 00:01:45,2,338,300,49.9155121058894,5.24420227869274
"2823",2022-03-22 00:01:50,2,338,300,50.3679943484832,5.33550770939087
"2824",2022-03-22 00:01:55,2,338,300,50.8171418822501,5.4481074438169
"2825",2022-03-22 00:02:00,2,338,300,50.4155660686372,5.22266331492781
"2826",2022-03-22 00:02:05,2,338,300,49.9349421817433,5.88785948516525
"2827",2022-03-22 00:02:10,2,338,300,49.4803698767914,4.95598806454402
"2828",2022-03-22 00:02:15,2,338,300,50.1245134372652,4.77621370705604
"2829",2022-03-22 00:02:20,2,338,300,48.9635996920179,4.97623503614635
"2830",2022-03-22 00:02:25,2,338,300,50.1777203708472,4.69721108958036
"2831",2022-03-22 00:02:30,2,338,300,50.7165159572866,5.07204708713984
"2832",2022-03-22 00:02:35,2,338,300,50.5829004709931,5.56568128412827
"2833",2022-03-22 00:02:40,2,338,300,49.7397758955879,4.88624393475477
"2834",2022-03-22 00:02:45,2,338,300,49.5749709130077,5.14024020633645
"2835",2022-03-22 00:02:50,2,338,300,49.8267919651414,5.27995145814188
"2836",2022-03-22 00:02:55,2,338,300,50.6959416985475,5.47114572068126
"2837",2022-03-22 00:03:00,2,338,300,49.6504898886061,4.90687626907758
"2838",2022-03-22 00:03:05,2,338,300,50.2932881291301,5.26323160796093
"2839",2022-03-22 00:03:10,2,338,300,49.6699324395843,5.38472137936823
"2840",2022-03-22 00:03:15,2,338,300,50.4245550926093,5.08041852256657
"2841",2022-03-22 00:03:20,2,338,300,50.4373420144606,4.39008712404769
"2842",2022-03-22 00:03:25,2,338,300,50.4946265481704,5.40592185845679
"2843",2022-03-22 00:03:30,2,338,300,49.3271830898306,5.31846783907458
"2844",2022-03-22 00:03:35,2,338,300,49.8928435584677,5.38540440468985
"2845",2022-03-22 00:03:40,2,338,300,49.4226794944583,4.95406630566015
"2846",2022-03-22 00:03:45,2,338,300,48.9794948281038,4.64732391075377
"2847",2022-03-22 00:03:50,2,338,300,49.6907168683059,5.20912465752272
"2848",2022-03-22 00:03:55,2,338,300,50.1218747899379,4.60997859891385
"2849",2022-03-22 00:04:00,2,338,300,50.7203466279658,4.87158993793263
"2850",2022-03-22 00:04:05,2,338,300,49.4924025212112,5.1211546548375
"2851",2022-03-22 00:04:10,2,338,300,49.5491124977606,4.84260191079714
"2852",2022-03-22 00:04:15,2,338,300,49.5938818178199,5.31613349453005
"2853",2022-03-22 00:04:20,2,338,300,48.99334797769,4.76979182732719
"2854",2022-03-22 00:04:25,2,338,300,50.1387124216132,4.95591063709212
"2855",2022-03-22 00:04:30,2,338,300,50.1084193115281,5.29647086102905
"2856",2022-03-22 00:04:35,2,338,300,50.6159965702289,5.26376556792176
"2857",2022-03-22 00:04:40,2,338,300,49.5178386081281,5.31050372818556
"2858",2022-03-22 00:04:45,2,338,300,49.4697766163798,5.50315243762777
"2859",2022-03-22 00:04:50,2,338,300,50.2339260662213,4.9432248197147
"2860",2022-03-22 00:04:55,2,338,300,49.761412241404,4.95302037993699
"2861",2022-03-22 00:05:00,2,338,300,50.099646951241,5.19095300124788
"2862",2022-03-22 00:05:05,2,338,300,50.3031732332127,5.19879698679534
"2863",2022-03-22 00:05:10,2,338,300,50.6375039405661,4.88102511385868
"2864",2022-03-22 00:05:15,2,338,300,50.6056786002977,5.21587648365235
"2865",2022-03-22 00:05:20,2,338,300,49.5095092276857,4.86764074568919
"2866",2022-03-22 00:05:25,2,338,300,49.0072412143741,5.48093375235363
"2867",2022-03-22 00:05:30,2,338,300,50.5607891636884,5.31884216889231
"2868",2022-03-22 00:05:35,2,338,300,50.0203450034653,4.71339258548218
"2869",2022-03-22 00:05:40,2,338,300,49.3086614912671,5.06340277575728
"2870",2022-03-22 00:05:45,2,338,300,49.2036737952702,4.75449725757787
"2871",2022-03-22 00:05:50,2,338,300,49.0414772542903,4.75101374850267
"2872",2022-03-22 00:05:55,2,338,300,50.075322481214,4.92970195564289
"2873",2022-03-22 00:06:00,2,338,300,49.7126235585658,5.06951614956079
"2874",2022-03-22 00:06:05,2,338,300,50.0140681736724,4.8196493429356
"2875",2022-03-22 00:06:10,2,338,300,50.6015183068086,5.45461377363489
"2876",2022-03-22 00:06:15,2,338,300,50.096853866592,5.12065987478333
"2877",2022-03-22 00:06:20,2,338,300,48.8388535843672,5.23283695673811
"2878",2022-03-22 00:06:25,2,338,300,49.5630166016178,4.82491165810106
"2879",2022-03-22 00:06:30,2,338,300,49.2997203545098,4.69707091644368
"2880",2022-03-22 00:06:35,2,338,300,50.0388398139965,5.19465315735975
"2881",2022-03-22 00:06:40,2,338,300,50.253567857323,5.09573282978201
"2882",2022-03-22 00:06:45,2,338,300,50.8824453143344,4.96968968039012
"2883",2022-03-22 00:06:50,2,338,300,49.709654413978,4.86182514503118
"2884",2022-03-22 00:06:55,2,338,300,50.0150961417211,5.12008610574533
"2885",2022-03-22 00:07:00,2,338,300,49.0928473655299,5.26654128840702
"2886",2022-03-22 00:07:05,2,338,300,50.2283763585264,4.94109424710821
"2887",2022-03-22 00:07:10,2,338,300,50.014329120715,5.28734435376554
"2888",2022-03-22 00:07:15,2,338,300,50.1796808256693,4.35238471888984
"2889",2022-03-22 00:07:20,2,338,300,49.2877461437151,5.33902896917061
"2890",2022-03-22 00:07:25,2,338,300,50.441673748843,5.31413918444608
"2891",2022-03-22 00:07:30,2,338,300,49.2300005329082,5.59644471107897
"2892",2022-03-22 00:07:35,2,338,300,50.3088312232384,5.33055580810464
"2893",2022-03-22 00:07:40,2,338,300,49.9356039844718,5.37968967596882
"2894",2022-03-22 00:07:45,2,338,300,49.9829908838098,5.03662033935544
"2895",2022-03-22 00:07:50,2,338,300,50.6869111223543,5.05124943052549
"2896",2022-03-22 00:07:55,2,338,300,50.0586389695265,5.09766565135658
"2897",2022-03-22 00:08:00,2,338,300,49.0626287018868,5.5531455513875
"2898",2022-03-22 00:08:05,2,338,300,48.9652333257468,4.77744556690541
"2899",2022-03-22 00:08:10,2,338,300,50.4535207059263,4.82921866002699
"2900",2022-03-22 00:08:15,2,338,300,50.1822905019775,4.96800975651499
"2901",2022-03-22 00:08:20,2,338,300,49.8337960209298,5.01590884837485
"2902",2022-03-22 00:08:25,2,338,300,49.3317979627854,5.28840258546924
"2903",2022-03-22 00:08:30,2,338,300,49.7075464398989,5.0187010452935
"2904",2022-03-22 00:08:35,2,338,300,50.3599235850791,4.62202551733545
"2905",2022-03-22 00:08:40,2,338,300,50.3861295548957,4.84454918749495
"2906",2022-03-22 00:08:45,2,338,300,49.3606439407733,5.26747684085159
"2907",2022-03-22 00:08:50,2,338,300,49.4547178271911,4.94943384017585
"2908",2022-03-22 00:08:55,2,338,300,49.0835660917171,5.52354925729803
"2909",2022-03-22 00:09:00,2,338,300,48.9664341325607,5.56321799474861
"2910",2022-03-22 00:09:05,2,338,300,49.0159251706193,4.8224763016564
"2911",2022-03-22 00:09:10,2,338,300,49.7954727803995,4.94700785263777
"2912",2022-03-22 00:09:15,2,338,300,50.009855366252,5.28424625142695
"2913",2022-03-22 00:09:20,2,338,300,49.7748938464727,5.34505811904846
"2914",2022-03-22 00:09:25,2,338,300,49.3705575041153,5.50733322677175
"2915",2022-03-22 00:09:30,2,338,300,49.2227125510638,5.32076094552175
"2916",2022-03-22 00:09:35,2,338,300,50.4904231052175,4.82780677978599
"2917",2022-03-22 00:09:40,2,338,300,50.6948310401864,4.61548526801135
"2918",2022-03-22 00:09:45,2,338,300,49.2331573002594,5.00258676030912
"2919",2022-03-22 00:09:50,2,338,300,50.5335495777819,5.30325897283534
"2920",2022-03-22 00:09:55,2,338,300,49.8060960950587,4.96440107503105
"2921",2022-03-22 00:10:00,2,338,300,49.8513772238746,5.10634903978795
"2922",2022-03-22 00:10:05,2,338,300,49.3628657942134,5.37309374562993
"2923",2022-03-22 00:10:10,2,338,300,49.3222635992844,5.05297546521611
"2924",2022-03-22 00:10:15,2,338,300,50.2426722510227,5.09879175804885
"2925",2022-03-22 00:10:20,2,338,300,49.0466060290098,5.22383095781412
"2926",2022-03-22 00:10:25,2,338,300,49.1098461549794,4.66594148755419
"2927",2022-03-22 00:10:30,2,338,300,50.923111057112,5.41557772477845
"2928",2022-03-22 00:10:35,2,338,300,50.387764608441,4.50684029275343
"2929",2022-03-22 00:10:40,2,338,300,50.5826493148197,4.83140663019052
"2930",2022-03-22 00:10:45,2,338,300,50.1798787144694,5.00022072794092
"2931",2022-03-22 00:10:50,2,338,300,49.5033115539318,5.32434195951198
"2932",2022-03-22 00:10:55,2,338,300,50.6389999653351,5.33288530611558
"2933",2022-03-22 00:11:00,2,338,300,49.8105156979122,4.89519504201435
"2934",2022-03-22 00:11:05,2,338,300,48.9113293823951,5.08986679527851
"2935",2022-03-22 00:11:10,2,338,300,49.4748677566214,5.79528691685672
"2936",2022-03-22 00:11:15,2,338,300,49.2283862130062,5.56962912492192
"2937",2022-03-22 00:11:20,2,338,300,49.8859178056795,5.09885120998563
"2938",2022-03-22 00:11:25,2,338,300,49.4035286398027,5.58272726457194
"2939",2022-03-22 00:11:30,2,338,300,50.2088666033066,5.06377211067629
"2940",2022-03-22 00:11:35,2,338,300,48.5128732150711,5.23288618568844
"2941",2022-03-22 00:11:40,2,338,300,50.2241806826072,4.90610897189017
"2942",2022-03-22 00:11:45,2,338,300,50.4986931261788,4.82822893507888
"2943",2022-03-22 00:11:50,2,338,300,50.4263621886779,4.8728927313346
"2944",2022-03-22 00:11:55,2,338,300,50.033740206158,5.07702383926526
"2945",2022-03-22 00:12:00,2,338,300,49.4373990160461,5.32229745390086
"2946",2022-03-22 00:12:05,2,338,300,49.9477129661231,5.26783413055152
"2947",2022-03-22 00:12:10,2,338,300,49.5424647939824,5.22127256445049
"2948",2022-03-22 00:12:15,2,338,300,50.0754184871406,5.31504063976638
"2949",2022-03-22 00:12:20,2,338,300,49.483918957981,5.20722576164852
"2950",2022-03-22 00:12:25,2,338,300,49.4633638249747,5.44354277243297
"2951",2022-03-22 00:12:30,2,338,300,49.3025929259568,4.82516705944524
"2952",2022-03-22 00:12:35,2,338,300,49.3567793149593,4.53937952662594
"2953",2022-03-22 00:12:40,2,338,300,49.6430267942882,5.21646861452322
"2954",2022-03-22 00:12:45,2,338,300,50.7101419588123,5.47843308002295
"2955",2022-03-22 00:12:50,2,338,300,49.1950760571415,4.95265133179949
"2956",2022-03-22 00:12:55,2,338,300,50.1863522708029,5.55102283087794
"2957",2022-03-22 00:13:00,2,338,300,51.0880617299909,5.49595394756662
"2958",2022-03-22 00:13:05,2,338,300,49.775133106718,4.50982081126007
"2959",2022-03-22 00:13:10,2,338,300,49.9618226075088,5.25340400207927
"2960",2022-03-22 00:13:15,2,338,300,50.2938579618031,4.82364876201528
"2961",2022-03-22 00:13:20,2,338,300,49.4844642649432,5.10280707848094
"2962",2022-03-22 00:13:25,2,338,300,50.1423288401152,4.53266667859098
"2963",2022-03-22 00:13:30,2,338,300,48.7496907511744,4.78573700337863
"2964",2022-03-22 00:13:35,2,338,300,48.1215464201886,5.30711350529576
"2965",2022-03-22 00:13:40,2,338,300,50.5417928423782,4.96628665052465
"2966",2022-03-22 00:13:45,2,338,300,49.9906674341444,5.32275718407795
"2967",2022-03-22 00:13:50,2,338,300,50.7920094019505,5.2107468153624
"2968",2022-03-22 00:13:55,2,338,300,48.677430234377,5.56082207397241
"2969",2022-03-22 00:14:00,2,338,300,49.5256473026665,4.59310746821107
"2970",2022-03-22 00:14:05,2,338,300,50.4059828462069,5.5209264406854
"2971",2022-03-22 00:14:10,2,338,300,50.3369177171215,5.1465708082028
"2972",2022-03-22 00:14:15,2,338,300,49.026171872031,4.90716890769617
"2973",2022-03-22 00:14:20,2,338,300,49.7576938324099,5.43630174988112
"2974",2022-03-22 00:14:25,2,338,300,50.3612934671862,5.38021099172248
"2975",2022-03-22 00:14:30,2,338,300,49.4933393710987,5.2124376582415
"2976",2022-03-22 00:14:35,2,338,300,49.9501484316474,5.3343126994134
"2977",2022-03-22 00:14:40,2,338,300,48.8612249826125,5.07071564031432
"2978",2022-03-22 00:14:45,2,338,300,49.273678836355,5.17573692842211
"2979",2022-03-22 00:14:50,2,338,300,50.3273688774117,5.1389874248304
"2980",2022-03-22 00:14:55,2,338,300,48.4434973855502,4.84388690776758
"2981",2022-03-22 00:15:00,2,338,300,50.5879774363633,4.93766341952292
"2982",2022-03-22 00:15:05,2,338,300,50.5035968572005,4.99400530134036
"2983",2022-03-22 00:15:10,2,338,300,49.212097492755,4.97375681182978
"2984",2022-03-22 00:15:15,2,338,300,50.1116749904936,4.76102633572095
"2985",2022-03-22 00:15:20,2,338,300,50.6428381770687,5.41518660102207
"2986",2022-03-22 00:15:25,2,338,300,49.438067673108,4.69725660543857
"2987",2022-03-22 00:15:30,2,338,300,47.7889389250354,5.69531787890779
"2988",2022-03-22 00:15:35,2,338,300,50.5089228696621,5.44935708493386
"2989",2022-03-22 00:15:40,2,338,300,49.0968529665452,4.81862358386616
"2990",2022-03-22 00:15:45,2,338,300,49.3416467336985,5.03967285854603
"2991",2022-03-22 00:15:50,2,338,300,48.815902440838,4.69831796033386
"2992",2022-03-22 00:15:55,2,338,300,48.6037717779608,4.84960204816443
"2993",2022-03-22 00:16:00,2,338,300,50.0431096993197,5.28180823336716
"2994",2022-03-22 00:16:05,2,338,300,49.6187837617674,4.65843901190261
"2995",2022-03-22 00:16:10,2,338,300,50.007194602619,4.93682868122405
"2996",2022-03-22 00:16:15,2,338,300,49.5846861431457,5.6465291512707
"2997",2022-03-22 00:16:20,2,338,300,50.97471905309,4.71523394497803
"2998",2022-03-22 00:16:25,2,338,300,49.2833711633357,5.04006481891974
"2999",2022-03-22 00:16:30,2,338,300,49.6313807799398,4.83545311551367
"3000",2022-03-22 00:16:35,2,338,300,50.2788923345581,4.86789350785797
"3001",2022-03-23 00:00:00,2,373,100,49.4524200010338,6.04743298829765
"3002",2022-03-23 00:00:05,2,373,100,49.7158877428766,6.1411048138902
"3003",2022-03-23 00:00:10,2,373,100,50.5278499184676,6.35298624216723
"3004",2022-03-23 00:00:15,2,373,100,50.6336666183913,5.70564629259095
"3005",2022-03-23 00:00:20,2,373,100,50.4710006249872,6.76054733797782
"3006",2022-03-23 00:00:25,2,373,100,49.9769644119228,6.70771885407099
"3007",2022-03-23 00:00:30,2,373,100,49.5026200567951,6.22186091597056
"3008",2022-03-23 00:00:35,2,373,100,50.8163510013372,6.39950001797396
"3009",2022-03-23 00:00:40,2,373,100,49.1116129517103,6.24966367892501
"3010",2022-03-23 00:00:45,2,373,100,50.2739060520133,6.4223227476938
"3011",2022-03-23 00:00:50,2,373,100,49.4032273158682,6.67219019163617
"3012",2022-03-23 00:00:55,2,373,100,49.2596829249278,6.26276345489367
"3013",2022-03-23 00:01:00,2,373,100,49.478740191674,6.23104449615002
"3014",2022-03-23 00:01:05,2,373,100,49.4388900480176,6.14913951421607
"3015",2022-03-23 00:01:10,2,373,100,49.6061788727612,6.37076928729252
"3016",2022-03-23 00:01:15,2,373,100,50.589331239213,6.40259018312641
"3017",2022-03-23 00:01:20,2,373,100,49.3964723203182,6.7427923432623
"3018",2022-03-23 00:01:25,2,373,100,50.1952664430528,5.890721353055
"3019",2022-03-23 00:01:30,2,373,100,50.2164455219908,6.32503761208898
"3020",2022-03-23 00:01:35,2,373,100,48.522649876742,6.96509746333197
"3021",2022-03-23 00:01:40,2,373,100,49.9564434523075,6.02747689918231
"3022",2022-03-23 00:01:45,2,373,100,49.047456020503,6.22362553811347
"3023",2022-03-23 00:01:50,2,373,100,49.0672242853035,6.67521767733815
"3024",2022-03-23 00:01:55,2,373,100,50.3242587246422,6.40334620580605
"3025",2022-03-23 00:02:00,2,373,100,50.3191036374382,6.37698969850774
"3026",2022-03-23 00:02:05,2,373,100,50.2555929351093,5.80617470456422
"3027",2022-03-23 00:02:10,2,373,100,49.7228342543487,6.54306062454592
"3028",2022-03-23 00:02:15,2,373,100,49.6223422435929,6.45781330705106
"3029",2022-03-23 00:02:20,2,373,100,49.5492612534168,6.80096043024182
"3030",2022-03-23 00:02:25,2,373,100,49.5827383274692,6.33137426712197
"3031",2022-03-23 00:02:30,2,373,100,50.6012699832335,6.36981453463001
"3032",2022-03-23 00:02:35,2,373,100,50.3114509160533,6.1734735018089
"3033",2022-03-23 00:02:40,2,373,100,50.174566581023,6.09248653022642
"3034",2022-03-23 00:02:45,2,373,100,50.775569742268,6.31837940143113
"3035",2022-03-23 00:02:50,2,373,100,49.4217100554837,6.0414851099169
"3036",2022-03-23 00:02:55,2,373,100,48.7742229077814,6.10299438937807
"3037",2022-03-23 00:03:00,2,373,100,50.7883874574057,6.90725971265722
"3038",2022-03-23 00:03:05,2,373,100,49.8650118646054,6.38796452881276
"3039",2022-03-23 00:03:10,2,373,100,50.2555844137986,6.14485322779682
"3040",2022-03-23 00:03:15,2,373,100,50.0308328099187,6.33208991623031
"3041",2022-03-23 00:03:20,2,373,100,49.234363174556,6.26401781656705
"3042",2022-03-23 00:03:25,2,373,100,50.7637742098073,6.37482637943777
"3043",2022-03-23 00:03:30,2,373,100,50.8756936820595,6.87105368997306
"3044",2022-03-23 00:03:35,2,373,100,50.1324097172888,6.38706205166516
"3045",2022-03-23 00:03:40,2,373,100,49.9445022004493,6.0992571246723
"3046",2022-03-23 00:03:45,2,373,100,49.8069392161506,6.43315683223856
"3047",2022-03-23 00:03:50,2,373,100,49.8110111732543,6.47485170033177
"3048",2022-03-23 00:03:55,2,373,100,50.2810095732624,6.01373862642681
"3049",2022-03-23 00:04:00,2,373,100,50.5667442940484,6.74517111056215
"3050",2022-03-23 00:04:05,2,373,100,49.3914316016362,6.61510922409944
"3051",2022-03-23 00:04:10,2,373,100,49.4124954768296,6.61456933040372
"3052",2022-03-23 00:04:15,2,373,100,49.8596755327134,6.41639535988367
"3053",2022-03-23 00:04:20,2,373,100,49.2422324166448,6.59034238568402
"3054",2022-03-23 00:04:25,2,373,100,49.4474467585832,6.23030635732276
"3055",2022-03-23 00:04:30,2,373,100,49.3230537628492,6.20367623417235
"3056",2022-03-23 00:04:35,2,373,100,49.1214087646067,6.41310464281077
"3057",2022-03-23 00:04:40,2,373,100,49.1942762132592,6.57536046897823
"3058",2022-03-23 00:04:45,2,373,100,49.8484309655055,6.17816645778499
"3059",2022-03-23 00:04:50,2,373,100,49.4679028606076,6.0333259866601
"3060",2022-03-23 00:04:55,2,373,100,49.4282633325174,6.67206991658512
"3061",2022-03-23 00:05:00,2,373,100,49.8825633978589,6.35419245748881
"3062",2022-03-23 00:05:05,2,373,100,49.5691884591112,6.25629347319229
"3063",2022-03-23 00:05:10,2,373,100,50.2451364625872,6.24353441575759
"3064",2022-03-23 00:05:15,2,373,100,48.8007232024471,6.71723114435864
"3065",2022-03-23 00:05:20,2,373,100,50.7464653695008,6.57174631596626
"3066",2022-03-23 00:05:25,2,373,100,50.415315886662,5.96774573730014
"3067",2022-03-23 00:05:30,2,373,100,50.3502383841302,6.16349621367843
"3068",2022-03-23 00:05:35,2,373,100,50.2548711431001,5.92291330030042
"3069",2022-03-23 00:05:40,2,373,100,49.9552433153853,6.28685508199672
"3070",2022-03-23 00:05:45,2,373,100,49.3066848765576,6.47245207698932
"3071",2022-03-23 00:05:50,2,373,100,50.3774097652964,6.13706804211134
"3072",2022-03-23 00:05:55,2,373,100,49.2606159217361,5.95338462648176
"3073",2022-03-23 00:06:00,2,373,100,50.7019430787486,6.06603646646375
"3074",2022-03-23 00:06:05,2,373,100,50.8022531727502,6.06493959660888
"3075",2022-03-23 00:06:10,2,373,100,49.5507686676041,6.60950212965414
"3076",2022-03-23 00:06:15,2,373,100,48.9894942267815,6.28344616457845
"3077",2022-03-23 00:06:20,2,373,100,50.350903776527,7.00602168460495
"3078",2022-03-23 00:06:25,2,373,100,49.6758533169924,6.45525311820552
"3079",2022-03-23 00:06:30,2,373,100,49.730627204028,6.61291762790346
"3080",2022-03-23 00:06:35,2,373,100,49.9180813102229,6.10047368049796
"3081",2022-03-23 00:06:40,2,373,100,50.9092169699982,6.78168135496164
"3082",2022-03-23 00:06:45,2,373,100,49.4454063554003,6.30600388800699
"3083",2022-03-23 00:06:50,2,373,100,49.6880188196632,7.01883308341004
"3084",2022-03-23 00:06:55,2,373,100,49.8184138375685,6.2145640465968
"3085",2022-03-23 00:07:00,2,373,100,50.0058583225521,6.14564052047244
"3086",2022-03-23 00:07:05,2,373,100,50.6254122782566,6.19531863744271
"3087",2022-03-23 00:07:10,2,373,100,49.3377452074494,6.23243004129128
"3088",2022-03-23 00:07:15,2,373,100,49.7121982267158,6.06147858861172
"3089",2022-03-23 00:07:20,2,373,100,50.0488978838289,6.74368290584668
"3090",2022-03-23 00:07:25,2,373,100,50.5217222232701,6.54361384693001
"3091",2022-03-23 00:07:30,2,373,100,49.4405764262694,6.3213737497028
"3092",2022-03-23 00:07:35,2,373,100,50.6176276066259,6.42953522528069
"3093",2022-03-23 00:07:40,2,373,100,49.9189582823014,6.39305091682756
"3094",2022-03-23 00:07:45,2,373,100,50.2271581012163,6.05214447285975
"3095",2022-03-23 00:07:50,2,373,100,48.4929059892309,6.36394432258818
"3096",2022-03-23 00:07:55,2,373,100,49.5189523984605,6.30742800328524
"3097",2022-03-23 00:08:00,2,373,100,49.5643735032094,6.39279712074746
"3098",2022-03-23 00:08:05,2,373,100,49.4778602181513,6.34247250599482
"3099",2022-03-23 00:08:10,2,373,100,50.0018195228596,6.26559671683248
"3100",2022-03-23 00:08:15,2,373,100,49.5575723440558,6.23031429751374
"3101",2022-03-23 00:08:20,2,373,100,50.11434417033,6.32749416584651
"3102",2022-03-23 00:08:25,2,373,100,50.6640791516514,6.49958845681142
"3103",2022-03-23 00:08:30,2,373,100,50.108200823399,6.77233670931173
"3104",2022-03-23 00:08:35,2,373,100,50.5160689097077,5.88970549480552
"3105",2022-03-23 00:08:40,2,373,100,50.6276471690061,6.33508703597116
"3106",2022-03-23 00:08:45,2,373,100,50.6422591128119,6.38864231605565
"3107",2022-03-23 00:08:50,2,373,100,50.3144762065753,6.66587407368262
"3108",2022-03-23 00:08:55,2,373,100,50.2001120794199,5.35524098899362
"3109",2022-03-23 00:09:00,2,373,100,49.1535472008706,6.01936658955894
"3110",2022-03-23 00:09:05,2,373,100,49.838297351937,6.25124108038972
"3111",2022-03-23 00:09:10,2,373,100,50.074112702637,6.27521325389948
"3112",2022-03-23 00:09:15,2,373,100,49.7042439061066,6.41864142847176
"3113",2022-03-23 00:09:20,2,373,100,49.9584484121512,6.26635770152361
"3114",2022-03-23 00:09:25,2,373,100,49.4158258579437,6.40075517804122
"3115",2022-03-23 00:09:30,2,373,100,49.3570427362419,5.90420521485757
"3116",2022-03-23 00:09:35,2,373,100,49.6374209602091,6.12934367786671
"3117",2022-03-23 00:09:40,2,373,100,50.0363136943106,6.39729193399922
"3118",2022-03-23 00:09:45,2,373,100,50.184287536193,6.65183763708023
"3119",2022-03-23 00:09:50,2,373,100,50.793109252475,6.1009769652941
"3120",2022-03-23 00:09:55,2,373,100,50.2367553436602,6.63261742066649
"3121",2022-03-23 00:10:00,2,373,100,50.3997722129322,6.1736664440834
"3122",2022-03-23 00:10:05,2,373,100,49.0500463736895,6.1924384866867
"3123",2022-03-23 00:10:10,2,373,100,50.4546736445839,6.4212814765176
"3124",2022-03-23 00:10:15,2,373,100,49.5788225573595,6.22790324650459
"3125",2022-03-23 00:10:20,2,373,100,50.5752884753417,6.39148130749564
"3126",2022-03-23 00:10:25,2,373,100,49.9040660030269,6.80896091197337
"3127",2022-03-23 00:10:30,2,373,100,49.2827725503449,6.46709818186511
"3128",2022-03-23 00:10:35,2,373,100,50.4251438576791,6.37251535187614
"3129",2022-03-23 00:10:40,2,373,100,49.8068488336083,6.33263414162243
"3130",2022-03-23 00:10:45,2,373,100,49.3889327492139,6.63531522797037
"3131",2022-03-23 00:10:50,2,373,100,48.9911389206962,6.00606334529529
"3132",2022-03-23 00:10:55,2,373,100,50.1629464569001,6.07232013817095
"3133",2022-03-23 00:11:00,2,373,100,49.8696986968665,6.34375372183439
"3134",2022-03-23 00:11:05,2,373,100,49.5631592450737,6.12669233491423
"3135",2022-03-23 00:11:10,2,373,100,49.607114471068,6.46437705012447
"3136",2022-03-23 00:11:15,2,373,100,49.9983941393416,6.95301362281844
"3137",2022-03-23 00:11:20,2,373,100,49.6463327878489,5.90206820074082
"3138",2022-03-23 00:11:25,2,373,100,50.5566467002719,6.48380890549559
"3139",2022-03-23 00:11:30,2,373,100,49.3096264982739,6.22967023071536
"3140",2022-03-23 00:11:35,2,373,100,49.9963699448131,6.38318184635939
"3141",2022-03-23 00:11:40,2,373,100,49.5386603765243,6.53308207096013
"3142",2022-03-23 00:11:45,2,373,100,49.7994263259868,5.98676186749741
"3143",2022-03-23 00:11:50,2,373,100,49.9094143287667,6.28302202503205
"3144",2022-03-23 00:11:55,2,373,100,49.4133409162942,6.26183642817723
"3145",2022-03-23 00:12:00,2,373,100,49.5249058048872,6.1762357569213
"3146",2022-03-23 00:12:05,2,373,100,50.0125944960382,6.41745259378356
"3147",2022-03-23 00:12:10,2,373,100,49.9156587530764,6.5152874339336
"3148",2022-03-23 00:12:15,2,373,100,50.1704536437777,6.12675756362726
"3149",2022-03-23 00:12:20,2,373,100,49.6313023544124,6.14478336567853
"3150",2022-03-23 00:12:25,2,373,100,50.0712357691362,6.18784552032228
"3151",2022-03-23 00:12:30,2,373,100,49.4498082906529,6.2453041254801
"3152",2022-03-23 00:12:35,2,373,100,49.2408237485881,6.24016877949002
"3153",2022-03-23 00:12:40,2,373,100,49.8726122283254,6.12699631326066
"3154",2022-03-23 00:12:45,2,373,100,48.628648957851,6.26872118096975
"3155",2022-03-23 00:12:50,2,373,100,49.5136742839058,6.04180982143647
"3156",2022-03-23 00:12:55,2,373,100,49.2432616276465,6.42924885910445
"3157",2022-03-23 00:13:00,2,373,100,49.9253344840825,6.95652700101773
"3158",2022-03-23 00:13:05,2,373,100,48.4419192845374,6.50308722520387
"3159",2022-03-23 00:13:10,2,373,100,49.5636229554423,6.12570464161653
"3160",2022-03-23 00:13:15,2,373,100,49.7044327170439,6.22711172735127
"3161",2022-03-23 00:13:20,2,373,100,48.7520694781455,7.08321865524439
"3162",2022-03-23 00:13:25,2,373,100,50.2884426235991,6.58647923079743
"3163",2022-03-23 00:13:30,2,373,100,49.0786148861841,6.37842707173081
"3164",2022-03-23 00:13:35,2,373,100,50.4040077111135,5.9031426970424
"3165",2022-03-23 00:13:40,2,373,100,49.5321015046185,6.82702543617191
"3166",2022-03-23 00:13:45,2,373,100,49.2883254475215,6.51279908460025
"3167",2022-03-23 00:13:50,2,373,100,48.9976336221508,6.44288812644758
"3168",2022-03-23 00:13:55,2,373,100,48.4576077804775,6.18217700213392
"3169",2022-03-23 00:14:00,2,373,100,49.1715033917363,6.09015038924149
"3170",2022-03-23 00:14:05,2,373,100,50.1627670075684,5.98527994487666
"3171",2022-03-23 00:14:10,2,373,100,49.9027840274108,6.76303330016074
"3172",2022-03-23 00:14:15,2,373,100,50.1899217502207,6.34347359267818
"3173",2022-03-23 00:14:20,2,373,100,49.5980725001202,6.59783341418731
"3174",2022-03-23 00:14:25,2,373,100,49.4516969870185,5.8611499733182
"3175",2022-03-23 00:14:30,2,373,100,49.5724317788914,6.61560876365736
"3176",2022-03-23 00:14:35,2,373,100,50.2167478414193,6.82950967276403
"3177",2022-03-23 00:14:40,2,373,100,50.0109979682351,6.17840572861699
"3178",2022-03-23 00:14:45,2,373,100,50.1096804911561,6.72402601670794
"3179",2022-03-23 00:14:50,2,373,100,49.5623592231068,6.20137631989811
"3180",2022-03-23 00:14:55,2,373,100,50.0335443190219,6.37781129077429
"3181",2022-03-23 00:15:00,2,373,100,50.0791166404634,6.61008319919028
"3182",2022-03-23 00:15:05,2,373,100,49.3270683118349,6.33899169493476
"3183",2022-03-23 00:15:10,2,373,100,50.2705544072914,6.69099284750316
"3184",2022-03-23 00:15:15,2,373,100,49.0567090742878,5.95336603540564
"3185",2022-03-23 00:15:20,2,373,100,49.1373430425478,5.70359834538231
"3186",2022-03-23 00:15:25,2,373,100,48.9280064407724,6.12500407468618
"3187",2022-03-23 00:15:30,2,373,100,51.405000711522,6.6456586120938
"3188",2022-03-23 00:15:35,2,373,100,50.6974256396756,6.14212382065301
"3189",2022-03-23 00:15:40,2,373,100,49.7919761182754,6.50384141257105
"3190",2022-03-23 00:15:45,2,373,100,50.0117787214503,6.33457844885258
"3191",2022-03-23 00:15:50,2,373,100,50.1774874777774,6.31825050815875
"3192",2022-03-23 00:15:55,2,373,100,51.0940122421818,6.06664114644834
"3193",2022-03-23 00:16:00,2,373,100,50.6033702118457,6.06687938544185
"3194",2022-03-23 00:16:05,2,373,100,49.8863906843684,6.15999568799731
"3195",2022-03-23 00:16:10,2,373,100,49.810177302481,6.39102450549497
"3196",2022-03-23 00:16:15,2,373,100,49.8398230828838,5.98760136674512
"3197",2022-03-23 00:16:20,2,373,100,50.2293532765813,6.04972538613421
"3198",2022-03-23 00:16:25,2,373,100,49.0425432109054,6.35446064410975
"3199",2022-03-23 00:16:30,2,373,100,49.9843564382922,6.33180988250378
"3200",2022-03-23 00:16:35,2,373,100,50.8027110892695,5.8439567740315
"3201",2022-03-24 00:00:00,2,373,200,50.4864226570974,5.82601160332346
"3202",2022-03-24 00:00:05,2,373,200,49.6361788946505,5.79940167435618
"3203",2022-03-24 00:00:10,2,373,200,49.3891097240004,5.63323187197029
"3204",2022-03-24 00:00:15,2,373,200,49.6842379803904,5.64032214270323
"3205",2022-03-24 00:00:20,2,373,200,49.851026081679,5.78055106085405
"3206",2022-03-24 00:00:25,2,373,200,49.2544214820659,5.09972305959424
"3207",2022-03-24 00:00:30,2,373,200,50.5903795955665,6.19921267344775
"3208",2022-03-24 00:00:35,2,373,200,48.5002676803403,5.53712096883875
"3209",2022-03-24 00:00:40,2,373,200,50.4093296668231,5.95377538229305
"3210",2022-03-24 00:00:45,2,373,200,50.213683646294,5.99849879115136
"3211",2022-03-24 00:00:50,2,373,200,50.0640097188041,5.54937767978125
"3212",2022-03-24 00:00:55,2,373,200,50.6019635032614,5.49473847663179
"3213",2022-03-24 00:01:00,2,373,200,49.6307509927436,5.95351911833036
"3214",2022-03-24 00:01:05,2,373,200,50.6420938897748,5.42385648286384
"3215",2022-03-24 00:01:10,2,373,200,49.8319979471352,5.88011909120416
"3216",2022-03-24 00:01:15,2,373,200,49.30053275933,6.08130964879624
"3217",2022-03-24 00:01:20,2,373,200,50.0347775775448,5.41320784611893
"3218",2022-03-24 00:01:25,2,373,200,49.3688022312161,5.86946462762912
"3219",2022-03-24 00:01:30,2,373,200,49.9393643884008,5.35022473952294
"3220",2022-03-24 00:01:35,2,373,200,49.1105246180467,5.88286321471475
"3221",2022-03-24 00:01:40,2,373,200,49.1265254461602,5.87715599397268
"3222",2022-03-24 00:01:45,2,373,200,50.6969117189333,5.13428725676791
"3223",2022-03-24 00:01:50,2,373,200,49.2042388244766,5.48460445523253
"3224",2022-03-24 00:01:55,2,373,200,49.7150056113555,5.79165628577353
"3225",2022-03-24 00:02:00,2,373,200,49.4357116798984,5.97267371828407
"3226",2022-03-24 00:02:05,2,373,200,49.2532228255451,6.14942597539071
"3227",2022-03-24 00:02:10,2,373,200,50.0086800606003,5.45860237875706
"3228",2022-03-24 00:02:15,2,373,200,49.8410705344301,5.53685272753114
"3229",2022-03-24 00:02:20,2,373,200,49.9681630150531,5.70099197960689
"3230",2022-03-24 00:02:25,2,373,200,50.6342418612071,5.6839147251598
"3231",2022-03-24 00:02:30,2,373,200,49.8004703362964,5.70169192409493
"3232",2022-03-24 00:02:35,2,373,200,50.0959105864687,5.37996146768138
"3233",2022-03-24 00:02:40,2,373,200,49.999539553534,5.44833301234495
"3234",2022-03-24 00:02:45,2,373,200,48.712853948246,6.17198566008529
"3235",2022-03-24 00:02:50,2,373,200,49.8635536157398,5.97852872439797
"3236",2022-03-24 00:02:55,2,373,200,50.6131279652138,5.87389767593121
"3237",2022-03-24 00:03:00,2,373,200,50.7419252797004,5.52801097677583
"3238",2022-03-24 00:03:05,2,373,200,50.0749510559604,5.86662627590575
"3239",2022-03-24 00:03:10,2,373,200,49.7359631668662,5.03788046146798
"3240",2022-03-24 00:03:15,2,373,200,49.0443550197588,5.4208363055194
"3241",2022-03-24 00:03:20,2,373,200,50.6564759338765,5.54812972010269
"3242",2022-03-24 00:03:25,2,373,200,49.5206264087994,5.63619284037246
"3243",2022-03-24 00:03:30,2,373,200,49.2009277612914,5.61738903012712
"3244",2022-03-24 00:03:35,2,373,200,49.939901684088,5.99892060327473
"3245",2022-03-24 00:03:40,2,373,200,50.0841659623646,6.37632857681439
"3246",2022-03-24 00:03:45,2,373,200,50.4462607904301,5.72075870400877
"3247",2022-03-24 00:03:50,2,373,200,50.0465541178546,5.58796080286838
"3248",2022-03-24 00:03:55,2,373,200,49.0951346376321,5.3769080113761
"3249",2022-03-24 00:04:00,2,373,200,49.8657038797232,5.6005660147416
"3250",2022-03-24 00:04:05,2,373,200,49.4955539286058,5.91596156587488
"3251",2022-03-24 00:04:10,2,373,200,49.5095828436474,5.82216722325599
"3252",2022-03-24 00:04:15,2,373,200,50.9495772230164,5.49541513539869
"3253",2022-03-24 00:04:20,2,373,200,50.1548071796715,5.54046192354988
"3254",2022-03-24 00:04:25,2,373,200,50.3078020848266,5.56516463511592
"3255",2022-03-24 00:04:30,2,373,200,49.165820483191,5.59977526668222
"3256",2022-03-24 00:04:35,2,373,200,49.0029977751163,5.77945721703871
"3257",2022-03-24 00:04:40,2,373,200,49.4027453297269,5.88535806384585
"3258",2022-03-24 00:04:45,2,373,200,49.4874627641846,6.06124654198538
"3259",2022-03-24 00:04:50,2,373,200,49.4418636073586,5.76536951470177
"3260",2022-03-24 00:04:55,2,373,200,50.0387762606013,5.98529729033474
"3261",2022-03-24 00:05:00,2,373,200,49.7500876974925,5.82170708720608
"3262",2022-03-24 00:05:05,2,373,200,49.9575647828949,5.34433647257664
"3263",2022-03-24 00:05:10,2,373,200,50.0803163320615,5.85869852110327
"3264",2022-03-24 00:05:15,2,373,200,50.1422820354719,6.12164781727015
"3265",2022-03-24 00:05:20,2,373,200,49.8960568350619,5.76089641780209
"3266",2022-03-24 00:05:25,2,373,200,49.9354196155817,6.37839518071217
"3267",2022-03-24 00:05:30,2,373,200,49.9374181408326,5.34336871774969
"3268",2022-03-24 00:05:35,2,373,200,49.0765485485863,5.61645457780848
"3269",2022-03-24 00:05:40,2,373,200,49.1407306963074,5.55592593648551
"3270",2022-03-24 00:05:45,2,373,200,49.4649889828433,5.56450027496455
"3271",2022-03-24 00:05:50,2,373,200,50.7952918109895,5.53786096319715
"3272",2022-03-24 00:05:55,2,373,200,50.0533109463414,5.51777222870122
"3273",2022-03-24 00:06:00,2,373,200,48.6422167375718,5.27330117117997
"3274",2022-03-24 00:06:05,2,373,200,49.3109435768762,5.9355131854063
"3275",2022-03-24 00:06:10,2,373,200,49.9190447368497,5.30803636576092
"3276",2022-03-24 00:06:15,2,373,200,49.382367739251,5.71228428546111
"3277",2022-03-24 00:06:20,2,373,200,49.408236713623,6.05911210176087
"3278",2022-03-24 00:06:25,2,373,200,48.9570033560599,5.83557749462637
"3279",2022-03-24 00:06:30,2,373,200,50.2145645700838,5.36316207251928
"3280",2022-03-24 00:06:35,2,373,200,49.3261829004723,5.78907258818785
"3281",2022-03-24 00:06:40,2,373,200,49.5566018560707,5.72924124132947
"3282",2022-03-24 00:06:45,2,373,200,50.594313027648,5.68160365718685
"3283",2022-03-24 00:06:50,2,373,200,50.6674942874982,5.23317889610947
"3284",2022-03-24 00:06:55,2,373,200,50.6072485558461,5.88755811692444
"3285",2022-03-24 00:07:00,2,373,200,49.2985873953501,5.56659471990093
"3286",2022-03-24 00:07:05,2,373,200,49.6010415090255,5.48249668616514
"3287",2022-03-24 00:07:10,2,373,200,49.7913924724046,5.59115265815557
"3288",2022-03-24 00:07:15,2,373,200,50.0125244208847,5.79479280981572
"3289",2022-03-24 00:07:20,2,373,200,49.690961219327,6.05782893864605
"3290",2022-03-24 00:07:25,2,373,200,50.1294862517935,5.49053829305637
"3291",2022-03-24 00:07:30,2,373,200,49.6323674200609,5.8557155534912
"3292",2022-03-24 00:07:35,2,373,200,50.1254263396515,5.18131082406093
"3293",2022-03-24 00:07:40,2,373,200,49.7874124965397,5.19070280012249
"3294",2022-03-24 00:07:45,2,373,200,50.3065699545505,5.75360556991493
"3295",2022-03-24 00:07:50,2,373,200,49.5777275308138,5.56716437150225
"3296",2022-03-24 00:07:55,2,373,200,49.281078933935,5.96919668397414
"3297",2022-03-24 00:08:00,2,373,200,50.9251885689724,5.23344681821105
"3298",2022-03-24 00:08:05,2,373,200,50.3717890007061,5.69462331265785
"3299",2022-03-24 00:08:10,2,373,200,50.232786438031,5.73197892387832
"3300",2022-03-24 00:08:15,2,373,200,49.7022607393293,5.6543678758191
"3301",2022-03-24 00:08:20,2,373,200,49.6250143748448,6.19077678915924
"3302",2022-03-24 00:08:25,2,373,200,50.6843439822633,5.83226282012452
"3303",2022-03-24 00:08:30,2,373,200,49.6962917817839,5.78303453100135
"3304",2022-03-24 00:08:35,2,373,200,48.4084816368794,6.10445333423364
"3305",2022-03-24 00:08:40,2,373,200,48.6454434961349,5.88684564917633
"3306",2022-03-24 00:08:45,2,373,200,50.5198860549956,5.62856948201441
"3307",2022-03-24 00:08:50,2,373,200,50.2835460329801,5.54476375160181
"3308",2022-03-24 00:08:55,2,373,200,49.5963807347227,5.7002952988651
"3309",2022-03-24 00:09:00,2,373,200,50.2870609906939,5.77545643355846
"3310",2022-03-24 00:09:05,2,373,200,49.3112231727242,5.86940792575573
"3311",2022-03-24 00:09:10,2,373,200,49.0705534834409,5.31922844110892
"3312",2022-03-24 00:09:15,2,373,200,50.2107709997055,5.94082919732211
"3313",2022-03-24 00:09:20,2,373,200,50.5632276152933,5.93179391094313
"3314",2022-03-24 00:09:25,2,373,200,50.8465653137071,5.6719117614745
"3315",2022-03-24 00:09:30,2,373,200,50.0242830753747,5.41351580154288
"3316",2022-03-24 00:09:35,2,373,200,49.4558165618388,5.87108553787234
"3317",2022-03-24 00:09:40,2,373,200,50.7972420311402,5.68219991042681
"3318",2022-03-24 00:09:45,2,373,200,50.2511884018173,5.72994820050645
"3319",2022-03-24 00:09:50,2,373,200,49.6085500761121,5.88491856583085
"3320",2022-03-24 00:09:55,2,373,200,50.8385063938601,5.59229169651671
"3321",2022-03-24 00:10:00,2,373,200,49.7290224696807,5.81356366733278
"3322",2022-03-24 00:10:05,2,373,200,49.9555002502858,5.69109820149118
"3323",2022-03-24 00:10:10,2,373,200,49.7549272989132,5.43740346108412
"3324",2022-03-24 00:10:15,2,373,200,49.6101092498943,5.131692332699
"3325",2022-03-24 00:10:20,2,373,200,49.7015311814805,6.14111476185253
"3326",2022-03-24 00:10:25,2,373,200,50.7632544763139,5.54582395162869
"3327",2022-03-24 00:10:30,2,373,200,49.6075375196053,5.65866007262002
"3328",2022-03-24 00:10:35,2,373,200,50.4306260764261,5.62679065739772
"3329",2022-03-24 00:10:40,2,373,200,51.6815524811269,5.91057252976138
"3330",2022-03-24 00:10:45,2,373,200,49.3397442331186,5.50199695747454
"3331",2022-03-24 00:10:50,2,373,200,49.9341471337738,5.74674373922329
"3332",2022-03-24 00:10:55,2,373,200,50.0026861547562,5.86292043111942
"3333",2022-03-24 00:11:00,2,373,200,49.3366444825581,6.21873987232341
"3334",2022-03-24 00:11:05,2,373,200,50.4977282622008,5.19095178302684
"3335",2022-03-24 00:11:10,2,373,200,49.3056005276546,5.7837214689947
"3336",2022-03-24 00:11:15,2,373,200,50.907107375278,5.76007926281146
"3337",2022-03-24 00:11:20,2,373,200,50.7418166362879,5.70479077287685
"3338",2022-03-24 00:11:25,2,373,200,49.4009469841925,5.66950398097857
"3339",2022-03-24 00:11:30,2,373,200,50.7794844943658,5.48190070085651
"3340",2022-03-24 00:11:35,2,373,200,50.4059278583073,5.53762657257628
"3341",2022-03-24 00:11:40,2,373,200,49.7581870411887,5.74398510180985
"3342",2022-03-24 00:11:45,2,373,200,50.4097448955275,5.16621677733789
"3343",2022-03-24 00:11:50,2,373,200,49.5274319587235,5.8871606630479
"3344",2022-03-24 00:11:55,2,373,200,49.7064488689287,6.17550637042932
"3345",2022-03-24 00:12:00,2,373,200,50.3648594679591,5.6892838952107
"3346",2022-03-24 00:12:05,2,373,200,49.8145550172662,5.58522840222039
"3347",2022-03-24 00:12:10,2,373,200,49.6839847087628,5.53001282475986
"3348",2022-03-24 00:12:15,2,373,200,51.0382870573936,5.8932778496305
"3349",2022-03-24 00:12:20,2,373,200,50.0274995217298,5.51350276505683
"3350",2022-03-24 00:12:25,2,373,200,50.6152892532184,5.51193081315533
"3351",2022-03-24 00:12:30,2,373,200,49.882076659646,5.53608116337361
"3352",2022-03-24 00:12:35,2,373,200,49.7891858691035,5.24893454957076
"3353",2022-03-24 00:12:40,2,373,200,49.7850726931124,5.96712238626323
"3354",2022-03-24 00:12:45,2,373,200,49.6539839111795,5.66802328425151
"3355",2022-03-24 00:12:50,2,373,200,50.6921437840304,6.13495859580072
"3356",2022-03-24 00:12:55,2,373,200,49.465056198978,5.91074720676521
"3357",2022-03-24 00:13:00,2,373,200,48.6353798935063,5.80297698298869
"3358",2022-03-24 00:13:05,2,373,200,50.5845715026852,6.06971155278269
"3359",2022-03-24 00:13:10,2,373,200,50.3214072872719,5.57343058486881
"3360",2022-03-24 00:13:15,2,373,200,49.7642622309304,6.10775787740883
"3361",2022-03-24 00:13:20,2,373,200,50.3695043172341,6.25353655508133
"3362",2022-03-24 00:13:25,2,373,200,49.2794437708397,5.49816622837371
"3363",2022-03-24 00:13:30,2,373,200,49.3296211680387,5.71842885394628
"3364",2022-03-24 00:13:35,2,373,200,50.1571161911956,6.04220921961102
"3365",2022-03-24 00:13:40,2,373,200,50.5912469024925,5.62751453573517
"3366",2022-03-24 00:13:45,2,373,200,49.971968853237,5.38269860042048
"3367",2022-03-24 00:13:50,2,373,200,50.1542347215112,5.59249373413722
"3368",2022-03-24 00:13:55,2,373,200,48.6471122554578,6.24682731298401
"3369",2022-03-24 00:14:00,2,373,200,49.6304706078773,5.33324627806493
"3370",2022-03-24 00:14:05,2,373,200,50.2627549529258,5.99372616631699
"3371",2022-03-24 00:14:10,2,373,200,49.970425359631,6.08342614852789
"3372",2022-03-24 00:14:15,2,373,200,49.1608450720317,5.51330320311838
"3373",2022-03-24 00:14:20,2,373,200,49.9301069662543,5.79949760931132
"3374",2022-03-24 00:14:25,2,373,200,50.0327031297828,5.64460693025859
"3375",2022-03-24 00:14:30,2,373,200,49.6939435432448,5.95709550034155
"3376",2022-03-24 00:14:35,2,373,200,49.3961738960678,5.45255609587229
"3377",2022-03-24 00:14:40,2,373,200,50.4896347212987,6.01690074904534
"3378",2022-03-24 00:14:45,2,373,200,49.445968926705,5.71143536620807
"3379",2022-03-24 00:14:50,2,373,200,49.4420925926424,5.37534456143609
"3380",2022-03-24 00:14:55,2,373,200,49.7049317510942,5.31197673719089
"3381",2022-03-24 00:15:00,2,373,200,48.3374362878167,5.89754980877741
"3382",2022-03-24 00:15:05,2,373,200,49.1693652345602,5.8103897567807
"3383",2022-03-24 00:15:10,2,373,200,49.7890445046388,5.67728823006419
"3384",2022-03-24 00:15:15,2,373,200,50.279356330927,5.83127359741448
"3385",2022-03-24 00:15:20,2,373,200,49.845428376458,5.90816304206104
"3386",2022-03-24 00:15:25,2,373,200,49.6544349258057,5.52443951104203
"3387",2022-03-24 00:15:30,2,373,200,49.0768713885283,5.4629575102574
"3388",2022-03-24 00:15:35,2,373,200,49.8849921291533,5.6828042836119
"3389",2022-03-24 00:15:40,2,373,200,50.3295247391602,5.68509905421171
"3390",2022-03-24 00:15:45,2,373,200,49.7337849335119,5.53401489873628
"3391",2022-03-24 00:15:50,2,373,200,49.6476402046388,5.88560166864311
"3392",2022-03-24 00:15:55,2,373,200,50.1795789548955,5.55029520711894
"3393",2022-03-24 00:16:00,2,373,200,49.2338639144916,5.56960336972881
"3394",2022-03-24 00:16:05,2,373,200,50.0266497402519,5.85525081784011
"3395",2022-03-24 00:16:10,2,373,200,49.9479114548951,6.01315005059595
"3396",2022-03-24 00:16:15,2,373,200,50.9311283010105,5.55118471320733
"3397",2022-03-24 00:16:20,2,373,200,50.7395595600154,5.78099228482528
"3398",2022-03-24 00:16:25,2,373,200,50.8028225684779,5.26487070523476
"3399",2022-03-24 00:16:30,2,373,200,49.7649707978399,5.54110035338728
"3400",2022-03-24 00:16:35,2,373,200,50.3671539556289,5.92604224173781
"3401",2022-03-25 00:00:00,2,373,300,48.9728272663865,4.98360591225788
"3402",2022-03-25 00:00:05,2,373,300,50.0216327565409,4.55530163645909
"3403",2022-03-25 00:00:10,2,373,300,48.1499417390545,5.22919154712967
"3404",2022-03-25 00:00:15,2,373,300,49.6269743902531,5.17677423861618
"3405",2022-03-25 00:00:20,2,373,300,49.5974443932646,4.5437316557312
"3406",2022-03-25 00:00:25,2,373,300,49.529077730918,5.00076900256608
"3407",2022-03-25 00:00:30,2,373,300,49.4354354000341,4.90726486891615
"3408",2022-03-25 00:00:35,2,373,300,48.8908897511946,4.7157536574182
"3409",2022-03-25 00:00:40,2,373,300,49.9849231087973,5.54740253841641
"3410",2022-03-25 00:00:45,2,373,300,50.1502662613069,4.85178521442244
"3411",2022-03-25 00:00:50,2,373,300,50.8953193663268,5.4422367867761
"3412",2022-03-25 00:00:55,2,373,300,50.2352603064464,5.05940127377384
"3413",2022-03-25 00:01:00,2,373,300,49.0981460478193,4.96130322265097
"3414",2022-03-25 00:01:05,2,373,300,50.5335902675616,4.66542094432944
"3415",2022-03-25 00:01:10,2,373,300,49.4997992763799,5.38859281636076
"3416",2022-03-25 00:01:15,2,373,300,50.2409890260625,4.9318032858838
"3417",2022-03-25 00:01:20,2,373,300,49.6659298462721,4.14141680906514
"3418",2022-03-25 00:01:25,2,373,300,48.9366134617757,5.15475079194636
"3419",2022-03-25 00:01:30,2,373,300,49.3595898909903,4.97068445539841
"3420",2022-03-25 00:01:35,2,373,300,49.8832038493678,5.4942355705283
"3421",2022-03-25 00:01:40,2,373,300,50.2520331860004,5.01981123554396
"3422",2022-03-25 00:01:45,2,373,300,49.8189430435244,4.8226026363722
"3423",2022-03-25 00:01:50,2,373,300,50.6168515615418,5.22549697220127
"3424",2022-03-25 00:01:55,2,373,300,50.3701065865721,4.98544237142813
"3425",2022-03-25 00:02:00,2,373,300,50.0333082419083,4.642955937634
"3426",2022-03-25 00:02:05,2,373,300,49.3209426166263,4.8100569729942
"3427",2022-03-25 00:02:10,2,373,300,49.3043738402006,4.840285943587
"3428",2022-03-25 00:02:15,2,373,300,49.2421807524141,5.25408206275454
"3429",2022-03-25 00:02:20,2,373,300,48.6831692558439,5.38517261555824
"3430",2022-03-25 00:02:25,2,373,300,49.9347387783485,5.43311038782809
"3431",2022-03-25 00:02:30,2,373,300,50.6699012381819,4.80576694579884
"3432",2022-03-25 00:02:35,2,373,300,49.71420758965,5.28252304590529
"3433",2022-03-25 00:02:40,2,373,300,49.7225704186079,5.35522552766424
"3434",2022-03-25 00:02:45,2,373,300,49.8366974378729,5.21778663192952
"3435",2022-03-25 00:02:50,2,373,300,49.8311891141385,5.4222006341715
"3436",2022-03-25 00:02:55,2,373,300,49.9908363874893,4.94531922845808
"3437",2022-03-25 00:03:00,2,373,300,50.3068212580011,5.52042518879711
"3438",2022-03-25 00:03:05,2,373,300,49.4075499616194,5.32544079184334
"3439",2022-03-25 00:03:10,2,373,300,50.2921577914929,5.10828197546147
"3440",2022-03-25 00:03:15,2,373,300,49.3718251332825,4.82734430469066
"3441",2022-03-25 00:03:20,2,373,300,48.9649219458912,5.26791865004617
"3442",2022-03-25 00:03:25,2,373,300,49.1592459959115,4.94524220451262
"3443",2022-03-25 00:03:30,2,373,300,48.9903293331107,5.43553776727515
"3444",2022-03-25 00:03:35,2,373,300,48.7670131909909,5.00319597402942
"3445",2022-03-25 00:03:40,2,373,300,49.8061396668503,4.71143967240062
"3446",2022-03-25 00:03:45,2,373,300,49.3208578279797,5.25793656734798
"3447",2022-03-25 00:03:50,2,373,300,50.7304295146943,4.72276931230853
"3448",2022-03-25 00:03:55,2,373,300,50.3589358298632,5.37250650062685
"3449",2022-03-25 00:04:00,2,373,300,50.1944672436875,5.1416266848116
"3450",2022-03-25 00:04:05,2,373,300,50.7110892326625,5.40648336655143
"3451",2022-03-25 00:04:10,2,373,300,49.9043989919382,5.15383097784994
"3452",2022-03-25 00:04:15,2,373,300,49.4392353169743,4.85271473557781
"3453",2022-03-25 00:04:20,2,373,300,50.0836479728315,5.12166508333796
"3454",2022-03-25 00:04:25,2,373,300,49.4460441578321,5.13462938269723
"3455",2022-03-25 00:04:30,2,373,300,49.1293578382987,4.82977842701691
"3456",2022-03-25 00:04:35,2,373,300,49.6482080573118,5.8745649698158
"3457",2022-03-25 00:04:40,2,373,300,49.4410932738538,5.15420602248362
"3458",2022-03-25 00:04:45,2,373,300,50.5294495127865,5.24030952475
"3459",2022-03-25 00:04:50,2,373,300,49.1354406213322,5.26934278133934
"3460",2022-03-25 00:04:55,2,373,300,49.5641494145038,5.39009500777564
"3461",2022-03-25 00:05:00,2,373,300,50.0947771185701,5.31797390181109
"3462",2022-03-25 00:05:05,2,373,300,50.296148422048,4.37617503685855
"3463",2022-03-25 00:05:10,2,373,300,49.7020653644522,4.83638939955222
"3464",2022-03-25 00:05:15,2,373,300,50.4735449184153,5.080933341795
"3465",2022-03-25 00:05:20,2,373,300,49.7859454832876,5.18661836433283
"3466",2022-03-25 00:05:25,2,373,300,49.6292826084074,4.73567212523526
"3467",2022-03-25 00:05:30,2,373,300,49.8617408391305,5.08641774601791
"3468",2022-03-25 00:05:35,2,373,300,50.0297368494968,4.96279118495676
"3469",2022-03-25 00:05:40,2,373,300,49.0371296818207,4.64956452902232
"3470",2022-03-25 00:05:45,2,373,300,50.3965432936656,5.61992858881105
"3471",2022-03-25 00:05:50,2,373,300,50.5943256368576,5.11045879283701
"3472",2022-03-25 00:05:55,2,373,300,49.7991565336831,5.45653287907733
"3473",2022-03-25 00:06:00,2,373,300,50.7293655049228,4.63593717936572
"3474",2022-03-25 00:06:05,2,373,300,49.2239660594854,4.82078191120033
"3475",2022-03-25 00:06:10,2,373,300,50.5778289387365,4.7896934064332
"3476",2022-03-25 00:06:15,2,373,300,50.116492634468,4.98550050067008
"3477",2022-03-25 00:06:20,2,373,300,50.9550982386881,4.4721740873198
"3478",2022-03-25 00:06:25,2,373,300,50.3507713242423,5.15309952757314
"3479",2022-03-25 00:06:30,2,373,300,49.6192857228145,4.84927441081334
"3480",2022-03-25 00:06:35,2,373,300,50.0862248175305,5.17090287509578
"3481",2022-03-25 00:06:40,2,373,300,49.4901548841952,4.95491636839711
"3482",2022-03-25 00:06:45,2,373,300,49.159967134649,4.66835195070608
"3483",2022-03-25 00:06:50,2,373,300,49.9487520388578,4.89455837864902
"3484",2022-03-25 00:06:55,2,373,300,49.2772824209306,4.41752744551076
"3485",2022-03-25 00:07:00,2,373,300,50.7999072337436,4.95324034058477
"3486",2022-03-25 00:07:05,2,373,300,50.1966706714115,4.86047426599114
"3487",2022-03-25 00:07:10,2,373,300,50.1346208007555,4.81421616214546
"3488",2022-03-25 00:07:15,2,373,300,49.3290847783002,4.29716094572504
"3489",2022-03-25 00:07:20,2,373,300,50.2445478894048,4.96355352791725
"3490",2022-03-25 00:07:25,2,373,300,49.5216723003621,5.10110844209541
"3491",2022-03-25 00:07:30,2,373,300,50.7822137693563,5.27764330291729
"3492",2022-03-25 00:07:35,2,373,300,50.5623601178263,5.23449012804906
"3493",2022-03-25 00:07:40,2,373,300,50.151214652867,5.09497833844164
"3494",2022-03-25 00:07:45,2,373,300,49.6634895522452,4.50976643078796
"3495",2022-03-25 00:07:50,2,373,300,49.8677530263049,4.77779749781109
"3496",2022-03-25 00:07:55,2,373,300,49.4953795962416,5.20430889885668
"3497",2022-03-25 00:08:00,2,373,300,49.8802983545293,5.76933024408666
"3498",2022-03-25 00:08:05,2,373,300,49.6068705033735,4.85781045504753
"3499",2022-03-25 00:08:10,2,373,300,50.2184210253468,5.38184604926891
"3500",2022-03-25 00:08:15,2,373,300,49.5548601301372,5.01473306124956
"3501",2022-03-25 00:08:20,2,373,300,50.4473389508868,5.12418641280622
"3502",2022-03-25 00:08:25,2,373,300,50.4305970187923,4.78024800839075
"3503",2022-03-25 00:08:30,2,373,300,49.7188838435667,5.30599721215504
"3504",2022-03-25 00:08:35,2,373,300,49.8550813531747,4.70432967312252
"3505",2022-03-25 00:08:40,2,373,300,51.1329471229724,4.75639569172991
"3506",2022-03-25 00:08:45,2,373,300,50.9296297753498,5.2107600118425
"3507",2022-03-25 00:08:50,2,373,300,50.2901080812666,5.20148560693289
"3508",2022-03-25 00:08:55,2,373,300,49.1716255007081,4.5641908324286
"3509",2022-03-25 00:09:00,2,373,300,50.2750357012851,5.28485390330029
"3510",2022-03-25 00:09:05,2,373,300,50.1525052479193,4.42090646061602
"3511",2022-03-25 00:09:10,2,373,300,49.9786260253269,5.06668129188931
"3512",2022-03-25 00:09:15,2,373,300,49.5304382442699,4.92886625016342
"3513",2022-03-25 00:09:20,2,373,300,50.7159332521969,5.10927173026364
"3514",2022-03-25 00:09:25,2,373,300,50.2685372937516,5.1758438831434
"3515",2022-03-25 00:09:30,2,373,300,49.6355088397281,4.86505032302497
"3516",2022-03-25 00:09:35,2,373,300,49.7258712197623,4.92643717783022
"3517",2022-03-25 00:09:40,2,373,300,49.9327396220326,4.9126288091771
"3518",2022-03-25 00:09:45,2,373,300,49.8555900785094,5.31421831532437
"3519",2022-03-25 00:09:50,2,373,300,49.1585575963285,4.826161136944
"3520",2022-03-25 00:09:55,2,373,300,50.1892443905443,5.44721887728218
"3521",2022-03-25 00:10:00,2,373,300,49.4537768140823,4.88269496866986
"3522",2022-03-25 00:10:05,2,373,300,49.4824039981846,5.34473412950968
"3523",2022-03-25 00:10:10,2,373,300,50.3838032509917,5.22458529137568
"3524",2022-03-25 00:10:15,2,373,300,49.5309933143459,5.08138968750455
"3525",2022-03-25 00:10:20,2,373,300,49.8569337946216,5.08473535897928
"3526",2022-03-25 00:10:25,2,373,300,50.0328531726176,4.94880102294804
"3527",2022-03-25 00:10:30,2,373,300,48.4772212382482,5.21616999677567
"3528",2022-03-25 00:10:35,2,373,300,50.2835645503318,5.52679403690273
"3529",2022-03-25 00:10:40,2,373,300,49.2851850614309,4.92031896570058
"3530",2022-03-25 00:10:45,2,373,300,49.9459436113088,4.95311189328105
"3531",2022-03-25 00:10:50,2,373,300,49.5347342398092,5.2431863395245
"3532",2022-03-25 00:10:55,2,373,300,50.1087579186871,4.98806775353368
"3533",2022-03-25 00:11:00,2,373,300,49.6772116965537,4.76649335052146
"3534",2022-03-25 00:11:05,2,373,300,49.4551507264564,5.11471875349215
"3535",2022-03-25 00:11:10,2,373,300,49.5386435325136,5.22973761970715
"3536",2022-03-25 00:11:15,2,373,300,49.0536974323845,4.81888487953733
"3537",2022-03-25 00:11:20,2,373,300,49.4192436355145,4.92008925279077
"3538",2022-03-25 00:11:25,2,373,300,50.735521976598,4.95711069854586
"3539",2022-03-25 00:11:30,2,373,300,50.4394939291803,5.28077432893295
"3540",2022-03-25 00:11:35,2,373,300,50.211567619334,5.14183054046825
"3541",2022-03-25 00:11:40,2,373,300,49.7772315518219,4.78485811877201
"3542",2022-03-25 00:11:45,2,373,300,48.9515422472973,4.95597841079319
"3543",2022-03-25 00:11:50,2,373,300,49.3084554458235,4.89583963977682
"3544",2022-03-25 00:11:55,2,373,300,50.4305945372215,5.28210077934318
"3545",2022-03-25 00:12:00,2,373,300,48.8751785342067,5.01986844037245
"3546",2022-03-25 00:12:05,2,373,300,49.9166951555155,4.87488209834248
"3547",2022-03-25 00:12:10,2,373,300,49.4902952197136,4.98480501204591
"3548",2022-03-25 00:12:15,2,373,300,50.0580277244472,4.96719330840533
"3549",2022-03-25 00:12:20,2,373,300,50.9625245272182,4.83383305334006
"3550",2022-03-25 00:12:25,2,373,300,50.6299731199618,5.30795777334914
"3551",2022-03-25 00:12:30,2,373,300,49.9476932740673,4.88816253937001
"3552",2022-03-25 00:12:35,2,373,300,49.613494157275,5.43364178109323
"3553",2022-03-25 00:12:40,2,373,300,50.1632006908896,5.11965426230708
"3554",2022-03-25 00:12:45,2,373,300,49.4225593801008,5.02371437892296
"3555",2022-03-25 00:12:50,2,373,300,49.2704768780896,4.81397581793458
"3556",2022-03-25 00:12:55,2,373,300,49.4587755978788,4.65561487036351
"3557",2022-03-25 00:13:00,2,373,300,51.0636649113887,4.83914171224055
"3558",2022-03-25 00:13:05,2,373,300,49.3222414462555,4.91780098386013
"3559",2022-03-25 00:13:10,2,373,300,49.6771939081402,5.39246455404898
"3560",2022-03-25 00:13:15,2,373,300,49.7123583262714,4.92441282284947
"3561",2022-03-25 00:13:20,2,373,300,49.6723718336809,5.22190589485211
"3562",2022-03-25 00:13:25,2,373,300,49.6211386906046,4.9636013872395
"3563",2022-03-25 00:13:30,2,373,300,48.9556979830933,4.75834086674294
"3564",2022-03-25 00:13:35,2,373,300,49.7036440295651,5.03303995516718
"3565",2022-03-25 00:13:40,2,373,300,50.5027981826322,4.57593020975991
"3566",2022-03-25 00:13:45,2,373,300,49.6852842756071,5.01563891042864
"3567",2022-03-25 00:13:50,2,373,300,49.9904552856362,5.0499701017134
"3568",2022-03-25 00:13:55,2,373,300,49.8572076774467,5.0495677546428
"3569",2022-03-25 00:14:00,2,373,300,49.8065594187424,5.15042604021938
"3570",2022-03-25 00:14:05,2,373,300,49.1043094617484,5.08213041862478
"3571",2022-03-25 00:14:10,2,373,300,50.2307315322988,4.63258583209822
"3572",2022-03-25 00:14:15,2,373,300,49.9254168111223,4.98782637219588
"3573",2022-03-25 00:14:20,2,373,300,50.3146467715724,5.22236769180652
"3574",2022-03-25 00:14:25,2,373,300,49.8614888473055,5.4002823448414
"3575",2022-03-25 00:14:30,2,373,300,50.6527228757946,5.0991993499979
"3576",2022-03-25 00:14:35,2,373,300,50.0910715169599,4.90799861316729
"3577",2022-03-25 00:14:40,2,373,300,49.7404710187241,5.39710242403167
"3578",2022-03-25 00:14:45,2,373,300,50.5388017381901,4.89329337808638
"3579",2022-03-25 00:14:50,2,373,300,50.3013334087007,4.93435947876171
"3580",2022-03-25 00:14:55,2,373,300,48.9562551001106,4.5983989517089
"3581",2022-03-25 00:15:00,2,373,300,50.8483347393969,5.23337809863689
"3582",2022-03-25 00:15:05,2,373,300,50.1191882518857,4.7949904884538
"3583",2022-03-25 00:15:10,2,373,300,49.8907979074012,4.79560855283441
"3584",2022-03-25 00:15:15,2,373,300,49.3482302566982,5.2842893483507
"3585",2022-03-25 00:15:20,2,373,300,49.6932732785458,5.36209220891632
"3586",2022-03-25 00:15:25,2,373,300,50.094012732951,5.19026679615336
"3587",2022-03-25 00:15:30,2,373,300,50.0632954413351,5.03945525504571
"3588",2022-03-25 00:15:35,2,373,300,49.9139209374078,4.73178717552976
"3589",2022-03-25 00:15:40,2,373,300,49.9808293665734,4.90833692524748
"3590",2022-03-25 00:15:45,2,373,300,50.2096466067775,5.57045361474138
"3591",2022-03-25 00:15:50,2,373,300,49.8373668106172,5.03228661814462
"3592",2022-03-25 00:15:55,2,373,300,50.0107775270142,4.74562123117342
"3593",2022-03-25 00:16:00,2,373,300,49.9038597976859,5.03918810047544
"3594",2022-03-25 00:16:05,2,373,300,49.9891490151094,5.32281509549309
"3595",2022-03-25 00:16:10,2,373,300,49.4381603307901,5.39663859705383
"3596",2022-03-25 00:16:15,2,373,300,50.2453526358691,5.08165453045217
"3597",2022-03-25 00:16:20,2,373,300,49.6982466184665,4.90994842976842
"3598",2022-03-25 00:16:25,2,373,300,50.5384481827311,4.99755873102218
"3599",2022-03-25 00:16:30,2,373,300,50.0745653681541,5.06469617871505
"3600",2022-03-25 00:16:35,2,373,300,50.3611399650065,5.12051156131886
"3601",2022-03-26 00:00:00,3,303,100,48.4363058099928,6.52335109249277
"3602",2022-03-26 00:00:05,3,303,100,47.774610699539,6.62081039739185
"3603",2022-03-26 00:00:10,3,303,100,49.6484537491384,6.8146652338785
"3604",2022-03-26 00:00:15,3,303,100,49.093267902274,6.35407396787149
"3605",2022-03-26 00:00:20,3,303,100,50.7296278779573,6.98690606307385
"3606",2022-03-26 00:00:25,3,303,100,47.64502804012,7.15215560656148
"3607",2022-03-26 00:00:30,3,303,100,48.9680581758806,6.84155912487981
"3608",2022-03-26 00:00:35,3,303,100,48.1583293902856,6.12646294630416
"3609",2022-03-26 00:00:40,3,303,100,48.4958989197528,6.03812119809179
"3610",2022-03-26 00:00:45,3,303,100,47.8633315261567,6.1465247627523
"3611",2022-03-26 00:00:50,3,303,100,45.763065610415,6.65417404679866
"3612",2022-03-26 00:00:55,3,303,100,49.2831310794665,6.24573130646055
"3613",2022-03-26 00:01:00,3,303,100,47.1305270336824,5.88307583994819
"3614",2022-03-26 00:01:05,3,303,100,49.3413310429905,6.73546636415231
"3615",2022-03-26 00:01:10,3,303,100,46.9843707988878,6.0021902746871
"3616",2022-03-26 00:01:15,3,303,100,48.6009695194691,6.97418432419733
"3617",2022-03-26 00:01:20,3,303,100,49.7765983565671,6.44112596561403
"3618",2022-03-26 00:01:25,3,303,100,48.5268133447864,6.35347279258503
"3619",2022-03-26 00:01:30,3,303,100,48.6067260200083,6.47819286881003
"3620",2022-03-26 00:01:35,3,303,100,48.4449780041782,6.0836803276994
"3621",2022-03-26 00:01:40,3,303,100,50.7202989894698,6.50697892861961
"3622",2022-03-26 00:01:45,3,303,100,49.6978638970506,6.95740181322595
"3623",2022-03-26 00:01:50,3,303,100,52.3662525440341,6.33927869540318
"3624",2022-03-26 00:01:55,3,303,100,47.5721702153311,6.40889837351239
"3625",2022-03-26 00:02:00,3,303,100,49.1247730301674,6.02178983417527
"3626",2022-03-26 00:02:05,3,303,100,46.4076757161054,6.50274913884328
"3627",2022-03-26 00:02:10,3,303,100,47.7552868768004,7.20023506010535
"3628",2022-03-26 00:02:15,3,303,100,50.0723444540032,6.34938963998711
"3629",2022-03-26 00:02:20,3,303,100,47.052633774338,6.66205198998661
"3630",2022-03-26 00:02:25,3,303,100,48.1468746728458,6.21952142600284
"3631",2022-03-26 00:02:30,3,303,100,48.5605581779109,6.23855646535264
"3632",2022-03-26 00:02:35,3,303,100,50.4533937624,6.44901498182511
"3633",2022-03-26 00:02:40,3,303,100,47.5438138074374,6.23107723583033
"3634",2022-03-26 00:02:45,3,303,100,49.3370135292289,6.39225888132943
"3635",2022-03-26 00:02:50,3,303,100,47.5869956048414,6.37392250120195
"3636",2022-03-26 00:02:55,3,303,100,47.7461060128945,7.17990459187934
"3637",2022-03-26 00:03:00,3,303,100,47.4030012346627,5.56364934199045
"3638",2022-03-26 00:03:05,3,303,100,47.7133540288571,6.90044924347174
"3639",2022-03-26 00:03:10,3,303,100,47.6824033713982,6.33476839891688
"3640",2022-03-26 00:03:15,3,303,100,47.2572630734286,5.83081497444409
"3641",2022-03-26 00:03:20,3,303,100,50.7015417124088,5.9351121189905
"3642",2022-03-26 00:03:25,3,303,100,48.3475856081882,7.2195952899401
"3643",2022-03-26 00:03:30,3,303,100,50.3911161105421,6.32962844311351
"3644",2022-03-26 00:03:35,3,303,100,50.1967010895712,6.28337222548885
"3645",2022-03-26 00:03:40,3,303,100,47.67042037587,7.01162912575312
"3646",2022-03-26 00:03:45,3,303,100,50.5670828600597,6.41686795645944
"3647",2022-03-26 00:03:50,3,303,100,50.4355816773284,6.12808927009743
"3648",2022-03-26 00:03:55,3,303,100,48.4722876747886,6.63052763845405
"3649",2022-03-26 00:04:00,3,303,100,47.3179588265743,6.25025981757852
"3650",2022-03-26 00:04:05,3,303,100,49.1087078488692,6.80639868112066
"3651",2022-03-26 00:04:10,3,303,100,47.1177794860942,6.92641689017753
"3652",2022-03-26 00:04:15,3,303,100,47.9309588942593,6.41052612779328
"3653",2022-03-26 00:04:20,3,303,100,47.7542002890205,6.05669770152397
"3654",2022-03-26 00:04:25,3,303,100,48.9525273060543,6.41481375859553
"3655",2022-03-26 00:04:30,3,303,100,50.1782242439637,6.08816314974524
"3656",2022-03-26 00:04:35,3,303,100,49.0500617005235,6.36533992139902
"3657",2022-03-26 00:04:40,3,303,100,49.4952817715716,6.96126654606609
"3658",2022-03-26 00:04:45,3,303,100,48.4762340324803,5.96663471881539
"3659",2022-03-26 00:04:50,3,303,100,47.2757571519203,6.1256785859774
"3660",2022-03-26 00:04:55,3,303,100,47.7383380117093,6.0767866930701
"3661",2022-03-26 00:05:00,3,303,100,48.2624333107351,6.51162073986733
"3662",2022-03-26 00:05:05,3,303,100,49.3171837648091,6.70571100035353
"3663",2022-03-26 00:05:10,3,303,100,48.3378660197681,6.13056838100561
"3664",2022-03-26 00:05:15,3,303,100,48.9541504030247,5.94967755272814
"3665",2022-03-26 00:05:20,3,303,100,47.3653226346022,6.66208041204507
"3666",2022-03-26 00:05:25,3,303,100,47.6197066002517,6.2584585191589
"3667",2022-03-26 00:05:30,3,303,100,47.4423727258417,6.29517318096452
"3668",2022-03-26 00:05:35,3,303,100,47.713533888125,6.89078499426072
"3669",2022-03-26 00:05:40,3,303,100,49.1272453284523,5.9081475963194
"3670",2022-03-26 00:05:45,3,303,100,49.4780426229973,6.10504627489003
"3671",2022-03-26 00:05:50,3,303,100,46.7521203407702,7.33072844379624
"3672",2022-03-26 00:05:55,3,303,100,49.5226374143507,6.53392930534488
"3673",2022-03-26 00:06:00,3,303,100,47.2306272955992,6.39111385295296
"3674",2022-03-26 00:06:05,3,303,100,47.6765791396147,7.03476298740383
"3675",2022-03-26 00:06:10,3,303,100,49.8591268008744,6.71603926368954
"3676",2022-03-26 00:06:15,3,303,100,49.7525667399149,6.22327901924327
"3677",2022-03-26 00:06:20,3,303,100,47.8105161362037,6.33107328475585
"3678",2022-03-26 00:06:25,3,303,100,53.2026972651474,6.49608281344994
"3679",2022-03-26 00:06:30,3,303,100,47.8224059939391,6.84597961308974
"3680",2022-03-26 00:06:35,3,303,100,50.2345982450169,6.6723387057275
"3681",2022-03-26 00:06:40,3,303,100,47.646733403301,6.49139138901134
"3682",2022-03-26 00:06:45,3,303,100,48.9527841148949,6.70770948628699
"3683",2022-03-26 00:06:50,3,303,100,48.9299194119652,7.36422238274415
"3684",2022-03-26 00:06:55,3,303,100,48.1249070966201,6.46347616529528
"3685",2022-03-26 00:07:00,3,303,100,46.2455863701214,7.03142105513417
"3686",2022-03-26 00:07:05,3,303,100,47.6122832320901,6.37742154141632
"3687",2022-03-26 00:07:10,3,303,100,50.7094833858132,7.11714548008961
"3688",2022-03-26 00:07:15,3,303,100,49.9586749612096,6.37945910698833
"3689",2022-03-26 00:07:20,3,303,100,47.5576380302795,6.04478963275743
"3690",2022-03-26 00:07:25,3,303,100,50.8140511885662,6.6698591976529
"3691",2022-03-26 00:07:30,3,303,100,51.7696119954144,5.7540264725846
"3692",2022-03-26 00:07:35,3,303,100,47.2322119944533,6.08740599870784
"3693",2022-03-26 00:07:40,3,303,100,48.1162439837721,6.72093979016572
"3694",2022-03-26 00:07:45,3,303,100,46.9753537706129,6.87654491470341
"3695",2022-03-26 00:07:50,3,303,100,49.7774178319182,6.08362683024707
"3696",2022-03-26 00:07:55,3,303,100,50.1930815295024,7.24774913842014
"3697",2022-03-26 00:08:00,3,303,100,47.599898169222,6.84007697823479
"3698",2022-03-26 00:08:05,3,303,100,48.3601079076939,6.41602970088199
"3699",2022-03-26 00:08:10,3,303,100,50.4762282133092,6.6049575063645
"3700",2022-03-26 00:08:15,3,303,100,49.0483049549878,7.09683187944103
"3701",2022-03-26 00:08:20,3,303,100,47.9683217844605,6.76577469004971
"3702",2022-03-26 00:08:25,3,303,100,46.5745417621336,6.19720663238898
"3703",2022-03-26 00:08:30,3,303,100,46.7349672423826,6.09638832531093
"3704",2022-03-26 00:08:35,3,303,100,48.7448687442337,6.57599506264691
"3705",2022-03-26 00:08:40,3,303,100,49.2275334090763,6.05212181354595
"3706",2022-03-26 00:08:45,3,303,100,51.3166905116414,6.64872530224411
"3707",2022-03-26 00:08:50,3,303,100,51.14873040881,6.87596405104122
"3708",2022-03-26 00:08:55,3,303,100,49.668141235044,6.48684754330194
"3709",2022-03-26 00:09:00,3,303,100,47.0996472955903,6.10221458534751
"3710",2022-03-26 00:09:05,3,303,100,50.7020798185301,6.44812099191945
"3711",2022-03-26 00:09:10,3,303,100,52.2887532411195,5.64990335092069
"3712",2022-03-26 00:09:15,3,303,100,49.341995244892,6.12630571942066
"3713",2022-03-26 00:09:20,3,303,100,47.2366747085298,6.72193429104672
"3714",2022-03-26 00:09:25,3,303,100,50.6072994554013,6.24982443991328
"3715",2022-03-26 00:09:30,3,303,100,49.0391803562445,6.47972027250978
"3716",2022-03-26 00:09:35,3,303,100,48.2988535324301,6.30972623976296
"3717",2022-03-26 00:09:40,3,303,100,49.3104418537109,6.531846363472
"3718",2022-03-26 00:09:45,3,303,100,49.9370794302005,6.38994801116384
"3719",2022-03-26 00:09:50,3,303,100,49.7886982294255,7.13820345596552
"3720",2022-03-26 00:09:55,3,303,100,49.5609565440997,6.63211812443963
"3721",2022-03-26 00:10:00,3,303,100,48.5433565501686,6.47375086621166
"3722",2022-03-26 00:10:05,3,303,100,48.4687135647291,7.09301416307482
"3723",2022-03-26 00:10:10,3,303,100,48.2155629855388,5.87073923492239
"3724",2022-03-26 00:10:15,3,303,100,49.9368988609827,6.952032090191
"3725",2022-03-26 00:10:20,3,303,100,48.6785904940953,6.36989903586514
"3726",2022-03-26 00:10:25,3,303,100,49.0173780896977,6.40351593371069
"3727",2022-03-26 00:10:30,3,303,100,50.4169275137121,6.00718106205584
"3728",2022-03-26 00:10:35,3,303,100,50.3427060650251,5.74976646594086
"3729",2022-03-26 00:10:40,3,303,100,49.3484920178809,6.10341023013242
"3730",2022-03-26 00:10:45,3,303,100,49.1704356762228,5.90860980965522
"3731",2022-03-26 00:10:50,3,303,100,45.8912805914933,6.94054523828702
"3732",2022-03-26 00:10:55,3,303,100,46.4921343021666,6.21928161120964
"3733",2022-03-26 00:11:00,3,303,100,48.4658801653514,6.89368664279965
"3734",2022-03-26 00:11:05,3,303,100,47.4691380010214,5.91687508694111
"3735",2022-03-26 00:11:10,3,303,100,46.8802404257802,6.52591785103948
"3736",2022-03-26 00:11:15,3,303,100,48.2930085052297,6.74413665576144
"3737",2022-03-26 00:11:20,3,303,100,47.9030054165303,7.25948664887427
"3738",2022-03-26 00:11:25,3,303,100,49.607073442898,6.68162804987532
"3739",2022-03-26 00:11:30,3,303,100,47.5315717904525,6.41915963020095
"3740",2022-03-26 00:11:35,3,303,100,48.2058734247638,6.02395005909801
"3741",2022-03-26 00:11:40,3,303,100,49.4386441962983,6.28775713238419
"3742",2022-03-26 00:11:45,3,303,100,51.4748427346165,6.59906544757104
"3743",2022-03-26 00:11:50,3,303,100,50.7846745312607,7.02481220646171
"3744",2022-03-26 00:11:55,3,303,100,48.9096771366285,6.52424168977541
"3745",2022-03-26 00:12:00,3,303,100,48.7820768381688,6.51331670578687
"3746",2022-03-26 00:12:05,3,303,100,48.7904831824554,6.19741916779912
"3747",2022-03-26 00:12:10,3,303,100,50.0069655943903,6.71385060317766
"3748",2022-03-26 00:12:15,3,303,100,50.0830716908144,6.12630611266284
"3749",2022-03-26 00:12:20,3,303,100,49.4355357614195,6.20111137685413
"3750",2022-03-26 00:12:25,3,303,100,47.1065590351167,5.50306721853219
"3751",2022-03-26 00:12:30,3,303,100,47.1205335679774,6.79924863989553
"3752",2022-03-26 00:12:35,3,303,100,50.1686458891544,6.03612329340574
"3753",2022-03-26 00:12:40,3,303,100,49.2365987208765,6.39150921663515
"3754",2022-03-26 00:12:45,3,303,100,49.5918722062639,6.34154308243797
"3755",2022-03-26 00:12:50,3,303,100,51.2264176714147,5.93279499605101
"3756",2022-03-26 00:12:55,3,303,100,49.6420485808597,5.87517431000622
"3757",2022-03-26 00:13:00,3,303,100,48.497150603224,6.31689397329602
"3758",2022-03-26 00:13:05,3,303,100,48.7588338590473,6.44562352536458
"3759",2022-03-26 00:13:10,3,303,100,49.8172336477392,6.40143302659389
"3760",2022-03-26 00:13:15,3,303,100,51.7730292755141,7.01247996642205
"3761",2022-03-26 00:13:20,3,303,100,48.1616800873024,6.49331625554737
"3762",2022-03-26 00:13:25,3,303,100,46.8424544947214,6.47943079782539
"3763",2022-03-26 00:13:30,3,303,100,49.5985494401389,6.38275887921981
"3764",2022-03-26 00:13:35,3,303,100,47.153753470502,6.75819614531293
"3765",2022-03-26 00:13:40,3,303,100,49.0490228853437,6.74186681566038
"3766",2022-03-26 00:13:45,3,303,100,49.1847706014331,7.05894438469118
"3767",2022-03-26 00:13:50,3,303,100,47.9687555890212,6.45588939809223
"3768",2022-03-26 00:13:55,3,303,100,49.3587747900024,6.61698497763869
"3769",2022-03-26 00:14:00,3,303,100,49.0391790054423,6.00966229052218
"3770",2022-03-26 00:14:05,3,303,100,48.4827869602527,6.23783696564484
"3771",2022-03-26 00:14:10,3,303,100,49.9176461535078,6.66867943072281
"3772",2022-03-26 00:14:15,3,303,100,47.0541755860278,6.66299546651078
"3773",2022-03-26 00:14:20,3,303,100,48.6042319256632,6.10357847505013
"3774",2022-03-26 00:14:25,3,303,100,49.8423118242486,5.99444687392842
"3775",2022-03-26 00:14:30,3,303,100,46.3290705519369,6.76910379167172
"3776",2022-03-26 00:14:35,3,303,100,50.900407553109,6.52685907250476
"3777",2022-03-26 00:14:40,3,303,100,48.2805150371012,6.13605910287919
"3778",2022-03-26 00:14:45,3,303,100,47.1645705776848,6.79378020863124
"3779",2022-03-26 00:14:50,3,303,100,48.6789714503787,6.78177353343018
"3780",2022-03-26 00:14:55,3,303,100,48.8651486880869,6.47953199957334
"3781",2022-03-26 00:15:00,3,303,100,47.9138725997368,6.41315740074362
"3782",2022-03-26 00:15:05,3,303,100,48.8192880089879,6.54451298717312
"3783",2022-03-26 00:15:10,3,303,100,48.1441302921792,6.61585999225337
"3784",2022-03-26 00:15:15,3,303,100,49.4053700462994,7.2271909021568
"3785",2022-03-26 00:15:20,3,303,100,48.5627897405816,6.67110978095466
"3786",2022-03-26 00:15:25,3,303,100,47.2448970566498,6.20274980834572
"3787",2022-03-26 00:15:30,3,303,100,48.2403991583048,7.08304028273847
"3788",2022-03-26 00:15:35,3,303,100,47.8729367970379,6.26100764633074
"3789",2022-03-26 00:15:40,3,303,100,48.38737356237,6.33869960760079
"3790",2022-03-26 00:15:45,3,303,100,48.9793791698082,6.43421366456547
"3791",2022-03-26 00:15:50,3,303,100,48.5469910711781,5.62617032282189
"3792",2022-03-26 00:15:55,3,303,100,50.4600758793019,6.61111418125171
"3793",2022-03-26 00:16:00,3,303,100,47.8860483531699,6.83862270207965
"3794",2022-03-26 00:16:05,3,303,100,47.6263828930873,5.52893980633957
"3795",2022-03-26 00:16:10,3,303,100,48.4174614071424,6.33562069475688
"3796",2022-03-26 00:16:15,3,303,100,50.3186880073487,6.11205245057697
"3797",2022-03-26 00:16:20,3,303,100,49.5444400646544,6.66271508691755
"3798",2022-03-26 00:16:25,3,303,100,52.3293615835614,6.32031731527199
"3799",2022-03-26 00:16:30,3,303,100,51.2197261676542,6.3104202429038
"3800",2022-03-26 00:16:35,3,303,100,47.855907733537,5.95997753726341
"3801",2022-03-27 00:00:00,3,303,200,50.1873147362928,5.87670287225912
"3802",2022-03-27 00:00:05,3,303,200,48.8863281230686,5.99350217396724
"3803",2022-03-27 00:00:10,3,303,200,48.3641800758369,5.82929189102895
"3804",2022-03-27 00:00:15,3,303,200,48.7941245580996,5.5572280799646
"3805",2022-03-27 00:00:20,3,303,200,48.2047077495086,6.1003177953354
"3806",2022-03-27 00:00:25,3,303,200,51.620303409897,6.11867459876506
"3807",2022-03-27 00:00:30,3,303,200,50.2685746302378,6.31315186413094
"3808",2022-03-27 00:00:35,3,303,200,47.6442238443553,6.00094471111569
"3809",2022-03-27 00:00:40,3,303,200,50.6105587422915,5.71200418064393
"3810",2022-03-27 00:00:45,3,303,200,48.9744643830364,5.69802365978322
"3811",2022-03-27 00:00:50,3,303,200,48.43673115997,6.41056793332916
"3812",2022-03-27 00:00:55,3,303,200,47.8078930679254,5.68256513381207
"3813",2022-03-27 00:01:00,3,303,200,48.1607266107163,5.93964453227898
"3814",2022-03-27 00:01:05,3,303,200,48.7484599212245,6.19237926005956
"3815",2022-03-27 00:01:10,3,303,200,50.1458962584958,6.22793471609016
"3816",2022-03-27 00:01:15,3,303,200,49.1578031804941,6.30309940037465
"3817",2022-03-27 00:01:20,3,303,200,51.0412845189556,5.7670746018299
"3818",2022-03-27 00:01:25,3,303,200,48.9895004473289,5.60636066660318
"3819",2022-03-27 00:01:30,3,303,200,47.1315771896145,5.7478316581047
"3820",2022-03-27 00:01:35,3,303,200,46.6696952758584,5.79197746631425
"3821",2022-03-27 00:01:40,3,303,200,48.9991580582885,5.39585393304413
"3822",2022-03-27 00:01:45,3,303,200,49.1141876887598,5.84489287241988
"3823",2022-03-27 00:01:50,3,303,200,48.7417186568092,6.20866487445649
"3824",2022-03-27 00:01:55,3,303,200,49.8691283158232,5.99434387856201
"3825",2022-03-27 00:02:00,3,303,200,48.9010326183045,5.20223521725663
"3826",2022-03-27 00:02:05,3,303,200,48.2773339844057,5.2104329137045
"3827",2022-03-27 00:02:10,3,303,200,47.4092961408548,5.28179779157288
"3828",2022-03-27 00:02:15,3,303,200,49.7031508661901,5.1766223710459
"3829",2022-03-27 00:02:20,3,303,200,51.1628634329782,6.14542296695488
"3830",2022-03-27 00:02:25,3,303,200,49.383040523647,5.74318538237264
"3831",2022-03-27 00:02:30,3,303,200,51.0056678950954,5.73947717518212
"3832",2022-03-27 00:02:35,3,303,200,48.4905085861565,5.56187337788765
"3833",2022-03-27 00:02:40,3,303,200,49.4443479720696,5.80967293430419
"3834",2022-03-27 00:02:45,3,303,200,48.398524509616,6.31365057934931
"3835",2022-03-27 00:02:50,3,303,200,50.2856480364067,5.33851918808913
"3836",2022-03-27 00:02:55,3,303,200,49.9766594507004,5.62852220867985
"3837",2022-03-27 00:03:00,3,303,200,47.304553731458,5.80381326245883
"3838",2022-03-27 00:03:05,3,303,200,50.57829049792,5.3093613823483
"3839",2022-03-27 00:03:10,3,303,200,47.8496239675065,5.94310902031968
"3840",2022-03-27 00:03:15,3,303,200,50.1766772462478,6.05173328861262
"3841",2022-03-27 00:03:20,3,303,200,48.1624603982647,5.63278552999613
"3842",2022-03-27 00:03:25,3,303,200,50.0467685527955,6.04150245727681
"3843",2022-03-27 00:03:30,3,303,200,48.7653590875466,5.56274556450582
"3844",2022-03-27 00:03:35,3,303,200,48.6320303216086,6.02081868170692
"3845",2022-03-27 00:03:40,3,303,200,46.3126611680916,5.49173496698323
"3846",2022-03-27 00:03:45,3,303,200,49.2672518953979,5.67411376029146
"3847",2022-03-27 00:03:50,3,303,200,49.5387297590755,6.06442395399076
"3848",2022-03-27 00:03:55,3,303,200,48.8831060942745,5.94389796567827
"3849",2022-03-27 00:04:00,3,303,200,48.7085247453242,5.40065731872308
"3850",2022-03-27 00:04:05,3,303,200,48.422907174573,5.6865162607952
"3851",2022-03-27 00:04:10,3,303,200,49.6833590762076,5.39137751283309
"3852",2022-03-27 00:04:15,3,303,200,47.9048619796124,5.61763279858172
"3853",2022-03-27 00:04:20,3,303,200,51.6928039233301,5.68743911484268
"3854",2022-03-27 00:04:25,3,303,200,48.2775600171404,5.69759020409892
"3855",2022-03-27 00:04:30,3,303,200,45.93181366283,5.49492786537512
"3856",2022-03-27 00:04:35,3,303,200,48.4041127992335,6.21393787140504
"3857",2022-03-27 00:04:40,3,303,200,50.6773684863322,5.54690925042351
"3858",2022-03-27 00:04:45,3,303,200,47.4238586192656,5.19589692203173
"3859",2022-03-27 00:04:50,3,303,200,48.1677519429117,5.95321880457238
"3860",2022-03-27 00:04:55,3,303,200,48.5697404518505,5.34430207778198
"3861",2022-03-27 00:05:00,3,303,200,46.8907179524593,5.67097651068309
"3862",2022-03-27 00:05:05,3,303,200,48.535729369237,5.29601463623591
"3863",2022-03-27 00:05:10,3,303,200,46.8503610863403,5.52542194021749
"3864",2022-03-27 00:05:15,3,303,200,48.5614522953155,6.20997943599914
"3865",2022-03-27 00:05:20,3,303,200,48.3715809839103,5.53313076530586
"3866",2022-03-27 00:05:25,3,303,200,48.0406823762682,6.04970896496926
"3867",2022-03-27 00:05:30,3,303,200,47.1210259609034,5.44682606406704
"3868",2022-03-27 00:05:35,3,303,200,48.9903341197128,5.79518505830815
"3869",2022-03-27 00:05:40,3,303,200,49.5293381896672,5.55340431827813
"3870",2022-03-27 00:05:45,3,303,200,47.6361868218446,5.90630986418971
"3871",2022-03-27 00:05:50,3,303,200,47.6277762746339,5.57127138574316
"3872",2022-03-27 00:05:55,3,303,200,49.2695760534585,5.67840890093527
"3873",2022-03-27 00:06:00,3,303,200,49.7254033772814,5.84453237421091
"3874",2022-03-27 00:06:05,3,303,200,48.2541190904063,5.84629454746116
"3875",2022-03-27 00:06:10,3,303,200,49.9040472701224,5.55558232368185
"3876",2022-03-27 00:06:15,3,303,200,50.8026625619566,5.81159874891205
"3877",2022-03-27 00:06:20,3,303,200,49.739082866842,6.33308330806278
"3878",2022-03-27 00:06:25,3,303,200,50.6119100541364,5.99455480945861
"3879",2022-03-27 00:06:30,3,303,200,49.2596486803106,5.53581849507954
"3880",2022-03-27 00:06:35,3,303,200,46.97163365452,5.42372449875708
"3881",2022-03-27 00:06:40,3,303,200,50.1934494739876,5.67207828901425
"3882",2022-03-27 00:06:45,3,303,200,48.7186516805559,5.6454118819496
"3883",2022-03-27 00:06:50,3,303,200,50.7522598836984,5.80623905580198
"3884",2022-03-27 00:06:55,3,303,200,47.2961817134107,5.31082543102699
"3885",2022-03-27 00:07:00,3,303,200,49.2365434404292,5.93773928559664
"3886",2022-03-27 00:07:05,3,303,200,48.7630862026223,5.98733858976606
"3887",2022-03-27 00:07:10,3,303,200,49.36519013291,5.30662850324496
"3888",2022-03-27 00:07:15,3,303,200,49.8971602823292,5.45530206988806
"3889",2022-03-27 00:07:20,3,303,200,50.7369042065427,5.50747433378069
"3890",2022-03-27 00:07:25,3,303,200,48.743563950238,5.33387072589749
"3891",2022-03-27 00:07:30,3,303,200,47.6846593138112,6.07727057165458
"3892",2022-03-27 00:07:35,3,303,200,48.8866612752319,6.06781002647062
"3893",2022-03-27 00:07:40,3,303,200,47.0679823877278,5.80124601337086
"3894",2022-03-27 00:07:45,3,303,200,48.18825557171,5.61126983321426
"3895",2022-03-27 00:07:50,3,303,200,48.4016806668028,5.81405436090461
"3896",2022-03-27 00:07:55,3,303,200,50.0686412842308,6.25893497031239
"3897",2022-03-27 00:08:00,3,303,200,47.9649650392128,5.884726911633
"3898",2022-03-27 00:08:05,3,303,200,50.1557489570014,5.6937340632461
"3899",2022-03-27 00:08:10,3,303,200,51.3174611127603,5.598888915526
"3900",2022-03-27 00:08:15,3,303,200,47.9836110325421,5.8062458025344
"3901",2022-03-27 00:08:20,3,303,200,49.2219167904027,5.10435979701434
"3902",2022-03-27 00:08:25,3,303,200,46.1605875057724,5.471281026873
"3903",2022-03-27 00:08:30,3,303,200,48.0304051193709,5.72320255719035
"3904",2022-03-27 00:08:35,3,303,200,48.9020995652908,5.8716839660201
"3905",2022-03-27 00:08:40,3,303,200,47.0342436691154,6.54971211051861
"3906",2022-03-27 00:08:45,3,303,200,47.2623440692157,5.14471089841486
"3907",2022-03-27 00:08:50,3,303,200,48.3780085753919,6.35939286121743
"3908",2022-03-27 00:08:55,3,303,200,49.4215334772086,6.18332949762276
"3909",2022-03-27 00:09:00,3,303,200,49.1257468162841,5.75986078487856
"3910",2022-03-27 00:09:05,3,303,200,48.3649521212201,6.59246782965001
"3911",2022-03-27 00:09:10,3,303,200,48.6060869351661,5.704531974506
"3912",2022-03-27 00:09:15,3,303,200,50.0460929760662,5.92517359598124
"3913",2022-03-27 00:09:20,3,303,200,50.0772076965437,5.97582373055666
"3914",2022-03-27 00:09:25,3,303,200,47.8966097088976,6.05838172680145
"3915",2022-03-27 00:09:30,3,303,200,48.5241399679352,5.3618716639875
"3916",2022-03-27 00:09:35,3,303,200,50.039179189168,5.42508611499911
"3917",2022-03-27 00:09:40,3,303,200,48.4361844633188,6.269908547625
"3918",2022-03-27 00:09:45,3,303,200,46.7430670822814,6.51312413610502
"3919",2022-03-27 00:09:50,3,303,200,52.2882299352939,5.66437743295882
"3920",2022-03-27 00:09:55,3,303,200,49.2041044361493,6.6355651759948
"3921",2022-03-27 00:10:00,3,303,200,46.8901650496233,6.16732689730405
"3922",2022-03-27 00:10:05,3,303,200,48.2754353314215,5.70732976527858
"3923",2022-03-27 00:10:10,3,303,200,52.1892806945421,5.59523956873251
"3924",2022-03-27 00:10:15,3,303,200,46.9511966071435,6.04989076856527
"3925",2022-03-27 00:10:20,3,303,200,46.0823345206665,6.27675985388974
"3926",2022-03-27 00:10:25,3,303,200,49.5927303324841,6.00179161845906
"3927",2022-03-27 00:10:30,3,303,200,50.7876312939151,6.37271139140465
"3928",2022-03-27 00:10:35,3,303,200,49.3087051956915,5.65817123173056
"3929",2022-03-27 00:10:40,3,303,200,52.0045983989647,5.78419918549865
"3930",2022-03-27 00:10:45,3,303,200,49.7084627997074,5.88875505396763
"3931",2022-03-27 00:10:50,3,303,200,48.2953351872813,6.29084937636281
"3932",2022-03-27 00:10:55,3,303,200,47.374772389851,5.59057771285901
"3933",2022-03-27 00:11:00,3,303,200,49.7101334680657,5.40531220674959
"3934",2022-03-27 00:11:05,3,303,200,46.9094338695275,5.74495287557104
"3935",2022-03-27 00:11:10,3,303,200,48.0412409417492,6.27456832179442
"3936",2022-03-27 00:11:15,3,303,200,49.3096364786226,5.14700896122999
"3937",2022-03-27 00:11:20,3,303,200,48.9413228939266,5.45395201373279
"3938",2022-03-27 00:11:25,3,303,200,49.5139607971801,5.87506836580346
"3939",2022-03-27 00:11:30,3,303,200,49.8692585861862,5.12705672256201
"3940",2022-03-27 00:11:35,3,303,200,46.4943362976989,5.19101640366924
"3941",2022-03-27 00:11:40,3,303,200,48.2887061859065,5.96427901318767
"3942",2022-03-27 00:11:45,3,303,200,50.3507696380856,6.4109021668533
"3943",2022-03-27 00:11:50,3,303,200,48.10321655172,6.31409364606548
"3944",2022-03-27 00:11:55,3,303,200,47.9395153266804,5.79089773448695
"3945",2022-03-27 00:12:00,3,303,200,48.9721790491809,5.74218589180634
"3946",2022-03-27 00:12:05,3,303,200,48.9262691898369,6.76709098829086
"3947",2022-03-27 00:12:10,3,303,200,46.7308113687597,6.04546674062297
"3948",2022-03-27 00:12:15,3,303,200,51.0896454960883,6.12086488438595
"3949",2022-03-27 00:12:20,3,303,200,49.5397879198651,5.61600784730225
"3950",2022-03-27 00:12:25,3,303,200,47.5528985985767,5.91084324207489
"3951",2022-03-27 00:12:30,3,303,200,49.6827492546676,5.87290009503348
"3952",2022-03-27 00:12:35,3,303,200,51.3354320496649,5.52572222219052
"3953",2022-03-27 00:12:40,3,303,200,47.5914934154494,6.24119260624231
"3954",2022-03-27 00:12:45,3,303,200,50.5600453771156,5.66995255794326
"3955",2022-03-27 00:12:50,3,303,200,50.3210587348837,5.27542437054587
"3956",2022-03-27 00:12:55,3,303,200,49.0011629486253,5.78583100665364
"3957",2022-03-27 00:13:00,3,303,200,48.3820679106596,5.4466542868181
"3958",2022-03-27 00:13:05,3,303,200,48.1407969300995,5.58997945546471
"3959",2022-03-27 00:13:10,3,303,200,47.3874360539034,5.82235742280069
"3960",2022-03-27 00:13:15,3,303,200,50.807177964009,6.27848186075112
"3961",2022-03-27 00:13:20,3,303,200,49.1950527518705,5.60830444148404
"3962",2022-03-27 00:13:25,3,303,200,50.3217935539037,6.09270810356981
"3963",2022-03-27 00:13:30,3,303,200,49.1463900115206,6.01450354629226
"3964",2022-03-27 00:13:35,3,303,200,46.4435194266405,6.30594408938826
"3965",2022-03-27 00:13:40,3,303,200,47.3872968048229,5.77847178729088
"3966",2022-03-27 00:13:45,3,303,200,46.3242437538853,5.49979682053663
"3967",2022-03-27 00:13:50,3,303,200,48.6530995735483,5.35000776787979
"3968",2022-03-27 00:13:55,3,303,200,51.2327367586273,6.5386279240179
"3969",2022-03-27 00:14:00,3,303,200,48.7883016480418,6.2449944787162
"3970",2022-03-27 00:14:05,3,303,200,48.7114133210426,5.72323474969816
"3971",2022-03-27 00:14:10,3,303,200,48.2041021605897,5.13553318246285
"3972",2022-03-27 00:14:15,3,303,200,49.3811312619493,5.06751147242921
"3973",2022-03-27 00:14:20,3,303,200,49.5824462705324,6.62266207694967
"3974",2022-03-27 00:14:25,3,303,200,47.2674535683656,6.06841712258603
"3975",2022-03-27 00:14:30,3,303,200,46.9462293211632,5.53792525072165
"3976",2022-03-27 00:14:35,3,303,200,50.065558821773,5.48852642423657
"3977",2022-03-27 00:14:40,3,303,200,49.4469874004596,5.9246189793693
"3978",2022-03-27 00:14:45,3,303,200,49.3829282054582,5.90822656779786
"3979",2022-03-27 00:14:50,3,303,200,49.539768080669,5.62768403185918
"3980",2022-03-27 00:14:55,3,303,200,48.4663225971529,5.96770700289209
"3981",2022-03-27 00:15:00,3,303,200,51.2608366131985,5.9002276722977
"3982",2022-03-27 00:15:05,3,303,200,49.5502655104959,5.35698066351349
"3983",2022-03-27 00:15:10,3,303,200,48.0831267006632,5.36619525069655
"3984",2022-03-27 00:15:15,3,303,200,48.2348670395386,5.68859072910571
"3985",2022-03-27 00:15:20,3,303,200,48.9263627384874,5.90943977167415
"3986",2022-03-27 00:15:25,3,303,200,48.9146429308395,5.86375258692496
"3987",2022-03-27 00:15:30,3,303,200,46.4609324805565,6.00508195407424
"3988",2022-03-27 00:15:35,3,303,200,47.2474657702561,5.62782422969554
"3989",2022-03-27 00:15:40,3,303,200,49.7873922225298,6.04894888912586
"3990",2022-03-27 00:15:45,3,303,200,48.8267714245413,5.49918343975668
"3991",2022-03-27 00:15:50,3,303,200,47.6947329761401,5.91536455098679
"3992",2022-03-27 00:15:55,3,303,200,48.9591774536405,5.7191441397256
"3993",2022-03-27 00:16:00,3,303,200,50.6593386014881,6.47056423510201
"3994",2022-03-27 00:16:05,3,303,200,48.8318077521544,6.16714617931405
"3995",2022-03-27 00:16:10,3,303,200,48.0461026988989,6.30466681703181
"3996",2022-03-27 00:16:15,3,303,200,46.5722045746785,6.13495118056627
"3997",2022-03-27 00:16:20,3,303,200,48.6774733363775,5.14732776312486
"3998",2022-03-27 00:16:25,3,303,200,50.124941234576,6.28855300880362
"3999",2022-03-27 00:16:30,3,303,200,50.9626227130989,5.86435413849817
"4000",2022-03-27 00:16:35,3,303,200,49.0054749774151,5.74270656880613
"4001",2022-03-28 00:00:00,3,303,300,50.715400577533,4.93817075002387
"4002",2022-03-28 00:00:05,3,303,300,46.1837556113406,6.36361548142108
"4003",2022-03-28 00:00:10,3,303,300,49.8302119050511,4.75298001692329
"4004",2022-03-28 00:00:15,3,303,300,48.7248645930858,4.54034398043257
"4005",2022-03-28 00:00:20,3,303,300,49.1599158141924,4.86566594219066
"4006",2022-03-28 00:00:25,3,303,300,50.4859742872948,4.46062963131703
"4007",2022-03-28 00:00:30,3,303,300,49.413113193653,5.1767288390412
"4008",2022-03-28 00:00:35,3,303,300,48.0989526886439,5.06710131226881
"4009",2022-03-28 00:00:40,3,303,300,49.911057397236,4.54470983882982
"4010",2022-03-28 00:00:45,3,303,300,48.5017847499121,5.29602916846822
"4011",2022-03-28 00:00:50,3,303,300,49.2571304123519,5.70268579931827
"4012",2022-03-28 00:00:55,3,303,300,47.952033022957,5.42428879861036
"4013",2022-03-28 00:01:00,3,303,300,49.3804403549411,6.01404284707095
"4014",2022-03-28 00:01:05,3,303,300,48.0199401019125,5.44554142787612
"4015",2022-03-28 00:01:10,3,303,300,48.5562046034641,5.13461058422851
"4016",2022-03-28 00:01:15,3,303,300,49.1631892497063,5.64031558293168
"4017",2022-03-28 00:01:20,3,303,300,51.5019490524805,5.3490076362379
"4018",2022-03-28 00:01:25,3,303,300,50.5603980164355,5.43239863225171
"4019",2022-03-28 00:01:30,3,303,300,48.452072374799,5.18803482629842
"4020",2022-03-28 00:01:35,3,303,300,47.9716834281857,5.14543424606366
"4021",2022-03-28 00:01:40,3,303,300,49.1663833479893,4.55531015101737
"4022",2022-03-28 00:01:45,3,303,300,47.95269906088,4.78726438623131
"4023",2022-03-28 00:01:50,3,303,300,48.7085968832646,5.35502306750978
"4024",2022-03-28 00:01:55,3,303,300,50.1629466255462,5.51430440010881
"4025",2022-03-28 00:02:00,3,303,300,49.4667385013702,5.8678668991668
"4026",2022-03-28 00:02:05,3,303,300,50.1113576516828,5.21010458968806
"4027",2022-03-28 00:02:10,3,303,300,48.897742620572,4.83233158934942
"4028",2022-03-28 00:02:15,3,303,300,48.9714139133098,5.23855279444599
"4029",2022-03-28 00:02:20,3,303,300,49.0229358369373,4.86449765654187
"4030",2022-03-28 00:02:25,3,303,300,51.0379261586615,5.56787530026028
"4031",2022-03-28 00:02:30,3,303,300,48.3525406857773,5.884694545827
"4032",2022-03-28 00:02:35,3,303,300,49.4969259015038,5.18236400327527
"4033",2022-03-28 00:02:40,3,303,300,48.8022583791683,4.64985980390657
"4034",2022-03-28 00:02:45,3,303,300,49.3309832955675,4.85116740014275
"4035",2022-03-28 00:02:50,3,303,300,48.6896407051411,5.5126617145365
"4036",2022-03-28 00:02:55,3,303,300,46.9844569232986,4.38979399102831
"4037",2022-03-28 00:03:00,3,303,300,47.102301678792,5.18953829282478
"4038",2022-03-28 00:03:05,3,303,300,50.7177352408075,5.24304418623337
"4039",2022-03-28 00:03:10,3,303,300,50.8564063674986,5.44281852679533
"4040",2022-03-28 00:03:15,3,303,300,48.2293536663256,5.06587909937224
"4041",2022-03-28 00:03:20,3,303,300,48.6238199944102,5.27190072291524
"4042",2022-03-28 00:03:25,3,303,300,48.3556516513016,5.38635883278218
"4043",2022-03-28 00:03:30,3,303,300,47.6622625437066,4.84640160053533
"4044",2022-03-28 00:03:35,3,303,300,48.257063250205,5.35786153844049
"4045",2022-03-28 00:03:40,3,303,300,46.0280594162385,4.99653131367424
"4046",2022-03-28 00:03:45,3,303,300,49.5837217648432,5.66557757537306
"4047",2022-03-28 00:03:50,3,303,300,47.958089294199,4.97376322336326
"4048",2022-03-28 00:03:55,3,303,300,48.8404849035764,5.45345332819453
"4049",2022-03-28 00:04:00,3,303,300,49.6550410555702,5.40566167506589
"4050",2022-03-28 00:04:05,3,303,300,47.9735224225929,5.0224088005965
"4051",2022-03-28 00:04:10,3,303,300,48.1936471180029,4.47510397980551
"4052",2022-03-28 00:04:15,3,303,300,48.3587716747971,4.7602171721631
"4053",2022-03-28 00:04:20,3,303,300,47.0679006172901,4.76295021262572
"4054",2022-03-28 00:04:25,3,303,300,49.2124715919696,5.87777490570655
"4055",2022-03-28 00:04:30,3,303,300,50.5552692765518,5.04552796003273
"4056",2022-03-28 00:04:35,3,303,300,49.542760550136,5.4420813235447
"4057",2022-03-28 00:04:40,3,303,300,48.525917986348,5.66895957937998
"4058",2022-03-28 00:04:45,3,303,300,48.8907419803466,5.48428721324315
"4059",2022-03-28 00:04:50,3,303,300,49.0829290707358,5.37369786009763
"4060",2022-03-28 00:04:55,3,303,300,48.9350508897856,5.02358832789797
"4061",2022-03-28 00:05:00,3,303,300,49.6941840466698,5.00835808203208
"4062",2022-03-28 00:05:05,3,303,300,49.1050860845196,5.5702323222041
"4063",2022-03-28 00:05:10,3,303,300,50.0735032961642,5.54403100763988
"4064",2022-03-28 00:05:15,3,303,300,48.7586256163474,4.63253608904558
"4065",2022-03-28 00:05:20,3,303,300,45.8660007325032,4.49128777727004
"4066",2022-03-28 00:05:25,3,303,300,48.807210240715,5.31371707541825
"4067",2022-03-28 00:05:30,3,303,300,48.481560280867,5.19049713848943
"4068",2022-03-28 00:05:35,3,303,300,49.5132904364117,4.74100005231326
"4069",2022-03-28 00:05:40,3,303,300,48.4591864373235,5.14518523869733
"4070",2022-03-28 00:05:45,3,303,300,47.1791457233896,5.17376948839634
"4071",2022-03-28 00:05:50,3,303,300,48.2547308423804,4.24164316640415
"4072",2022-03-28 00:05:55,3,303,300,50.2846707893496,4.51729120588257
"4073",2022-03-28 00:06:00,3,303,300,47.9261514448977,5.28726671900384
"4074",2022-03-28 00:06:05,3,303,300,52.3404752486059,5.13173164569626
"4075",2022-03-28 00:06:10,3,303,300,49.1218357986611,4.94841993453113
"4076",2022-03-28 00:06:15,3,303,300,48.0067232915563,5.41876742307414
"4077",2022-03-28 00:06:20,3,303,300,50.5260590159608,4.68852132738403
"4078",2022-03-28 00:06:25,3,303,300,49.263768441813,5.28518740898733
"4079",2022-03-28 00:06:30,3,303,300,48.7584803360885,4.83279792546583
"4080",2022-03-28 00:06:35,3,303,300,49.7859066772883,5.1594459456907
"4081",2022-03-28 00:06:40,3,303,300,49.1594718094661,4.89306384249259
"4082",2022-03-28 00:06:45,3,303,300,48.9394154822419,5.89368804540793
"4083",2022-03-28 00:06:50,3,303,300,49.2744575179038,4.56369343662682
"4084",2022-03-28 00:06:55,3,303,300,49.902692897255,5.48597836622577
"4085",2022-03-28 00:07:00,3,303,300,47.4827465610761,5.09710528756279
"4086",2022-03-28 00:07:05,3,303,300,47.9321080767764,5.68185454454942
"4087",2022-03-28 00:07:10,3,303,300,50.3359435250909,4.94714447822209
"4088",2022-03-28 00:07:15,3,303,300,48.1953190072537,5.27203240892714
"4089",2022-03-28 00:07:20,3,303,300,47.5684571758336,5.57280269854284
"4090",2022-03-28 00:07:25,3,303,300,49.4876217868447,5.44895906657056
"4091",2022-03-28 00:07:30,3,303,300,49.7039734497449,4.69103830897972
"4092",2022-03-28 00:07:35,3,303,300,48.5019644905566,4.81723584022246
"4093",2022-03-28 00:07:40,3,303,300,47.6420581308457,5.76395918297751
"4094",2022-03-28 00:07:45,3,303,300,50.0432351362329,5.71796265831348
"4095",2022-03-28 00:07:50,3,303,300,47.6209723741521,5.72274679440833
"4096",2022-03-28 00:07:55,3,303,300,50.1743894745701,5.4302691977436
"4097",2022-03-28 00:08:00,3,303,300,50.2463019387976,5.67519652772212
"4098",2022-03-28 00:08:05,3,303,300,47.2600599483584,5.47260825146883
"4099",2022-03-28 00:08:10,3,303,300,48.0801406815064,4.88756220547367
"4100",2022-03-28 00:08:15,3,303,300,49.5744573626747,5.34776721918103
"4101",2022-03-28 00:08:20,3,303,300,51.015742100073,5.69190050979472
"4102",2022-03-28 00:08:25,3,303,300,49.2555932998756,4.83298687486421
"4103",2022-03-28 00:08:30,3,303,300,47.7707010134538,5.38065996573277
"4104",2022-03-28 00:08:35,3,303,300,50.3099344377948,4.93775038865053
"4105",2022-03-28 00:08:40,3,303,300,46.5015289760218,5.18449867039265
"4106",2022-03-28 00:08:45,3,303,300,50.1590156295768,4.65279949046661
"4107",2022-03-28 00:08:50,3,303,300,48.3876499065779,5.07916608412319
"4108",2022-03-28 00:08:55,3,303,300,46.4753659165856,5.98997868256735
"4109",2022-03-28 00:09:00,3,303,300,49.3890792014766,4.71360849262613
"4110",2022-03-28 00:09:05,3,303,300,48.3364395538022,4.92913356355369
"4111",2022-03-28 00:09:10,3,303,300,49.4885845280959,4.63726523607654
"4112",2022-03-28 00:09:15,3,303,300,49.011753353803,4.86871424693629
"4113",2022-03-28 00:09:20,3,303,300,48.7917893589476,5.31435906546629
"4114",2022-03-28 00:09:25,3,303,300,45.636896521794,5.09043951027972
"4115",2022-03-28 00:09:30,3,303,300,47.7257261113912,5.03811356314617
"4116",2022-03-28 00:09:35,3,303,300,49.6413145134791,5.11308255762896
"4117",2022-03-28 00:09:40,3,303,300,49.7293424566398,4.34911434852402
"4118",2022-03-28 00:09:45,3,303,300,48.8195760201025,5.04064077425483
"4119",2022-03-28 00:09:50,3,303,300,48.1374267539401,5.26380651624292
"4120",2022-03-28 00:09:55,3,303,300,51.0725828056519,5.33482299352543
"4121",2022-03-28 00:10:00,3,303,300,49.3585137714017,5.16495192379196
"4122",2022-03-28 00:10:05,3,303,300,50.3479305754331,5.29304919108385
"4123",2022-03-28 00:10:10,3,303,300,47.6509797858833,4.90896482449422
"4124",2022-03-28 00:10:15,3,303,300,49.0868184624928,4.54000137940409
"4125",2022-03-28 00:10:20,3,303,300,49.3068416021928,5.49686319408468
"4126",2022-03-28 00:10:25,3,303,300,48.3577735916496,4.92727610206566
"4127",2022-03-28 00:10:30,3,303,300,51.6624800812384,5.17106926558665
"4128",2022-03-28 00:10:35,3,303,300,48.65069209977,4.5377589517935
"4129",2022-03-28 00:10:40,3,303,300,49.0281744335678,5.62722944906108
"4130",2022-03-28 00:10:45,3,303,300,47.2304422284866,5.32239097544884
"4131",2022-03-28 00:10:50,3,303,300,48.5216943142527,4.85956841076114
"4132",2022-03-28 00:10:55,3,303,300,47.0626361362591,5.3940208390799
"4133",2022-03-28 00:11:00,3,303,300,49.317884382815,5.05450264791787
"4134",2022-03-28 00:11:05,3,303,300,48.5896870636075,4.64655473734123
"4135",2022-03-28 00:11:10,3,303,300,50.2124813574583,5.92262880669665
"4136",2022-03-28 00:11:15,3,303,300,47.8604178100146,5.97131498835303
"4137",2022-03-28 00:11:20,3,303,300,48.021151371526,4.91176718333759
"4138",2022-03-28 00:11:25,3,303,300,49.3757465856477,4.8389397791785
"4139",2022-03-28 00:11:30,3,303,300,48.2686012508656,4.81693523370047
"4140",2022-03-28 00:11:35,3,303,300,50.3959772753581,5.41086817004402
"4141",2022-03-28 00:11:40,3,303,300,49.9544405856059,5.10099254735037
"4142",2022-03-28 00:11:45,3,303,300,49.2570094355457,5.040148280328
"4143",2022-03-28 00:11:50,3,303,300,49.3650346568173,5.48327247687355
"4144",2022-03-28 00:11:55,3,303,300,52.2072594383439,5.03533947034514
"4145",2022-03-28 00:12:00,3,303,300,48.4158549068321,4.49660521152108
"4146",2022-03-28 00:12:05,3,303,300,50.5608709541466,5.06729541169993
"4147",2022-03-28 00:12:10,3,303,300,46.7273189873951,4.98914066737934
"4148",2022-03-28 00:12:15,3,303,300,50.0062718066499,5.5412332081683
"4149",2022-03-28 00:12:20,3,303,300,46.1084181025707,4.92626736349085
"4150",2022-03-28 00:12:25,3,303,300,50.2789879655706,5.4117238436649
"4151",2022-03-28 00:12:30,3,303,300,47.9916682477578,5.49883625874358
"4152",2022-03-28 00:12:35,3,303,300,50.8819056957463,5.25351436330847
"4153",2022-03-28 00:12:40,3,303,300,48.5622627853818,5.38328481201372
"4154",2022-03-28 00:12:45,3,303,300,46.5405110241607,5.14729899682986
"4155",2022-03-28 00:12:50,3,303,300,50.7702250964821,5.22234951970546
"4156",2022-03-28 00:12:55,3,303,300,45.9923689250059,4.88299037315545
"4157",2022-03-28 00:13:00,3,303,300,48.282460734837,5.02792835729359
"4158",2022-03-28 00:13:05,3,303,300,51.6520265444534,5.30839669498476
"4159",2022-03-28 00:13:10,3,303,300,47.4272693093726,5.51732609724927
"4160",2022-03-28 00:13:15,3,303,300,48.2713368152991,4.18402798352927
"4161",2022-03-28 00:13:20,3,303,300,48.5179844031529,4.98649272849443
"4162",2022-03-28 00:13:25,3,303,300,48.3619384192329,5.4063662375287
"4163",2022-03-28 00:13:30,3,303,300,48.7420353679909,4.66834771946832
"4164",2022-03-28 00:13:35,3,303,300,48.1782366141645,4.52826545690871
"4165",2022-03-28 00:13:40,3,303,300,50.2341482508656,4.75634844613064
"4166",2022-03-28 00:13:45,3,303,300,49.6756070261386,5.10953370912247
"4167",2022-03-28 00:13:50,3,303,300,48.955841952383,4.88578158594239
"4168",2022-03-28 00:13:55,3,303,300,49.4338818830328,4.97402117285136
"4169",2022-03-28 00:14:00,3,303,300,48.4195771544571,5.10293750639539
"4170",2022-03-28 00:14:05,3,303,300,48.1579537719531,4.79962023046643
"4171",2022-03-28 00:14:10,3,303,300,47.8959267437514,4.96181214443721
"4172",2022-03-28 00:14:15,3,303,300,51.1414694506436,5.43889841862475
"4173",2022-03-28 00:14:20,3,303,300,47.2781097021572,5.33025488964857
"4174",2022-03-28 00:14:25,3,303,300,49.8627502553831,5.81734589904218
"4175",2022-03-28 00:14:30,3,303,300,47.6273091508145,5.40870003555131
"4176",2022-03-28 00:14:35,3,303,300,49.7823910755843,5.27502775266574
"4177",2022-03-28 00:14:40,3,303,300,49.6046179194348,5.20906723532367
"4178",2022-03-28 00:14:45,3,303,300,48.7371175155479,5.3667225561401
"4179",2022-03-28 00:14:50,3,303,300,52.3992601952284,4.94181722044106
"4180",2022-03-28 00:14:55,3,303,300,49.0206744469322,4.96320655482494
"4181",2022-03-28 00:15:00,3,303,300,49.7747233631103,4.54565689015272
"4182",2022-03-28 00:15:05,3,303,300,49.2333818756716,4.4067515750084
"4183",2022-03-28 00:15:10,3,303,300,50.2037290592847,5.20764909036393
"4184",2022-03-28 00:15:15,3,303,300,50.3264618918254,5.13368044734268
"4185",2022-03-28 00:15:20,3,303,300,49.3423452360804,4.90431719027972
"4186",2022-03-28 00:15:25,3,303,300,51.4838386005178,4.10959881419424
"4187",2022-03-28 00:15:30,3,303,300,50.5240372795093,5.02708191396639
"4188",2022-03-28 00:15:35,3,303,300,51.1733500153938,5.07462459494285
"4189",2022-03-28 00:15:40,3,303,300,49.7392024571462,4.40365206847955
"4190",2022-03-28 00:15:45,3,303,300,49.1609843128191,5.2130069662029
"4191",2022-03-28 00:15:50,3,303,300,48.387135078191,5.69205589251448
"4192",2022-03-28 00:15:55,3,303,300,48.8650184291362,5.2494608074707
"4193",2022-03-28 00:16:00,3,303,300,47.5296443919083,4.90817201446603
"4194",2022-03-28 00:16:05,3,303,300,49.0705977517291,5.29038283604852
"4195",2022-03-28 00:16:10,3,303,300,48.298213242412,5.21033425339133
"4196",2022-03-28 00:16:15,3,303,300,50.2797037959845,5.59327312092228
"4197",2022-03-28 00:16:20,3,303,300,50.2327667365773,5.27156922143384
"4198",2022-03-28 00:16:25,3,303,300,51.2543017414742,5.23789255670448
"4199",2022-03-28 00:16:30,3,303,300,46.9733857001081,4.60030432643246
"4200",2022-03-28 00:16:35,3,303,300,49.9681543063479,4.5329791945369
"4201",2022-03-29 00:00:00,3,338,100,51.0663749639799,6.27497254354124
"4202",2022-03-29 00:00:05,3,338,100,47.1569788367408,6.01257635975588
"4203",2022-03-29 00:00:10,3,338,100,49.5969668938985,5.98660606974827
"4204",2022-03-29 00:00:15,3,338,100,50.1405575621018,5.99923782935684
"4205",2022-03-29 00:00:20,3,338,100,47.0207076658122,6.33723784171453
"4206",2022-03-29 00:00:25,3,338,100,51.3210432346239,6.1887269614426
"4207",2022-03-29 00:00:30,3,338,100,49.4749212079405,6.05388337328129
"4208",2022-03-29 00:00:35,3,338,100,48.1733560195441,6.67238241304117
"4209",2022-03-29 00:00:40,3,338,100,47.8557963965972,6.54577635529915
"4210",2022-03-29 00:00:45,3,338,100,48.2964642931249,6.15070102405504
"4211",2022-03-29 00:00:50,3,338,100,50.5797822524918,7.25978028408855
"4212",2022-03-29 00:00:55,3,338,100,49.4137655615828,6.50872683223491
"4213",2022-03-29 00:01:00,3,338,100,49.8791597621808,6.31431624392301
"4214",2022-03-29 00:01:05,3,338,100,51.2336976624707,6.08902134236543
"4215",2022-03-29 00:01:10,3,338,100,49.8354552531626,6.27388922341306
"4216",2022-03-29 00:01:15,3,338,100,48.695817193352,6.86596417862658
"4217",2022-03-29 00:01:20,3,338,100,49.052379975107,6.7054995946586
"4218",2022-03-29 00:01:25,3,338,100,47.2321239718975,6.16868040110675
"4219",2022-03-29 00:01:30,3,338,100,47.8500312351663,6.262240960746
"4220",2022-03-29 00:01:35,3,338,100,49.4623189626407,6.54798964185889
"4221",2022-03-29 00:01:40,3,338,100,48.8783945646643,5.99790324115845
"4222",2022-03-29 00:01:45,3,338,100,48.291918256851,5.62764381147231
"4223",2022-03-29 00:01:50,3,338,100,50.3391135768108,6.69302723817104
"4224",2022-03-29 00:01:55,3,338,100,48.8010285413191,6.76019312079389
"4225",2022-03-29 00:02:00,3,338,100,49.1497977326249,5.64329722871478
"4226",2022-03-29 00:02:05,3,338,100,48.6403056203031,6.75658472177167
"4227",2022-03-29 00:02:10,3,338,100,49.2656052259979,6.42603071379132
"4228",2022-03-29 00:02:15,3,338,100,47.8616228422327,6.38053912594974
"4229",2022-03-29 00:02:20,3,338,100,49.9917242717165,6.33891266134251
"4230",2022-03-29 00:02:25,3,338,100,48.0687748385067,6.29120942638921
"4231",2022-03-29 00:02:30,3,338,100,50.2741762731499,6.05593261340287
"4232",2022-03-29 00:02:35,3,338,100,48.1080762029246,6.5073069983612
"4233",2022-03-29 00:02:40,3,338,100,49.2877231447154,6.8395849156412
"4234",2022-03-29 00:02:45,3,338,100,47.0625657266964,6.21137566524834
"4235",2022-03-29 00:02:50,3,338,100,50.7852745102707,7.00139378876853
"4236",2022-03-29 00:02:55,3,338,100,50.7632980763539,6.76784596753681
"4237",2022-03-29 00:03:00,3,338,100,48.8314210563277,6.6630710422556
"4238",2022-03-29 00:03:05,3,338,100,49.5264178160227,6.35084617590805
"4239",2022-03-29 00:03:10,3,338,100,50.7707792102892,6.13707806189681
"4240",2022-03-29 00:03:15,3,338,100,48.8386675279059,6.09728922203013
"4241",2022-03-29 00:03:20,3,338,100,47.3392102405727,6.77010273612583
"4242",2022-03-29 00:03:25,3,338,100,50.2652316623357,7.1906597180279
"4243",2022-03-29 00:03:30,3,338,100,48.0287052781888,6.89817563083928
"4244",2022-03-29 00:03:35,3,338,100,48.2194318772714,6.71346123119079
"4245",2022-03-29 00:03:40,3,338,100,49.1822505230886,5.87025877665383
"4246",2022-03-29 00:03:45,3,338,100,46.7128935291105,6.11129466861188
"4247",2022-03-29 00:03:50,3,338,100,49.873110881214,6.71131762666042
"4248",2022-03-29 00:03:55,3,338,100,49.6427129093944,6.36609879712337
"4249",2022-03-29 00:04:00,3,338,100,50.5318035362019,7.29555616044338
"4250",2022-03-29 00:04:05,3,338,100,46.9478109847791,6.02812598337601
"4251",2022-03-29 00:04:10,3,338,100,46.934284226732,6.4816442607577
"4252",2022-03-29 00:04:15,3,338,100,47.6522038147826,6.51723006330386
"4253",2022-03-29 00:04:20,3,338,100,49.2949966552603,6.0502601096655
"4254",2022-03-29 00:04:25,3,338,100,50.5598901738613,6.68476551594252
"4255",2022-03-29 00:04:30,3,338,100,49.027199382853,6.58572347638633
"4256",2022-03-29 00:04:35,3,338,100,50.6804683755368,6.39513143126333
"4257",2022-03-29 00:04:40,3,338,100,51.2005353916043,6.81893505300797
"4258",2022-03-29 00:04:45,3,338,100,48.2543949715374,6.27543136877572
"4259",2022-03-29 00:04:50,3,338,100,48.3453514681763,6.53815661689397
"4260",2022-03-29 00:04:55,3,338,100,48.2127767771321,6.44301644291189
"4261",2022-03-29 00:05:00,3,338,100,48.5610107581164,6.3459814000229
"4262",2022-03-29 00:05:05,3,338,100,50.2325271233645,6.6350870661215
"4263",2022-03-29 00:05:10,3,338,100,48.3296507296808,6.15936474156951
"4264",2022-03-29 00:05:15,3,338,100,48.9483168477623,7.27124697181095
"4265",2022-03-29 00:05:20,3,338,100,50.2535048788906,6.26198975951498
"4266",2022-03-29 00:05:25,3,338,100,49.2057108314192,6.91329120993392
"4267",2022-03-29 00:05:30,3,338,100,47.5398169791791,6.31299226051805
"4268",2022-03-29 00:05:35,3,338,100,50.0393060626097,6.62056600919788
"4269",2022-03-29 00:05:40,3,338,100,49.5895239035343,6.49766337480395
"4270",2022-03-29 00:05:45,3,338,100,50.5393176967023,6.62822960397409
"4271",2022-03-29 00:05:50,3,338,100,47.258030035895,6.80535834793181
"4272",2022-03-29 00:05:55,3,338,100,48.0388043338433,6.6550199753603
"4273",2022-03-29 00:06:00,3,338,100,49.6402408841006,5.52538672370072
"4274",2022-03-29 00:06:05,3,338,100,50.2448834060961,6.69925328430844
"4275",2022-03-29 00:06:10,3,338,100,46.5991486329593,5.71728553642342
"4276",2022-03-29 00:06:15,3,338,100,49.087271307471,5.8599135307862
"4277",2022-03-29 00:06:20,3,338,100,47.6789856463563,6.973969533185
"4278",2022-03-29 00:06:25,3,338,100,51.0256845696235,5.92141687863403
"4279",2022-03-29 00:06:30,3,338,100,49.4585598964346,7.05521908421796
"4280",2022-03-29 00:06:35,3,338,100,46.2417935014918,6.38116555370651
"4281",2022-03-29 00:06:40,3,338,100,48.0167492600642,6.12986168226124
"4282",2022-03-29 00:06:45,3,338,100,48.6364522384176,6.67052849120408
"4283",2022-03-29 00:06:50,3,338,100,48.4192845648289,6.44401568584579
"4284",2022-03-29 00:06:55,3,338,100,48.5892533890499,6.44081351103447
"4285",2022-03-29 00:07:00,3,338,100,49.901239775848,5.98859787927627
"4286",2022-03-29 00:07:05,3,338,100,46.3082928451075,6.76301583291164
"4287",2022-03-29 00:07:10,3,338,100,49.2977291519027,6.56593466266259
"4288",2022-03-29 00:07:15,3,338,100,48.2206770537345,6.54227028337738
"4289",2022-03-29 00:07:20,3,338,100,47.6278826229109,6.35854885672898
"4290",2022-03-29 00:07:25,3,338,100,47.2493589490525,6.06985863477486
"4291",2022-03-29 00:07:30,3,338,100,50.3345602117523,7.05490768282869
"4292",2022-03-29 00:07:35,3,338,100,49.4347026877138,7.11727405130554
"4293",2022-03-29 00:07:40,3,338,100,49.3362883374208,6.90148452616975
"4294",2022-03-29 00:07:45,3,338,100,48.1934909758495,6.85739162436905
"4295",2022-03-29 00:07:50,3,338,100,47.8610447118022,6.67878576273516
"4296",2022-03-29 00:07:55,3,338,100,50.5339526557367,6.71998267607295
"4297",2022-03-29 00:08:00,3,338,100,46.4579990862722,6.22782343231566
"4298",2022-03-29 00:08:05,3,338,100,47.7629607072441,6.02370866434746
"4299",2022-03-29 00:08:10,3,338,100,47.141880124606,6.87196808169324
"4300",2022-03-29 00:08:15,3,338,100,47.5763702558539,6.70914743477595
"4301",2022-03-29 00:08:20,3,338,100,50.5416233384731,7.06600190948043
"4302",2022-03-29 00:08:25,3,338,100,48.4340998439532,6.79924013130776
"4303",2022-03-29 00:08:30,3,338,100,49.8083780300157,6.62514137196378
"4304",2022-03-29 00:08:35,3,338,100,48.2554046223027,7.0711023627931
"4305",2022-03-29 00:08:40,3,338,100,45.8040480248976,6.76475678562402
"4306",2022-03-29 00:08:45,3,338,100,50.219864361278,6.16240198924705
"4307",2022-03-29 00:08:50,3,338,100,47.8073064158863,6.67140118530723
"4308",2022-03-29 00:08:55,3,338,100,49.7878380417332,6.45253704910557
"4309",2022-03-29 00:09:00,3,338,100,50.1376134794475,6.92245917705901
"4310",2022-03-29 00:09:05,3,338,100,50.3967243621873,6.31171397780944
"4311",2022-03-29 00:09:10,3,338,100,49.9852867741157,6.424200267324
"4312",2022-03-29 00:09:15,3,338,100,48.6506987750161,6.8698164482
"4313",2022-03-29 00:09:20,3,338,100,50.6742354894414,6.57565380004471
"4314",2022-03-29 00:09:25,3,338,100,49.1000802771115,6.16305568475457
"4315",2022-03-29 00:09:30,3,338,100,49.7653645738151,7.04427415662334
"4316",2022-03-29 00:09:35,3,338,100,48.156864897935,6.11192044002122
"4317",2022-03-29 00:09:40,3,338,100,48.7671264761198,5.91803068041068
"4318",2022-03-29 00:09:45,3,338,100,49.5520562983275,6.14437190950577
"4319",2022-03-29 00:09:50,3,338,100,47.2282724326253,5.95822730068778
"4320",2022-03-29 00:09:55,3,338,100,50.9788207978634,6.91789858438094
"4321",2022-03-29 00:10:00,3,338,100,51.4598609814624,6.66533197901122
"4322",2022-03-29 00:10:05,3,338,100,49.6350214848868,5.88408566720704
"4323",2022-03-29 00:10:10,3,338,100,47.2119938680326,6.63654542540425
"4324",2022-03-29 00:10:15,3,338,100,50.5287723905083,6.55777278327185
"4325",2022-03-29 00:10:20,3,338,100,49.2939113634309,6.28029586294246
"4326",2022-03-29 00:10:25,3,338,100,50.6324024546492,6.21683115013591
"4327",2022-03-29 00:10:30,3,338,100,48.8886699761643,6.7702276406446
"4328",2022-03-29 00:10:35,3,338,100,49.7152601892994,6.27368488433343
"4329",2022-03-29 00:10:40,3,338,100,50.7253262937393,5.97810941639196
"4330",2022-03-29 00:10:45,3,338,100,47.1366177374636,6.01344348295693
"4331",2022-03-29 00:10:50,3,338,100,48.7460963326208,6.7005265030154
"4332",2022-03-29 00:10:55,3,338,100,48.6655659947991,6.40910398516976
"4333",2022-03-29 00:11:00,3,338,100,50.2575542666784,5.49597020220116
"4334",2022-03-29 00:11:05,3,338,100,49.3248159012618,6.59225007246608
"4335",2022-03-29 00:11:10,3,338,100,48.7975272652271,6.68209879195486
"4336",2022-03-29 00:11:15,3,338,100,48.8350200470265,6.85356329873129
"4337",2022-03-29 00:11:20,3,338,100,49.6402791964441,6.24393801335816
"4338",2022-03-29 00:11:25,3,338,100,50.3464700308326,6.49329905767541
"4339",2022-03-29 00:11:30,3,338,100,49.5979325882629,7.31632926642206
"4340",2022-03-29 00:11:35,3,338,100,50.3873161601742,6.18073053001256
"4341",2022-03-29 00:11:40,3,338,100,49.3133400325918,5.95476235079469
"4342",2022-03-29 00:11:45,3,338,100,46.4852901092226,6.20091676887762
"4343",2022-03-29 00:11:50,3,338,100,49.5316265168373,6.83950108267681
"4344",2022-03-29 00:11:55,3,338,100,48.9005733950764,5.69154375051968
"4345",2022-03-29 00:12:00,3,338,100,46.9484761941438,6.6264653993345
"4346",2022-03-29 00:12:05,3,338,100,48.292435873782,6.31267723191361
"4347",2022-03-29 00:12:10,3,338,100,49.6226881460102,6.73714921810159
"4348",2022-03-29 00:12:15,3,338,100,47.8994852592057,5.88755209199592
"4349",2022-03-29 00:12:20,3,338,100,49.8366110379595,6.62945358125613
"4350",2022-03-29 00:12:25,3,338,100,49.955842297807,6.14562729310522
"4351",2022-03-29 00:12:30,3,338,100,47.0913652162307,6.06998043452716
"4352",2022-03-29 00:12:35,3,338,100,46.7241464700754,6.7332044266684
"4353",2022-03-29 00:12:40,3,338,100,50.6409653612882,6.46517940026076
"4354",2022-03-29 00:12:45,3,338,100,50.078755678987,6.11753149232911
"4355",2022-03-29 00:12:50,3,338,100,47.8369083377193,5.77080375293044
"4356",2022-03-29 00:12:55,3,338,100,48.8127288009553,6.64246814248653
"4357",2022-03-29 00:13:00,3,338,100,50.4709912975736,6.17110829706696
"4358",2022-03-29 00:13:05,3,338,100,52.6124837171941,6.19696868078108
"4359",2022-03-29 00:13:10,3,338,100,48.1342916181094,6.43384382089505
"4360",2022-03-29 00:13:15,3,338,100,47.3832138612332,6.22152815683523
"4361",2022-03-29 00:13:20,3,338,100,51.0829117588859,6.14614958753872
"4362",2022-03-29 00:13:25,3,338,100,48.1694696230007,6.59486884098109
"4363",2022-03-29 00:13:30,3,338,100,47.3026089859008,6.85624709567604
"4364",2022-03-29 00:13:35,3,338,100,48.0434771659052,6.49959026145894
"4365",2022-03-29 00:13:40,3,338,100,50.1174359016295,6.84949074719722
"4366",2022-03-29 00:13:45,3,338,100,46.4088387495348,6.12269884035232
"4367",2022-03-29 00:13:50,3,338,100,50.0153782718878,6.3174446205767
"4368",2022-03-29 00:13:55,3,338,100,48.9051178100902,6.13795291431848
"4369",2022-03-29 00:14:00,3,338,100,48.2153849382094,5.97479520481807
"4370",2022-03-29 00:14:05,3,338,100,48.0643136919386,6.1410364670186
"4371",2022-03-29 00:14:10,3,338,100,52.021146221767,6.29502158424062
"4372",2022-03-29 00:14:15,3,338,100,48.9547518249123,6.85189591941621
"4373",2022-03-29 00:14:20,3,338,100,49.71163452843,5.93587062279904
"4374",2022-03-29 00:14:25,3,338,100,47.1771654629934,6.86227690984421
"4375",2022-03-29 00:14:30,3,338,100,50.2807010764457,6.46318502760784
"4376",2022-03-29 00:14:35,3,338,100,49.2775629871269,6.35585524255926
"4377",2022-03-29 00:14:40,3,338,100,47.1056728174992,6.65584042153933
"4378",2022-03-29 00:14:45,3,338,100,48.867609083407,6.48598062104967
"4379",2022-03-29 00:14:50,3,338,100,50.664341885732,6.64074433279877
"4380",2022-03-29 00:14:55,3,338,100,49.9570566452422,6.07189224357675
"4381",2022-03-29 00:15:00,3,338,100,47.9502359243262,5.71803665148202
"4382",2022-03-29 00:15:05,3,338,100,48.8224969763378,6.2867370472794
"4383",2022-03-29 00:15:10,3,338,100,49.7466483068042,6.57889541216104
"4384",2022-03-29 00:15:15,3,338,100,45.5952904955106,7.1571559977002
"4385",2022-03-29 00:15:20,3,338,100,48.8630458204747,6.10934035085873
"4386",2022-03-29 00:15:25,3,338,100,48.4338726223562,6.14375492380286
"4387",2022-03-29 00:15:30,3,338,100,48.934313793341,6.2405163145659
"4388",2022-03-29 00:15:35,3,338,100,48.9590623056774,6.74660595402048
"4389",2022-03-29 00:15:40,3,338,100,49.3703056186791,7.05501427020779
"4390",2022-03-29 00:15:45,3,338,100,49.2410662774315,6.65783634979503
"4391",2022-03-29 00:15:50,3,338,100,47.424255352727,6.19716231881334
"4392",2022-03-29 00:15:55,3,338,100,51.4261145652038,6.82868774032837
"4393",2022-03-29 00:16:00,3,338,100,46.9804498276821,6.35219217289766
"4394",2022-03-29 00:16:05,3,338,100,46.1652845008987,6.32797093403667
"4395",2022-03-29 00:16:10,3,338,100,49.2506106902385,6.41245941837268
"4396",2022-03-29 00:16:15,3,338,100,46.1793455499834,6.79795691524569
"4397",2022-03-29 00:16:20,3,338,100,51.8652090005943,6.88362256586279
"4398",2022-03-29 00:16:25,3,338,100,50.261683229374,6.24460258596771
"4399",2022-03-29 00:16:30,3,338,100,50.1659853997516,6.8536289903918
"4400",2022-03-29 00:16:35,3,338,100,48.3840132946455,6.48773559838204
"4401",2022-03-30 00:00:00,3,338,200,49.3175512261855,5.87785695562059
"4402",2022-03-30 00:00:05,3,338,200,47.819883791831,6.31010865959311
"4403",2022-03-30 00:00:10,3,338,200,49.9513771608842,6.15917459234337
"4404",2022-03-30 00:00:15,3,338,200,48.9375379900236,5.87683168919145
"4405",2022-03-30 00:00:20,3,338,200,48.6538991960706,6.02190297923276
"4406",2022-03-30 00:00:25,3,338,200,51.0901977087657,5.7869166143022
"4407",2022-03-30 00:00:30,3,338,200,47.7762680647103,5.66087826760633
"4408",2022-03-30 00:00:35,3,338,200,46.2715494117788,5.85186008318288
"4409",2022-03-30 00:00:40,3,338,200,49.6959909581111,5.47938501318343
"4410",2022-03-30 00:00:45,3,338,200,44.9935410031216,6.13266742384667
"4411",2022-03-30 00:00:50,3,338,200,47.4079200232074,5.58206438237313
"4412",2022-03-30 00:00:55,3,338,200,49.1444190944546,6.33416106630528
"4413",2022-03-30 00:01:00,3,338,200,49.9579090993924,5.64664816414728
"4414",2022-03-30 00:01:05,3,338,200,48.7323104966669,5.8566010970836
"4415",2022-03-30 00:01:10,3,338,200,51.196926506671,5.54955984936571
"4416",2022-03-30 00:01:15,3,338,200,47.724857918845,5.85468308092164
"4417",2022-03-30 00:01:20,3,338,200,47.1280022113064,4.88603804163954
"4418",2022-03-30 00:01:25,3,338,200,49.4546090437512,5.60409119072755
"4419",2022-03-30 00:01:30,3,338,200,47.6734796422683,5.74573218586258
"4420",2022-03-30 00:01:35,3,338,200,47.4971289751735,5.94419870024053
"4421",2022-03-30 00:01:40,3,338,200,49.1360275702489,6.15334670015966
"4422",2022-03-30 00:01:45,3,338,200,49.9027627443457,5.84174743013756
"4423",2022-03-30 00:01:50,3,338,200,49.1367269365683,6.09852283885415
"4424",2022-03-30 00:01:55,3,338,200,47.8275099634592,5.83389734228145
"4425",2022-03-30 00:02:00,3,338,200,49.0621136615843,6.04655997760801
"4426",2022-03-30 00:02:05,3,338,200,50.908025493806,5.97895490672303
"4427",2022-03-30 00:02:10,3,338,200,50.1429560527697,5.81160120963089
"4428",2022-03-30 00:02:15,3,338,200,52.1171786973379,6.0998032837302
"4429",2022-03-30 00:02:20,3,338,200,47.6369763086202,5.85858723508952
"4430",2022-03-30 00:02:25,3,338,200,46.6038078556708,6.35770725768052
"4431",2022-03-30 00:02:30,3,338,200,50.6277294498513,5.62242304811455
"4432",2022-03-30 00:02:35,3,338,200,47.7784684855127,5.87216297499446
"4433",2022-03-30 00:02:40,3,338,200,50.720980671317,5.54130010730364
"4434",2022-03-30 00:02:45,3,338,200,48.0939125274276,5.94956551220703
"4435",2022-03-30 00:02:50,3,338,200,48.2287843699618,5.3871803620738
"4436",2022-03-30 00:02:55,3,338,200,49.6665089211605,5.75852155229397
"4437",2022-03-30 00:03:00,3,338,200,48.1708693746821,5.70924098871584
"4438",2022-03-30 00:03:05,3,338,200,50.5824179301235,5.8804521631638
"4439",2022-03-30 00:03:10,3,338,200,47.8883870781819,5.79127574104133
"4440",2022-03-30 00:03:15,3,338,200,48.3423482317681,5.65931949192092
"4441",2022-03-30 00:03:20,3,338,200,52.5265200575275,5.5572358398295
"4442",2022-03-30 00:03:25,3,338,200,49.0933686752882,5.60481213653209
"4443",2022-03-30 00:03:30,3,338,200,49.8211242031358,6.0366715619045
"4444",2022-03-30 00:03:35,3,338,200,49.68193719489,5.76863018383803
"4445",2022-03-30 00:03:40,3,338,200,48.4401122262325,6.13199097362633
"4446",2022-03-30 00:03:45,3,338,200,48.5125102167966,5.37652657970801
"4447",2022-03-30 00:03:50,3,338,200,48.1649813293176,5.8057341549739
"4448",2022-03-30 00:03:55,3,338,200,48.872303728476,5.97849484946945
"4449",2022-03-30 00:04:00,3,338,200,49.6782647306116,5.78359139222491
"4450",2022-03-30 00:04:05,3,338,200,45.8860693964248,5.82960156291713
"4451",2022-03-30 00:04:10,3,338,200,47.5513807554624,6.33447829630733
"4452",2022-03-30 00:04:15,3,338,200,47.8644818980613,5.86785577097756
"4453",2022-03-30 00:04:20,3,338,200,48.0110896257693,6.09863226496248
"4454",2022-03-30 00:04:25,3,338,200,45.3340408140199,5.70213161835596
"4455",2022-03-30 00:04:30,3,338,200,48.7722308282092,6.18979427777205
"4456",2022-03-30 00:04:35,3,338,200,47.8675157357929,5.38438997933501
"4457",2022-03-30 00:04:40,3,338,200,49.4697264487145,5.6107579015813
"4458",2022-03-30 00:04:45,3,338,200,48.531381223248,4.9843194325314
"4459",2022-03-30 00:04:50,3,338,200,48.1192126611784,5.72338400310152
"4460",2022-03-30 00:04:55,3,338,200,50.3849584224237,5.98141968024315
"4461",2022-03-30 00:05:00,3,338,200,51.3577902503261,5.96623692548685
"4462",2022-03-30 00:05:05,3,338,200,50.5322292967478,5.90160075207993
"4463",2022-03-30 00:05:10,3,338,200,49.405199858515,5.6742076672612
"4464",2022-03-30 00:05:15,3,338,200,50.1273285017335,5.60712923323504
"4465",2022-03-30 00:05:20,3,338,200,48.0258976713924,5.80134052419703
"4466",2022-03-30 00:05:25,3,338,200,48.3851325344741,5.81199948281384
"4467",2022-03-30 00:05:30,3,338,200,48.5702075713464,5.54884568230349
"4468",2022-03-30 00:05:35,3,338,200,46.4377888506425,5.09104063063815
"4469",2022-03-30 00:05:40,3,338,200,48.8607883264101,5.50180803318621
"4470",2022-03-30 00:05:45,3,338,200,49.1534386624958,6.09223507264162
"4471",2022-03-30 00:05:50,3,338,200,48.4943243494335,6.10541804884502
"4472",2022-03-30 00:05:55,3,338,200,49.5248281534301,5.13925356320001
"4473",2022-03-30 00:06:00,3,338,200,50.110752454753,5.69398813933877
"4474",2022-03-30 00:06:05,3,338,200,49.1831869717768,5.51941208267102
"4475",2022-03-30 00:06:10,3,338,200,50.3455972477104,5.25072399422851
"4476",2022-03-30 00:06:15,3,338,200,51.1392099775591,5.63330286562709
"4477",2022-03-30 00:06:20,3,338,200,51.570273151795,5.86682849109758
"4478",2022-03-30 00:06:25,3,338,200,49.6884288428594,5.54013180044542
"4479",2022-03-30 00:06:30,3,338,200,48.0824897205094,5.41153700854384
"4480",2022-03-30 00:06:35,3,338,200,46.8205114464628,5.98047770910958
"4481",2022-03-30 00:06:40,3,338,200,49.2672285268216,6.02815962844776
"4482",2022-03-30 00:06:45,3,338,200,47.0960236174176,5.83858884921824
"4483",2022-03-30 00:06:50,3,338,200,50.2441334579887,5.71652387151286
"4484",2022-03-30 00:06:55,3,338,200,50.2854019726961,5.54292974654582
"4485",2022-03-30 00:07:00,3,338,200,47.0558204650467,5.76438544058093
"4486",2022-03-30 00:07:05,3,338,200,46.5669306924369,5.8339228724541
"4487",2022-03-30 00:07:10,3,338,200,47.8210845304572,5.49995853744461
"4488",2022-03-30 00:07:15,3,338,200,50.7336778262349,6.06440708500456
"4489",2022-03-30 00:07:20,3,338,200,51.6965195577745,6.09194559600912
"4490",2022-03-30 00:07:25,3,338,200,48.2562208742122,5.41117161656407
"4491",2022-03-30 00:07:30,3,338,200,47.8166759487326,5.62596494252451
"4492",2022-03-30 00:07:35,3,338,200,49.6724241625127,5.91356655994425
"4493",2022-03-30 00:07:40,3,338,200,48.8075249744208,5.97247424035266
"4494",2022-03-30 00:07:45,3,338,200,47.6519358205215,5.27324699664053
"4495",2022-03-30 00:07:50,3,338,200,46.2693710436528,5.6417999834131
"4496",2022-03-30 00:07:55,3,338,200,47.4498083920776,5.95521541270791
"4497",2022-03-30 00:08:00,3,338,200,47.727443780742,6.17712210254061
"4498",2022-03-30 00:08:05,3,338,200,49.4508812198644,6.18560387429364
"4499",2022-03-30 00:08:10,3,338,200,50.0656164197023,6.31013020834865
"4500",2022-03-30 00:08:15,3,338,200,48.0277808974944,6.01586090447442
"4501",2022-03-30 00:08:20,3,338,200,50.0063831949035,6.96286305471335
"4502",2022-03-30 00:08:25,3,338,200,47.7852061546767,5.80056103416231
"4503",2022-03-30 00:08:30,3,338,200,50.1737122115387,5.73927771854677
"4504",2022-03-30 00:08:35,3,338,200,51.6093310368903,5.668807923717
"4505",2022-03-30 00:08:40,3,338,200,51.897406851215,5.11813667772332
"4506",2022-03-30 00:08:45,3,338,200,50.470003917852,5.57230608363333
"4507",2022-03-30 00:08:50,3,338,200,48.4441898056332,5.79622909382714
"4508",2022-03-30 00:08:55,3,338,200,49.2965289954751,6.06308804905477
"4509",2022-03-30 00:09:00,3,338,200,49.5924210141223,5.67419459503256
"4510",2022-03-30 00:09:05,3,338,200,51.9496830552605,5.46440215696964
"4511",2022-03-30 00:09:10,3,338,200,49.2222428376477,5.9291642031718
"4512",2022-03-30 00:09:15,3,338,200,48.4930594647436,5.83932946765546
"4513",2022-03-30 00:09:20,3,338,200,48.565276970404,5.25447436660747
"4514",2022-03-30 00:09:25,3,338,200,51.3655124179759,6.31209283070629
"4515",2022-03-30 00:09:30,3,338,200,52.4535879011207,5.23356676813856
"4516",2022-03-30 00:09:35,3,338,200,46.8680737893405,6.19059625507751
"4517",2022-03-30 00:09:40,3,338,200,47.0616727941327,5.4445353604841
"4518",2022-03-30 00:09:45,3,338,200,50.5900714919506,6.02251305977276
"4519",2022-03-30 00:09:50,3,338,200,47.7816886105732,5.67566677230287
"4520",2022-03-30 00:09:55,3,338,200,48.823066807159,6.10986335902839
"4521",2022-03-30 00:10:00,3,338,200,49.6595325700751,6.01186069673629
"4522",2022-03-30 00:10:05,3,338,200,48.999528724979,6.00456191130471
"4523",2022-03-30 00:10:10,3,338,200,51.4696092592974,4.99341513162183
"4524",2022-03-30 00:10:15,3,338,200,49.7042048124384,5.46564246037935
"4525",2022-03-30 00:10:20,3,338,200,47.7745602948672,5.72983276330982
"4526",2022-03-30 00:10:25,3,338,200,49.4139794141647,5.35904179712161
"4527",2022-03-30 00:10:30,3,338,200,50.8227455446899,5.56384941844739
"4528",2022-03-30 00:10:35,3,338,200,48.2286063798809,5.40956393683235
"4529",2022-03-30 00:10:40,3,338,200,48.6128620188557,5.53561319248232
"4530",2022-03-30 00:10:45,3,338,200,47.4511661506133,5.55613204437338
"4531",2022-03-30 00:10:50,3,338,200,48.9376571589569,6.185929571929
"4532",2022-03-30 00:10:55,3,338,200,49.8181844096202,5.36830606025256
"4533",2022-03-30 00:11:00,3,338,200,47.2597711861811,5.72949143748248
"4534",2022-03-30 00:11:05,3,338,200,46.9812647350559,6.08422952061368
"4535",2022-03-30 00:11:10,3,338,200,50.1769190549719,5.86920440554024
"4536",2022-03-30 00:11:15,3,338,200,47.8383215160227,6.15941091345669
"4537",2022-03-30 00:11:20,3,338,200,47.2051936608171,6.23171571412442
"4538",2022-03-30 00:11:25,3,338,200,49.1561232539361,6.35826172213388
"4539",2022-03-30 00:11:30,3,338,200,49.7070460474032,6.25108296153943
"4540",2022-03-30 00:11:35,3,338,200,46.9147710676893,5.50853730268612
"4541",2022-03-30 00:11:40,3,338,200,51.0468716291173,5.66864745129138
"4542",2022-03-30 00:11:45,3,338,200,48.6718847656432,5.73156200275749
"4543",2022-03-30 00:11:50,3,338,200,50.0213607590277,5.5902034954279
"4544",2022-03-30 00:11:55,3,338,200,49.3531395928763,6.14372885146512
"4545",2022-03-30 00:12:00,3,338,200,50.9300971608027,5.79252077325288
"4546",2022-03-30 00:12:05,3,338,200,47.3717007906847,5.55528784982401
"4547",2022-03-30 00:12:10,3,338,200,47.0684830147544,5.95560565067373
"4548",2022-03-30 00:12:15,3,338,200,48.9001640384219,5.58860103382114
"4549",2022-03-30 00:12:20,3,338,200,49.9899424606083,5.74173008253162
"4550",2022-03-30 00:12:25,3,338,200,51.1301791345874,5.60160015945408
"4551",2022-03-30 00:12:30,3,338,200,49.0676161553425,6.10630043105017
"4552",2022-03-30 00:12:35,3,338,200,50.8191336531933,5.26228977556587
"4553",2022-03-30 00:12:40,3,338,200,48.0629678643397,5.27635826798676
"4554",2022-03-30 00:12:45,3,338,200,50.8088402639279,5.23583359393012
"4555",2022-03-30 00:12:50,3,338,200,48.3883684822087,5.70126924719618
"4556",2022-03-30 00:12:55,3,338,200,48.7461310989615,5.25864890019977
"4557",2022-03-30 00:13:00,3,338,200,48.356037856775,5.61451071204856
"4558",2022-03-30 00:13:05,3,338,200,51.2882503156263,6.0253820400437
"4559",2022-03-30 00:13:10,3,338,200,49.4221764758612,5.6068289820625
"4560",2022-03-30 00:13:15,3,338,200,49.3749428005638,6.07963789598617
"4561",2022-03-30 00:13:20,3,338,200,48.7054093301444,6.25645534047856
"4562",2022-03-30 00:13:25,3,338,200,48.3042596842313,5.60574226820709
"4563",2022-03-30 00:13:30,3,338,200,48.0931601046369,5.74715397669133
"4564",2022-03-30 00:13:35,3,338,200,49.6718742288415,6.12584186672994
"4565",2022-03-30 00:13:40,3,338,200,49.6566489669565,5.76786400859699
"4566",2022-03-30 00:13:45,3,338,200,50.2330784115681,6.11614219756836
"4567",2022-03-30 00:13:50,3,338,200,49.082273901193,5.48236846552485
"4568",2022-03-30 00:13:55,3,338,200,49.5964052105896,5.18144135878968
"4569",2022-03-30 00:14:00,3,338,200,49.4586393177495,5.44752985536311
"4570",2022-03-30 00:14:05,3,338,200,51.0069449404879,5.84959192481469
"4571",2022-03-30 00:14:10,3,338,200,50.8129182122554,5.36775480605218
"4572",2022-03-30 00:14:15,3,338,200,49.3778288330382,5.77150892070344
"4573",2022-03-30 00:14:20,3,338,200,47.7736001534566,6.31173545305352
"4574",2022-03-30 00:14:25,3,338,200,48.7016075279525,6.01564864247599
"4575",2022-03-30 00:14:30,3,338,200,48.6301922330255,6.12305586800233
"4576",2022-03-30 00:14:35,3,338,200,50.2227216419861,5.3758825173263
"4577",2022-03-30 00:14:40,3,338,200,50.1572811382484,5.738974918334
"4578",2022-03-30 00:14:45,3,338,200,49.0794676260945,5.61839516858186
"4579",2022-03-30 00:14:50,3,338,200,48.9834039625911,5.57575438421812
"4580",2022-03-30 00:14:55,3,338,200,50.3649029722668,5.95177753040476
"4581",2022-03-30 00:15:00,3,338,200,49.2933603085886,5.616629221641
"4582",2022-03-30 00:15:05,3,338,200,45.6635898438612,6.18612471900023
"4583",2022-03-30 00:15:10,3,338,200,48.8521466881267,6.1616468501754
"4584",2022-03-30 00:15:15,3,338,200,48.8219038428332,5.98331164154815
"4585",2022-03-30 00:15:20,3,338,200,50.5495735882021,5.20129278827662
"4586",2022-03-30 00:15:25,3,338,200,48.0209921260459,5.91613315523209
"4587",2022-03-30 00:15:30,3,338,200,46.4920799700297,5.94551203711226
"4588",2022-03-30 00:15:35,3,338,200,46.6393790940725,5.85527995270578
"4589",2022-03-30 00:15:40,3,338,200,46.8288334385405,5.6840633113296
"4590",2022-03-30 00:15:45,3,338,200,52.36324670719,5.38817658281926
"4591",2022-03-30 00:15:50,3,338,200,49.7334312547646,5.10315108438933
"4592",2022-03-30 00:15:55,3,338,200,48.044199984931,5.64577750450034
"4593",2022-03-30 00:16:00,3,338,200,47.4837891095068,6.00778949543916
"4594",2022-03-30 00:16:05,3,338,200,49.0724455564504,5.89546590136965
"4595",2022-03-30 00:16:10,3,338,200,49.5440556983875,6.23202688107125
"4596",2022-03-30 00:16:15,3,338,200,46.7725772755073,5.22682075405222
"4597",2022-03-30 00:16:20,3,338,200,48.0081658511584,6.12895957357091
"4598",2022-03-30 00:16:25,3,338,200,48.5766001699968,6.3252933202686
"4599",2022-03-30 00:16:30,3,338,200,50.3594627268336,6.16551470283949
"4600",2022-03-30 00:16:35,3,338,200,48.9127090300933,5.59843240902941
"4601",2022-03-31 00:00:00,3,338,300,47.0935804692442,4.8741171170261
"4602",2022-03-31 00:00:05,3,338,300,48.6575282984063,4.85101469671665
"4603",2022-03-31 00:00:10,3,338,300,48.3868462027198,4.95514862584945
"4604",2022-03-31 00:00:15,3,338,300,50.3350636420045,4.96118865312121
"4605",2022-03-31 00:00:20,3,338,300,50.630633438433,5.1992924688959
"4606",2022-03-31 00:00:25,3,338,300,48.75619385901,5.16347256895282
"4607",2022-03-31 00:00:30,3,338,300,50.2847675165631,5.24584875846338
"4608",2022-03-31 00:00:35,3,338,300,48.8004880877743,5.24532003527893
"4609",2022-03-31 00:00:40,3,338,300,48.2430544007637,4.57665556529947
"4610",2022-03-31 00:00:45,3,338,300,47.5892308826817,5.05968367403191
"4611",2022-03-31 00:00:50,3,338,300,50.7544350177366,5.62081283138488
"4612",2022-03-31 00:00:55,3,338,300,48.9210646169874,5.04990865490905
"4613",2022-03-31 00:01:00,3,338,300,48.547245417418,5.19940406612863
"4614",2022-03-31 00:01:05,3,338,300,47.202360186701,5.34428709255074
"4615",2022-03-31 00:01:10,3,338,300,49.0581135700485,5.63482066662864
"4616",2022-03-31 00:01:15,3,338,300,46.5423836913608,4.89509895204544
"4617",2022-03-31 00:01:20,3,338,300,50.5080133824025,5.42158294137966
"4618",2022-03-31 00:01:25,3,338,300,47.9690821051527,5.24076529067687
"4619",2022-03-31 00:01:30,3,338,300,49.4288402697304,4.52883419761508
"4620",2022-03-31 00:01:35,3,338,300,49.9296901984899,5.36853639254756
"4621",2022-03-31 00:01:40,3,338,300,48.7633757515037,6.0158526247116
"4622",2022-03-31 00:01:45,3,338,300,48.651514783681,4.89235076973967
"4623",2022-03-31 00:01:50,3,338,300,51.1715653474228,5.2254600004972
"4624",2022-03-31 00:01:55,3,338,300,50.7043908479011,5.43037025791008
"4625",2022-03-31 00:02:00,3,338,300,49.0125885730688,5.40114613528296
"4626",2022-03-31 00:02:05,3,338,300,50.7388858637676,4.5745297136597
"4627",2022-03-31 00:02:10,3,338,300,50.1307082948513,5.24523639745478
"4628",2022-03-31 00:02:15,3,338,300,47.4227875312244,5.20356907414576
"4629",2022-03-31 00:02:20,3,338,300,47.8745632059286,4.75295856577612
"4630",2022-03-31 00:02:25,3,338,300,47.5994843515999,5.23694243994981
"4631",2022-03-31 00:02:30,3,338,300,51.6838440072971,4.98413178652991
"4632",2022-03-31 00:02:35,3,338,300,50.1086114594965,5.10452336778143
"4633",2022-03-31 00:02:40,3,338,300,49.7453647500971,5.7668330324814
"4634",2022-03-31 00:02:45,3,338,300,48.8134694718533,5.4683056703921
"4635",2022-03-31 00:02:50,3,338,300,46.9696644307907,5.89477301126943
"4636",2022-03-31 00:02:55,3,338,300,50.3887932992069,5.19680365866834
"4637",2022-03-31 00:03:00,3,338,300,50.7672894722031,5.17765320668339
"4638",2022-03-31 00:03:05,3,338,300,47.573401879385,5.25226679097089
"4639",2022-03-31 00:03:10,3,338,300,48.3022097491244,4.85709899873175
"4640",2022-03-31 00:03:15,3,338,300,49.9456037137712,5.48893788563079
"4641",2022-03-31 00:03:20,3,338,300,48.6782820400212,4.66001054331357
"4642",2022-03-31 00:03:25,3,338,300,47.8574829134242,5.08266988691608
"4643",2022-03-31 00:03:30,3,338,300,49.2478404978282,5.19986054495345
"4644",2022-03-31 00:03:35,3,338,300,48.6657603160798,4.9657400027308
"4645",2022-03-31 00:03:40,3,338,300,48.0862791305788,4.85725676516374
"4646",2022-03-31 00:03:45,3,338,300,49.3543688686059,5.05433198852124
"4647",2022-03-31 00:03:50,3,338,300,47.091351088702,5.2775957088755
"4648",2022-03-31 00:03:55,3,338,300,50.0915567859682,4.98742410840856
"4649",2022-03-31 00:04:00,3,338,300,50.3604581714897,5.54076770019419
"4650",2022-03-31 00:04:05,3,338,300,45.8138519289882,4.78871935344136
"4651",2022-03-31 00:04:10,3,338,300,50.9247787238622,5.25110918459479
"4652",2022-03-31 00:04:15,3,338,300,48.6173676309209,5.18862326168336
"4653",2022-03-31 00:04:20,3,338,300,49.3166144254357,5.07813633917409
"4654",2022-03-31 00:04:25,3,338,300,48.2871010230714,4.88530149909803
"4655",2022-03-31 00:04:30,3,338,300,50.6806864106249,5.46248146785223
"4656",2022-03-31 00:04:35,3,338,300,49.3334965047198,5.3376802940403
"4657",2022-03-31 00:04:40,3,338,300,49.2090528227171,5.07470291578915
"4658",2022-03-31 00:04:45,3,338,300,49.3689509802441,4.75616566929351
"4659",2022-03-31 00:04:50,3,338,300,48.1452841285038,5.97803071554922
"4660",2022-03-31 00:04:55,3,338,300,47.3087245259311,5.50885952764384
"4661",2022-03-31 00:05:00,3,338,300,49.0386891380035,5.66231645996593
"4662",2022-03-31 00:05:05,3,338,300,50.9353852427437,5.71672196016989
"4663",2022-03-31 00:05:10,3,338,300,49.807245856314,4.84361533152617
"4664",2022-03-31 00:05:15,3,338,300,47.6074581719447,5.51455475601174
"4665",2022-03-31 00:05:20,3,338,300,48.7058842368728,5.81324948162635
"4666",2022-03-31 00:05:25,3,338,300,50.1468998180074,5.57619752124945
"4667",2022-03-31 00:05:30,3,338,300,47.0198715704816,5.00179298338768
"4668",2022-03-31 00:05:35,3,338,300,47.8186019108929,5.68097630941998
"4669",2022-03-31 00:05:40,3,338,300,48.0891777523496,5.49557979104062
"4670",2022-03-31 00:05:45,3,338,300,49.5400942939857,5.63246524948791
"4671",2022-03-31 00:05:50,3,338,300,48.9956397501241,4.98060426054538
"4672",2022-03-31 00:05:55,3,338,300,49.8239903505008,4.88325957359502
"4673",2022-03-31 00:06:00,3,338,300,46.1767411032928,5.5109953259822
"4674",2022-03-31 00:06:05,3,338,300,49.2509448315307,5.2197373755791
"4675",2022-03-31 00:06:10,3,338,300,49.8002732211051,5.1932385078986
"4676",2022-03-31 00:06:15,3,338,300,50.8668001123624,5.11231207765813
"4677",2022-03-31 00:06:20,3,338,300,49.8544596340778,4.81827927695568
"4678",2022-03-31 00:06:25,3,338,300,48.9818626662304,5.6779272887728
"4679",2022-03-31 00:06:30,3,338,300,46.9560455157861,5.06854727225098
"4680",2022-03-31 00:06:35,3,338,300,49.267138850855,5.62421793966897
"4681",2022-03-31 00:06:40,3,338,300,49.853605229883,4.54743165537555
"4682",2022-03-31 00:06:45,3,338,300,50.0484759483147,5.33840098826549
"4683",2022-03-31 00:06:50,3,338,300,49.541421666252,5.4306251767871
"4684",2022-03-31 00:06:55,3,338,300,48.9331709954204,5.56422471545745
"4685",2022-03-31 00:07:00,3,338,300,47.0410424893867,5.28465347381342
"4686",2022-03-31 00:07:05,3,338,300,52.8828968820468,5.48794292787883
"4687",2022-03-31 00:07:10,3,338,300,49.9814627721833,5.54741908451557
"4688",2022-03-31 00:07:15,3,338,300,48.8294403064033,5.05281007357217
"4689",2022-03-31 00:07:20,3,338,300,50.9245798173002,4.8456805632761
"4690",2022-03-31 00:07:25,3,338,300,49.934221843232,5.19891112642594
"4691",2022-03-31 00:07:30,3,338,300,48.3915660749057,5.33294756057388
"4692",2022-03-31 00:07:35,3,338,300,49.2200184469167,6.06284414426424
"4693",2022-03-31 00:07:40,3,338,300,50.8625350434644,5.64261255319524
"4694",2022-03-31 00:07:45,3,338,300,49.2401517890355,5.2706658487229
"4695",2022-03-31 00:07:50,3,338,300,47.5841756268714,5.01593598275639
"4696",2022-03-31 00:07:55,3,338,300,48.3138809538389,5.12171233414846
"4697",2022-03-31 00:08:00,3,338,300,49.2467634741536,5.27136209459894
"4698",2022-03-31 00:08:05,3,338,300,50.2012310027862,5.3406202335693
"4699",2022-03-31 00:08:10,3,338,300,49.4339637868198,4.574454696779
"4700",2022-03-31 00:08:15,3,338,300,49.292454452781,5.67360609790403
"4701",2022-03-31 00:08:20,3,338,300,50.305624550368,5.34957930641452
"4702",2022-03-31 00:08:25,3,338,300,48.2607897908132,5.05677030902193
"4703",2022-03-31 00:08:30,3,338,300,49.801292802317,4.95893895600859
"4704",2022-03-31 00:08:35,3,338,300,48.7473812209668,5.52884646466219
"4705",2022-03-31 00:08:40,3,338,300,48.7339205623307,5.14941672185692
"4706",2022-03-31 00:08:45,3,338,300,48.995800924208,4.34058017834417
"4707",2022-03-31 00:08:50,3,338,300,50.7414260023303,5.20863511287044
"4708",2022-03-31 00:08:55,3,338,300,49.064684432709,4.81536588210428
"4709",2022-03-31 00:09:00,3,338,300,47.8432037293412,4.73788041709966
"4710",2022-03-31 00:09:05,3,338,300,49.4940725137324,5.16789996361472
"4711",2022-03-31 00:09:10,3,338,300,47.1048185016936,5.60715697485294
"4712",2022-03-31 00:09:15,3,338,300,46.4951710842432,4.99561354696488
"4713",2022-03-31 00:09:20,3,338,300,49.8070044038056,4.92271149546296
"4714",2022-03-31 00:09:25,3,338,300,48.3031518896573,5.55453393446324
"4715",2022-03-31 00:09:30,3,338,300,48.3366031606234,4.97705800926127
"4716",2022-03-31 00:09:35,3,338,300,49.3564039150898,4.97715371372733
"4717",2022-03-31 00:09:40,3,338,300,50.0343312020289,4.6060527527801
"4718",2022-03-31 00:09:45,3,338,300,50.6226668988736,5.62812037579243
"4719",2022-03-31 00:09:50,3,338,300,47.7843544040862,4.75434754503193
"4720",2022-03-31 00:09:55,3,338,300,50.6834278592153,4.90399013399443
"4721",2022-03-31 00:10:00,3,338,300,50.3437901050392,4.92201072361759
"4722",2022-03-31 00:10:05,3,338,300,50.6725512522317,5.44627195801841
"4723",2022-03-31 00:10:10,3,338,300,47.836080683378,4.8213067272378
"4724",2022-03-31 00:10:15,3,338,300,49.2960520451092,5.6102854527272
"4725",2022-03-31 00:10:20,3,338,300,49.8703971874684,5.47923492218991
"4726",2022-03-31 00:10:25,3,338,300,50.795771408111,5.2784258161813
"4727",2022-03-31 00:10:30,3,338,300,47.8243216580818,5.01160361639842
"4728",2022-03-31 00:10:35,3,338,300,49.1020701592053,4.43144088845427
"4729",2022-03-31 00:10:40,3,338,300,49.7226551985747,4.68575713312766
"4730",2022-03-31 00:10:45,3,338,300,51.7630355497013,5.4113613208768
"4731",2022-03-31 00:10:50,3,338,300,50.1927400977964,4.96707587754703
"4732",2022-03-31 00:10:55,3,338,300,47.553507487188,5.25047102198208
"4733",2022-03-31 00:11:00,3,338,300,48.6874645900604,4.8549536527796
"4734",2022-03-31 00:11:05,3,338,300,51.5999695138559,5.20304283995159
"4735",2022-03-31 00:11:10,3,338,300,49.3941710459419,5.15528946788083
"4736",2022-03-31 00:11:15,3,338,300,46.6737760824124,5.19065741574009
"4737",2022-03-31 00:11:20,3,338,300,49.2532181179044,5.59865659034601
"4738",2022-03-31 00:11:25,3,338,300,47.222335501503,5.19286389012199
"4739",2022-03-31 00:11:30,3,338,300,48.2639938284347,4.94909614140852
"4740",2022-03-31 00:11:35,3,338,300,47.2604850827382,5.06724117945132
"4741",2022-03-31 00:11:40,3,338,300,49.4713728683392,5.13722101397084
"4742",2022-03-31 00:11:45,3,338,300,49.0548887272276,5.06667569794759
"4743",2022-03-31 00:11:50,3,338,300,46.8474094372452,5.08528233682552
"4744",2022-03-31 00:11:55,3,338,300,45.1371602804188,5.65973238439503
"4745",2022-03-31 00:12:00,3,338,300,50.52407097765,5.82486639200342
"4746",2022-03-31 00:12:05,3,338,300,51.5515776314268,4.22821600580847
"4747",2022-03-31 00:12:10,3,338,300,47.0855941238017,4.90771835986321
"4748",2022-03-31 00:12:15,3,338,300,48.7197150391856,5.76652412381095
"4749",2022-03-31 00:12:20,3,338,300,51.5222736250962,5.42178709131046
"4750",2022-03-31 00:12:25,3,338,300,47.5757255080837,5.24485689787244
"4751",2022-03-31 00:12:30,3,338,300,46.9974230251032,4.91298193070919
"4752",2022-03-31 00:12:35,3,338,300,49.4089562975979,5.43316614123622
"4753",2022-03-31 00:12:40,3,338,300,49.2271626184191,5.07454239615638
"4754",2022-03-31 00:12:45,3,338,300,49.0612896205082,5.14914480347795
"4755",2022-03-31 00:12:50,3,338,300,50.2966899352153,5.26747125550873
"4756",2022-03-31 00:12:55,3,338,300,50.4241721252525,5.58669372710198
"4757",2022-03-31 00:13:00,3,338,300,46.4046248683742,5.247598372687
"4758",2022-03-31 00:13:05,3,338,300,46.7306072844053,5.40181835261598
"4759",2022-03-31 00:13:10,3,338,300,46.6742146875756,5.38292603858338
"4760",2022-03-31 00:13:15,3,338,300,50.4762030736638,4.85324711066676
"4761",2022-03-31 00:13:20,3,338,300,46.9011451187175,5.11006516275491
"4762",2022-03-31 00:13:25,3,338,300,48.7130068813466,5.21457417307218
"4763",2022-03-31 00:13:30,3,338,300,50.0700535513473,4.98160074450189
"4764",2022-03-31 00:13:35,3,338,300,50.6048313300499,5.31127997427316
"4765",2022-03-31 00:13:40,3,338,300,48.8823629728193,5.04181534821725
"4766",2022-03-31 00:13:45,3,338,300,48.2451157247652,5.33105082740217
"4767",2022-03-31 00:13:50,3,338,300,49.9056068789331,4.91579893698062
"4768",2022-03-31 00:13:55,3,338,300,49.0220524621694,4.99356429449874
"4769",2022-03-31 00:14:00,3,338,300,49.2000543522385,5.5131758639735
"4770",2022-03-31 00:14:05,3,338,300,48.8482073908146,5.24795129475729
"4771",2022-03-31 00:14:10,3,338,300,48.4310412495735,5.14812326132876
"4772",2022-03-31 00:14:15,3,338,300,50.0713524636884,5.27377347833086
"4773",2022-03-31 00:14:20,3,338,300,51.289939465856,5.21091095676252
"4774",2022-03-31 00:14:25,3,338,300,45.6806283351526,4.60880251355991
"4775",2022-03-31 00:14:30,3,338,300,47.6817244243753,5.20812123549493
"4776",2022-03-31 00:14:35,3,338,300,48.5631656028388,5.26713687379788
"4777",2022-03-31 00:14:40,3,338,300,47.3095738338237,5.19098424693808
"4778",2022-03-31 00:14:45,3,338,300,49.8256838570324,6.30664303076346
"4779",2022-03-31 00:14:50,3,338,300,49.8040415703361,5.23637427033713
"4780",2022-03-31 00:14:55,3,338,300,51.569430424397,5.30783264939492
"4781",2022-03-31 00:15:00,3,338,300,47.0251451488482,5.02656187750083
"4782",2022-03-31 00:15:05,3,338,300,48.6145729209068,5.52163127430816
"4783",2022-03-31 00:15:10,3,338,300,51.031821210914,5.3491450851119
"4784",2022-03-31 00:15:15,3,338,300,48.0380533733265,5.33362642674174
"4785",2022-03-31 00:15:20,3,338,300,49.6068430685817,5.42101582888152
"4786",2022-03-31 00:15:25,3,338,300,48.8196861534228,5.22901793671684
"4787",2022-03-31 00:15:30,3,338,300,48.7900501741846,4.52544024890203
"4788",2022-03-31 00:15:35,3,338,300,49.0949327492344,5.40789373211167
"4789",2022-03-31 00:15:40,3,338,300,49.6667395469802,5.11045986657878
"4790",2022-03-31 00:15:45,3,338,300,48.967036901625,5.46731831690403
"4791",2022-03-31 00:15:50,3,338,300,50.4799188318551,5.07345360015879
"4792",2022-03-31 00:15:55,3,338,300,50.3562434526454,5.50594427742974
"4793",2022-03-31 00:16:00,3,338,300,50.3597764402086,4.90940582294772
"4794",2022-03-31 00:16:05,3,338,300,49.3423837560301,5.50769941182887
"4795",2022-03-31 00:16:10,3,338,300,48.657729173302,5.64135322949758
"4796",2022-03-31 00:16:15,3,338,300,47.4441964074844,4.44741270751035
"4797",2022-03-31 00:16:20,3,338,300,49.4195280657642,4.75369555109986
"4798",2022-03-31 00:16:25,3,338,300,50.5366935323012,5.00534364717107
"4799",2022-03-31 00:16:30,3,338,300,48.079776076774,4.79585689599834
"4800",2022-03-31 00:16:35,3,338,300,51.5739766292646,5.30044564482928
"4801",2022-04-01 00:00:00,3,373,100,49.817595741734,6.46335396279628
"4802",2022-04-01 00:00:05,3,373,100,46.6447654629087,6.82111773896474
"4803",2022-04-01 00:00:10,3,373,100,49.9777589015818,6.3245973797202
"4804",2022-04-01 00:00:15,3,373,100,51.6010437439904,6.62462114594383
"4805",2022-04-01 00:00:20,3,373,100,49.6760051818529,6.64793851296144
"4806",2022-04-01 00:00:25,3,373,100,49.6906785185926,6.64478179225958
"4807",2022-04-01 00:00:30,3,373,100,47.2238620274826,5.85777344836967
"4808",2022-04-01 00:00:35,3,373,100,49.545644613343,6.16294929981885
"4809",2022-04-01 00:00:40,3,373,100,47.5502020191832,5.8167684882555
"4810",2022-04-01 00:00:45,3,373,100,49.5693125880746,7.16253251628341
"4811",2022-04-01 00:00:50,3,373,100,50.9292819598745,5.63977249850943
"4812",2022-04-01 00:00:55,3,373,100,48.4183990304393,6.56974750049732
"4813",2022-04-01 00:01:00,3,373,100,48.1920741878498,7.13389519254391
"4814",2022-04-01 00:01:05,3,373,100,50.6489326767413,6.32085583128445
"4815",2022-04-01 00:01:10,3,373,100,49.1591974571513,6.15158468782637
"4816",2022-04-01 00:01:15,3,373,100,46.382135900537,6.34094727155962
"4817",2022-04-01 00:01:20,3,373,100,50.5748483631134,6.42352689298496
"4818",2022-04-01 00:01:25,3,373,100,48.8068791202988,5.93678540502835
"4819",2022-04-01 00:01:30,3,373,100,46.552724808772,6.24385527747626
"4820",2022-04-01 00:01:35,3,373,100,48.7407969118073,6.79366860184051
"4821",2022-04-01 00:01:40,3,373,100,47.629599270189,5.9280137310841
"4822",2022-04-01 00:01:45,3,373,100,51.3455063468087,6.33877934263656
"4823",2022-04-01 00:01:50,3,373,100,49.6999307120928,6.33557592640989
"4824",2022-04-01 00:01:55,3,373,100,50.5509174529029,6.28604301682411
"4825",2022-04-01 00:02:00,3,373,100,47.0225502751921,7.06970366903366
"4826",2022-04-01 00:02:05,3,373,100,47.7113488648545,6.37922010480046
"4827",2022-04-01 00:02:10,3,373,100,51.9446571379893,6.05734997970622
"4828",2022-04-01 00:02:15,3,373,100,48.936950521492,6.68652711180099
"4829",2022-04-01 00:02:20,3,373,100,51.0792315908444,6.28880237534065
"4830",2022-04-01 00:02:25,3,373,100,49.5920944452963,5.73438510618546
"4831",2022-04-01 00:02:30,3,373,100,49.0518438560202,7.0483293420238
"4832",2022-04-01 00:02:35,3,373,100,49.8327193535686,6.53577885981069
"4833",2022-04-01 00:02:40,3,373,100,50.3435056159887,6.14696072964426
"4834",2022-04-01 00:02:45,3,373,100,50.261089967877,6.00768015491071
"4835",2022-04-01 00:02:50,3,373,100,49.7948235748263,6.25180201154296
"4836",2022-04-01 00:02:55,3,373,100,48.1812940308743,6.73669901584853
"4837",2022-04-01 00:03:00,3,373,100,50.9914048285485,6.2910214586499
"4838",2022-04-01 00:03:05,3,373,100,51.3523961925327,7.20115047823424
"4839",2022-04-01 00:03:10,3,373,100,47.647324849855,6.59892930851201
"4840",2022-04-01 00:03:15,3,373,100,49.7220185094512,6.58716993345578
"4841",2022-04-01 00:03:20,3,373,100,48.7926012639078,6.03897405053074
"4842",2022-04-01 00:03:25,3,373,100,48.3174743391885,6.65477005962663
"4843",2022-04-01 00:03:30,3,373,100,49.0987701052056,5.90133765036255
"4844",2022-04-01 00:03:35,3,373,100,47.4338044581175,6.6811401059676
"4845",2022-04-01 00:03:40,3,373,100,48.2752818521661,6.42561176746959
"4846",2022-04-01 00:03:45,3,373,100,48.4719877514981,6.25606978729157
"4847",2022-04-01 00:03:50,3,373,100,45.3626313804471,6.1798973824744
"4848",2022-04-01 00:03:55,3,373,100,46.3935382580559,6.75468083540245
"4849",2022-04-01 00:04:00,3,373,100,47.28134593042,6.45177667506713
"4850",2022-04-01 00:04:05,3,373,100,46.6780137064763,6.33029780622038
"4851",2022-04-01 00:04:10,3,373,100,53.6411379291356,6.48536148236729
"4852",2022-04-01 00:04:15,3,373,100,48.60492473874,5.98889735100453
"4853",2022-04-01 00:04:20,3,373,100,49.8586340576697,6.05251566477934
"4854",2022-04-01 00:04:25,3,373,100,51.6795648707282,6.17443860540691
"4855",2022-04-01 00:04:30,3,373,100,51.2316515251935,7.04894677151699
"4856",2022-04-01 00:04:35,3,373,100,50.382794520407,6.65906834166261
"4857",2022-04-01 00:04:40,3,373,100,50.1156950929959,6.69930120554792
"4858",2022-04-01 00:04:45,3,373,100,47.6804631500047,6.61991984536138
"4859",2022-04-01 00:04:50,3,373,100,48.4038867122102,6.97350733933317
"4860",2022-04-01 00:04:55,3,373,100,48.8405070978594,6.34814690679089
"4861",2022-04-01 00:05:00,3,373,100,50.5970875790138,5.72126350361001
"4862",2022-04-01 00:05:05,3,373,100,48.6277423098738,6.45209394103361
"4863",2022-04-01 00:05:10,3,373,100,48.3473495723849,6.9471938887686
"4864",2022-04-01 00:05:15,3,373,100,49.0260516219621,6.18430344187362
"4865",2022-04-01 00:05:20,3,373,100,51.4365648872722,5.86160979053912
"4866",2022-04-01 00:05:25,3,373,100,49.3174172415551,6.07797762778173
"4867",2022-04-01 00:05:30,3,373,100,50.8196747834916,6.55445923710183
"4868",2022-04-01 00:05:35,3,373,100,50.2563339405664,6.966834709487
"4869",2022-04-01 00:05:40,3,373,100,47.5821963209417,6.39114492393581
"4870",2022-04-01 00:05:45,3,373,100,48.6495419292795,7.22946177999435
"4871",2022-04-01 00:05:50,3,373,100,49.7325098512392,5.89852294185638
"4872",2022-04-01 00:05:55,3,373,100,49.8879400467865,6.48658821096887
"4873",2022-04-01 00:06:00,3,373,100,49.2652534707413,6.63333495452887
"4874",2022-04-01 00:06:05,3,373,100,48.3498090714786,6.80696228306147
"4875",2022-04-01 00:06:10,3,373,100,49.6905072584439,6.38342918637619
"4876",2022-04-01 00:06:15,3,373,100,47.7186565325669,6.72940441828748
"4877",2022-04-01 00:06:20,3,373,100,46.9671593127819,6.64781408387113
"4878",2022-04-01 00:06:25,3,373,100,48.8280369668758,7.0991775374266
"4879",2022-04-01 00:06:30,3,373,100,47.9808403083708,7.10537101935961
"4880",2022-04-01 00:06:35,3,373,100,47.5772555551421,6.62256758335742
"4881",2022-04-01 00:06:40,3,373,100,50.0074150393,6.65322220204565
"4882",2022-04-01 00:06:45,3,373,100,49.786861431367,6.2436380995636
"4883",2022-04-01 00:06:50,3,373,100,47.8652284396331,6.10516768239143
"4884",2022-04-01 00:06:55,3,373,100,49.2706595136562,6.39687528847405
"4885",2022-04-01 00:07:00,3,373,100,47.8271196193418,6.04579074907678
"4886",2022-04-01 00:07:05,3,373,100,48.4609934025457,6.58072371086156
"4887",2022-04-01 00:07:10,3,373,100,50.6347508172457,5.92663521891582
"4888",2022-04-01 00:07:15,3,373,100,47.469627889164,6.50393579529117
"4889",2022-04-01 00:07:20,3,373,100,52.1336424649117,6.82423725910793
"4890",2022-04-01 00:07:25,3,373,100,50.2559970726055,6.66336476047764
"4891",2022-04-01 00:07:30,3,373,100,46.8978519736536,6.93379727681741
"4892",2022-04-01 00:07:35,3,373,100,48.3482510376479,6.68188687643702
"4893",2022-04-01 00:07:40,3,373,100,48.1608778687419,6.02338494775271
"4894",2022-04-01 00:07:45,3,373,100,48.8755548954411,7.45576468319907
"4895",2022-04-01 00:07:50,3,373,100,45.7582865702535,7.24196003048689
"4896",2022-04-01 00:07:55,3,373,100,47.7400315911084,6.8570463232206
"4897",2022-04-01 00:08:00,3,373,100,49.3334401401978,5.65244347384069
"4898",2022-04-01 00:08:05,3,373,100,48.0725671381468,6.57882023876987
"4899",2022-04-01 00:08:10,3,373,100,46.9247560364104,6.0766800606122
"4900",2022-04-01 00:08:15,3,373,100,49.6796981850154,6.74375415896949
"4901",2022-04-01 00:08:20,3,373,100,49.6016175619919,6.35554302362134
"4902",2022-04-01 00:08:25,3,373,100,48.3287153267216,6.73405999563975
"4903",2022-04-01 00:08:30,3,373,100,47.7323481552524,6.51707540595378
"4904",2022-04-01 00:08:35,3,373,100,48.0780852708039,6.5640006540419
"4905",2022-04-01 00:08:40,3,373,100,47.8101960632841,5.90401092890789
"4906",2022-04-01 00:08:45,3,373,100,46.6904950270628,6.12565120565614
"4907",2022-04-01 00:08:50,3,373,100,48.9991101911507,6.49651344032295
"4908",2022-04-01 00:08:55,3,373,100,48.3153610837855,6.83319917344653
"4909",2022-04-01 00:09:00,3,373,100,48.3864307741871,6.25198194906922
"4910",2022-04-01 00:09:05,3,373,100,50.1279998466093,6.91731508260489
"4911",2022-04-01 00:09:10,3,373,100,49.9177499952407,6.89204069548601
"4912",2022-04-01 00:09:15,3,373,100,47.8937427360426,6.74434584128574
"4913",2022-04-01 00:09:20,3,373,100,49.4868596929654,5.93472339914594
"4914",2022-04-01 00:09:25,3,373,100,49.3921785080539,6.21249481364995
"4915",2022-04-01 00:09:30,3,373,100,49.410536646148,6.47428115830938
"4916",2022-04-01 00:09:35,3,373,100,50.5237877031059,6.95629279936381
"4917",2022-04-01 00:09:40,3,373,100,49.6282765956031,6.80965940513592
"4918",2022-04-01 00:09:45,3,373,100,49.2937636448795,6.75642639757286
"4919",2022-04-01 00:09:50,3,373,100,50.2679947770849,5.9694337714333
"4920",2022-04-01 00:09:55,3,373,100,49.05890042604,7.63354954927449
"4921",2022-04-01 00:10:00,3,373,100,49.9428480263361,6.35451762228039
"4922",2022-04-01 00:10:05,3,373,100,48.8957731998011,6.38735728389918
"4923",2022-04-01 00:10:10,3,373,100,50.6374640370132,6.1687543606345
"4924",2022-04-01 00:10:15,3,373,100,48.2716858845532,6.30444680771776
"4925",2022-04-01 00:10:20,3,373,100,47.268205967532,6.61182426289401
"4926",2022-04-01 00:10:25,3,373,100,49.0944051551598,6.57681555687988
"4927",2022-04-01 00:10:30,3,373,100,48.4988192521855,6.53355808700119
"4928",2022-04-01 00:10:35,3,373,100,49.402671408977,6.22586880763767
"4929",2022-04-01 00:10:40,3,373,100,46.6970328399318,6.01423458389871
"4930",2022-04-01 00:10:45,3,373,100,49.8767240515164,7.04254959451653
"4931",2022-04-01 00:10:50,3,373,100,49.5134023013914,6.50912294610803
"4932",2022-04-01 00:10:55,3,373,100,50.0531445445981,6.58416374805862
"4933",2022-04-01 00:11:00,3,373,100,49.4873265666803,6.83389654725688
"4934",2022-04-01 00:11:05,3,373,100,45.594193015807,6.76014404730235
"4935",2022-04-01 00:11:10,3,373,100,47.9642874339295,6.36547385383599
"4936",2022-04-01 00:11:15,3,373,100,49.4890727695477,6.01257862309367
"4937",2022-04-01 00:11:20,3,373,100,47.7424588795262,6.00694452311259
"4938",2022-04-01 00:11:25,3,373,100,50.0127630006561,5.7870640274966
"4939",2022-04-01 00:11:30,3,373,100,49.7274693443865,6.07468919132711
"4940",2022-04-01 00:11:35,3,373,100,48.569727671094,6.13203999453787
"4941",2022-04-01 00:11:40,3,373,100,48.9977179570886,7.58523382415945
"4942",2022-04-01 00:11:45,3,373,100,50.1501794405642,6.64534005258221
"4943",2022-04-01 00:11:50,3,373,100,50.9120709291088,6.33281523148918
"4944",2022-04-01 00:11:55,3,373,100,49.9578190466953,6.29941205961865
"4945",2022-04-01 00:12:00,3,373,100,48.4834302982258,6.65859229042668
"4946",2022-04-01 00:12:05,3,373,100,48.6439983693258,6.29612553525411
"4947",2022-04-01 00:12:10,3,373,100,47.7598175933262,6.26582257299677
"4948",2022-04-01 00:12:15,3,373,100,48.7589626740024,6.38394939348852
"4949",2022-04-01 00:12:20,3,373,100,48.9725276345255,6.59621160361742
"4950",2022-04-01 00:12:25,3,373,100,48.7548742625268,6.51911613356639
"4951",2022-04-01 00:12:30,3,373,100,48.8376753867796,6.78488995035447
"4952",2022-04-01 00:12:35,3,373,100,50.8204221751672,6.13979212621263
"4953",2022-04-01 00:12:40,3,373,100,48.4365629677424,6.40583719144438
"4954",2022-04-01 00:12:45,3,373,100,49.1221660582007,6.96646686972172
"4955",2022-04-01 00:12:50,3,373,100,50.2410078723973,6.54848510250723
"4956",2022-04-01 00:12:55,3,373,100,46.2515263940159,6.33515726712231
"4957",2022-04-01 00:13:00,3,373,100,46.0550776481298,6.63063395782673
"4958",2022-04-01 00:13:05,3,373,100,51.3458627002924,6.69458133123761
"4959",2022-04-01 00:13:10,3,373,100,48.0785210749503,5.9632868316354
"4960",2022-04-01 00:13:15,3,373,100,50.944648717397,6.60066124445059
"4961",2022-04-01 00:13:20,3,373,100,51.684844063787,6.98212328798424
"4962",2022-04-01 00:13:25,3,373,100,49.7183163139006,6.85217675031372
"4963",2022-04-01 00:13:30,3,373,100,48.4631617933638,6.65237777632521
"4964",2022-04-01 00:13:35,3,373,100,49.8759134445092,6.30176328783051
"4965",2022-04-01 00:13:40,3,373,100,47.7571587506062,7.41059889402734
"4966",2022-04-01 00:13:45,3,373,100,50.0254978033426,6.50025810755567
"4967",2022-04-01 00:13:50,3,373,100,50.0379597055597,6.08183432139922
"4968",2022-04-01 00:13:55,3,373,100,49.2212599188296,6.91787442660372
"4969",2022-04-01 00:14:00,3,373,100,50.9527614078692,5.7117663297217
"4970",2022-04-01 00:14:05,3,373,100,50.4921752092185,6.32834985716394
"4971",2022-04-01 00:14:10,3,373,100,49.4525380133892,6.22079153257518
"4972",2022-04-01 00:14:15,3,373,100,48.880299414551,6.84380734272213
"4973",2022-04-01 00:14:20,3,373,100,49.4415459018386,5.85517886057374
"4974",2022-04-01 00:14:25,3,373,100,51.9887268196228,6.90666447748496
"4975",2022-04-01 00:14:30,3,373,100,51.7214493344691,6.24300464163288
"4976",2022-04-01 00:14:35,3,373,100,49.2945236148878,6.50343708734587
"4977",2022-04-01 00:14:40,3,373,100,48.0425342067908,5.80126065816065
"4978",2022-04-01 00:14:45,3,373,100,48.8016622743333,6.40847974410133
"4979",2022-04-01 00:14:50,3,373,100,49.9825581878135,6.72741884426621
"4980",2022-04-01 00:14:55,3,373,100,49.4541932085742,6.55960954234647
"4981",2022-04-01 00:15:00,3,373,100,51.7473712598592,6.86728184156439
"4982",2022-04-01 00:15:05,3,373,100,49.0570148007711,6.13885122189863
"4983",2022-04-01 00:15:10,3,373,100,49.6956869634376,6.48086933014616
"4984",2022-04-01 00:15:15,3,373,100,47.9595015006179,6.66162434113787
"4985",2022-04-01 00:15:20,3,373,100,46.5249474372006,6.00031131793144
"4986",2022-04-01 00:15:25,3,373,100,50.543151481852,6.7652472493864
"4987",2022-04-01 00:15:30,3,373,100,49.2194352593385,7.17706673932732
"4988",2022-04-01 00:15:35,3,373,100,48.1380188794566,6.13303455647256
"4989",2022-04-01 00:15:40,3,373,100,46.6619486804976,6.57529875083397
"4990",2022-04-01 00:15:45,3,373,100,50.6370359000237,6.26898451090993
"4991",2022-04-01 00:15:50,3,373,100,50.556275694686,6.36989165427278
"4992",2022-04-01 00:15:55,3,373,100,48.638584925599,6.59160311740281
"4993",2022-04-01 00:16:00,3,373,100,47.5159930335445,5.96149820361287
"4994",2022-04-01 00:16:05,3,373,100,48.6175627139114,5.76396763011175
"4995",2022-04-01 00:16:10,3,373,100,50.230405691164,5.88029168471644
"4996",2022-04-01 00:16:15,3,373,100,46.9666795411815,6.22801541618568
"4997",2022-04-01 00:16:20,3,373,100,49.2141671958139,6.49724220353444
"4998",2022-04-01 00:16:25,3,373,100,48.5223279809943,7.19257933862508
"4999",2022-04-01 00:16:30,3,373,100,47.3890826841545,6.61546203243845
"5000",2022-04-01 00:16:35,3,373,100,48.5004721694582,6.49613761729233
"5001",2022-04-02 00:00:00,3,373,200,53.0049886200263,5.49048144331065
"5002",2022-04-02 00:00:05,3,373,200,49.3295040754327,5.21163708232537
"5003",2022-04-02 00:00:10,3,373,200,49.9664387060212,5.24245125383667
"5004",2022-04-02 00:00:15,3,373,200,48.3907395887945,5.53484637362423
"5005",2022-04-02 00:00:20,3,373,200,49.8583586841112,5.99570187272492
"5006",2022-04-02 00:00:25,3,373,200,48.5789203301086,5.92838219413212
"5007",2022-04-02 00:00:30,3,373,200,48.8888039739374,5.62736416291016
"5008",2022-04-02 00:00:35,3,373,200,50.6844980285497,5.39386834137087
"5009",2022-04-02 00:00:40,3,373,200,48.3992108798939,5.33184348392461
"5010",2022-04-02 00:00:45,3,373,200,47.5532456453304,6.0068428059798
"5011",2022-04-02 00:00:50,3,373,200,49.1859336736373,5.97703157063583
"5012",2022-04-02 00:00:55,3,373,200,49.5330690098532,5.74639454865844
"5013",2022-04-02 00:01:00,3,373,200,47.7912450978882,5.95944093659027
"5014",2022-04-02 00:01:05,3,373,200,49.6855926161439,6.05775983347497
"5015",2022-04-02 00:01:10,3,373,200,48.160490825593,5.45241595891151
"5016",2022-04-02 00:01:15,3,373,200,46.8339919466882,6.33565117962458
"5017",2022-04-02 00:01:20,3,373,200,49.7000257893137,6.00595704697027
"5018",2022-04-02 00:01:25,3,373,200,48.0639316365253,5.59704967186722
"5019",2022-04-02 00:01:30,3,373,200,49.9319934075183,5.81878259871706
"5020",2022-04-02 00:01:35,3,373,200,45.878147910219,5.86393354760724
"5021",2022-04-02 00:01:40,3,373,200,50.2602760667964,6.50133694678382
"5022",2022-04-02 00:01:45,3,373,200,50.3275730788648,5.75309870784573
"5023",2022-04-02 00:01:50,3,373,200,48.5557160079353,5.58749138108527
"5024",2022-04-02 00:01:55,3,373,200,50.505869617469,5.56533866851594
"5025",2022-04-02 00:02:00,3,373,200,50.1328887311144,6.2297588018696
"5026",2022-04-02 00:02:05,3,373,200,50.1606317432001,5.74384215543807
"5027",2022-04-02 00:02:10,3,373,200,48.3264656689512,5.75244042406516
"5028",2022-04-02 00:02:15,3,373,200,49.3499267346539,5.28418580857623
"5029",2022-04-02 00:02:20,3,373,200,49.0134431887846,6.51016732631206
"5030",2022-04-02 00:02:25,3,373,200,47.2262435921658,5.80550133661185
"5031",2022-04-02 00:02:30,3,373,200,49.1692081212583,6.06401631491509
"5032",2022-04-02 00:02:35,3,373,200,48.2424785972932,6.29866808587993
"5033",2022-04-02 00:02:40,3,373,200,49.2588745634446,6.03157218285763
"5034",2022-04-02 00:02:45,3,373,200,48.3234894412913,6.10311079138003
"5035",2022-04-02 00:02:50,3,373,200,47.671092797283,5.83899486049785
"5036",2022-04-02 00:02:55,3,373,200,49.3894767629296,5.69262514849034
"5037",2022-04-02 00:03:00,3,373,200,49.7074122944783,5.50583216174666
"5038",2022-04-02 00:03:05,3,373,200,49.4356150559395,6.4053554202646
"5039",2022-04-02 00:03:10,3,373,200,48.613400066469,5.49042913225647
"5040",2022-04-02 00:03:15,3,373,200,52.2892906912618,5.29304499526064
"5041",2022-04-02 00:03:20,3,373,200,50.7332696622794,5.48597239026029
"5042",2022-04-02 00:03:25,3,373,200,48.2166804452088,5.29303195929698
"5043",2022-04-02 00:03:30,3,373,200,47.6999451404553,6.10404881183524
"5044",2022-04-02 00:03:35,3,373,200,48.9753609543925,6.06026441245464
"5045",2022-04-02 00:03:40,3,373,200,48.0288705710241,5.94532845346614
"5046",2022-04-02 00:03:45,3,373,200,49.9809718375787,5.51358432628866
"5047",2022-04-02 00:03:50,3,373,200,48.4311545266994,6.9785104420697
"5048",2022-04-02 00:03:55,3,373,200,48.5519817394204,6.01710656005472
"5049",2022-04-02 00:04:00,3,373,200,48.5527910409485,6.19071700074536
"5050",2022-04-02 00:04:05,3,373,200,48.7788053954254,5.69690480663588
"5051",2022-04-02 00:04:10,3,373,200,49.8398641960182,5.2952232673829
"5052",2022-04-02 00:04:15,3,373,200,49.6292516011254,5.44823533863386
"5053",2022-04-02 00:04:20,3,373,200,50.0029630561716,5.59749373462579
"5054",2022-04-02 00:04:25,3,373,200,49.7966383540435,5.96372052870525
"5055",2022-04-02 00:04:30,3,373,200,49.2819859524525,5.78270342066629
"5056",2022-04-02 00:04:35,3,373,200,49.4838221134034,5.14767486324211
"5057",2022-04-02 00:04:40,3,373,200,49.1140273418012,6.2073730571498
"5058",2022-04-02 00:04:45,3,373,200,46.3661226747382,5.8647067038172
"5059",2022-04-02 00:04:50,3,373,200,49.9919299245335,5.30410442370176
"5060",2022-04-02 00:04:55,3,373,200,49.7557035050201,6.18111325601907
"5061",2022-04-02 00:05:00,3,373,200,51.6134503929325,5.83769640293592
"5062",2022-04-02 00:05:05,3,373,200,48.007840724757,6.56824212560865
"5063",2022-04-02 00:05:10,3,373,200,48.971260530914,5.96113595634553
"5064",2022-04-02 00:05:15,3,373,200,49.6341348916131,5.58681590068185
"5065",2022-04-02 00:05:20,3,373,200,47.2684790421591,5.29406354195711
"5066",2022-04-02 00:05:25,3,373,200,50.0235455183246,5.05471576876092
"5067",2022-04-02 00:05:30,3,373,200,47.55754263383,5.32472965362819
"5068",2022-04-02 00:05:35,3,373,200,51.3999742131834,5.94162272944004
"5069",2022-04-02 00:05:40,3,373,200,50.7606140722516,5.49717242682682
"5070",2022-04-02 00:05:45,3,373,200,44.6083565342361,5.33962465091927
"5071",2022-04-02 00:05:50,3,373,200,48.8899170162392,5.44474193810043
"5072",2022-04-02 00:05:55,3,373,200,50.1175657329349,6.05121853156029
"5073",2022-04-02 00:06:00,3,373,200,48.3302348277189,5.57632297511164
"5074",2022-04-02 00:06:05,3,373,200,50.0755535646811,5.76154116266381
"5075",2022-04-02 00:06:10,3,373,200,50.2991185929907,5.90091186383055
"5076",2022-04-02 00:06:15,3,373,200,48.7032561425486,6.22080879894271
"5077",2022-04-02 00:06:20,3,373,200,48.3764997317033,5.89420251539861
"5078",2022-04-02 00:06:25,3,373,200,49.1639007111111,6.25964649580545
"5079",2022-04-02 00:06:30,3,373,200,50.4887656089576,6.24067908681924
"5080",2022-04-02 00:06:35,3,373,200,50.2648996263697,5.88544348141248
"5081",2022-04-02 00:06:40,3,373,200,51.239117942113,6.14881151199733
"5082",2022-04-02 00:06:45,3,373,200,48.2337082028551,5.64494533299157
"5083",2022-04-02 00:06:50,3,373,200,49.4579607680174,5.78279911376753
"5084",2022-04-02 00:06:55,3,373,200,50.3046433830297,6.33914141622247
"5085",2022-04-02 00:07:00,3,373,200,47.625075822155,5.55168455252449
"5086",2022-04-02 00:07:05,3,373,200,47.7101491100692,5.83760704013199
"5087",2022-04-02 00:07:10,3,373,200,45.4947116184712,5.28413354140901
"5088",2022-04-02 00:07:15,3,373,200,47.7082045967499,4.58958781092827
"5089",2022-04-02 00:07:20,3,373,200,49.390510955205,5.43059693355633
"5090",2022-04-02 00:07:25,3,373,200,51.6679650473943,6.23102717700112
"5091",2022-04-02 00:07:30,3,373,200,48.1212043289892,5.69626535963806
"5092",2022-04-02 00:07:35,3,373,200,47.909118851511,6.22640809381375
"5093",2022-04-02 00:07:40,3,373,200,48.5364423852919,5.01782304557188
"5094",2022-04-02 00:07:45,3,373,200,50.7484779452381,5.56114070874602
"5095",2022-04-02 00:07:50,3,373,200,47.2011022227241,5.98554734256581
"5096",2022-04-02 00:07:55,3,373,200,47.6719782679836,6.27322067255078
"5097",2022-04-02 00:08:00,3,373,200,48.2760781519031,5.95654606339657
"5098",2022-04-02 00:08:05,3,373,200,50.6796605052299,6.13927859346979
"5099",2022-04-02 00:08:10,3,373,200,46.7411588182783,6.08697808504158
"5100",2022-04-02 00:08:15,3,373,200,46.44275487724,5.81404114864825
"5101",2022-04-02 00:08:20,3,373,200,49.6664032127176,6.17788249915445
"5102",2022-04-02 00:08:25,3,373,200,49.8983626146392,5.50216308966114
"5103",2022-04-02 00:08:30,3,373,200,48.2817641347273,5.72662728614128
"5104",2022-04-02 00:08:35,3,373,200,47.7347507051621,5.86113573001678
"5105",2022-04-02 00:08:40,3,373,200,50.3254518677789,6.32318995912537
"5106",2022-04-02 00:08:45,3,373,200,47.7871205340953,5.83134737013599
"5107",2022-04-02 00:08:50,3,373,200,49.1747363597253,5.86673806879836
"5108",2022-04-02 00:08:55,3,373,200,48.4547124419062,6.08191925129846
"5109",2022-04-02 00:09:00,3,373,200,49.0047128736954,5.36113911457126
"5110",2022-04-02 00:09:05,3,373,200,50.0539337582074,5.4863581317359
"5111",2022-04-02 00:09:10,3,373,200,48.3474467290874,5.72152764136609
"5112",2022-04-02 00:09:15,3,373,200,48.5482514273288,5.52083828055852
"5113",2022-04-02 00:09:20,3,373,200,48.8357016860747,6.01489131338415
"5114",2022-04-02 00:09:25,3,373,200,48.64296363545,5.41516858802197
"5115",2022-04-02 00:09:30,3,373,200,48.2824891646059,5.3803762735278
"5116",2022-04-02 00:09:35,3,373,200,47.5864960269458,5.81555742804335
"5117",2022-04-02 00:09:40,3,373,200,50.6687870102225,5.9959691498561
"5118",2022-04-02 00:09:45,3,373,200,47.1314945291249,5.63692748054748
"5119",2022-04-02 00:09:50,3,373,200,48.9202664036001,5.83494489055213
"5120",2022-04-02 00:09:55,3,373,200,48.8443954435983,5.12892998543561
"5121",2022-04-02 00:10:00,3,373,200,49.3774090115326,5.56301494409166
"5122",2022-04-02 00:10:05,3,373,200,49.1493582307956,6.34393173365621
"5123",2022-04-02 00:10:10,3,373,200,48.4272218990874,5.96589479707483
"5124",2022-04-02 00:10:15,3,373,200,50.0573472003665,5.55254360031029
"5125",2022-04-02 00:10:20,3,373,200,46.7644649714787,5.90366695018431
"5126",2022-04-02 00:10:25,3,373,200,47.2781081295276,6.69961231700606
"5127",2022-04-02 00:10:30,3,373,200,51.456384769058,5.19984970711498
"5128",2022-04-02 00:10:35,3,373,200,49.1530356091536,5.98487068578095
"5129",2022-04-02 00:10:40,3,373,200,49.1806460300713,6.18032311044889
"5130",2022-04-02 00:10:45,3,373,200,48.6695041948923,6.44578264356562
"5131",2022-04-02 00:10:50,3,373,200,51.0345933562297,5.34221353688684
"5132",2022-04-02 00:10:55,3,373,200,47.2950057716627,5.40547685791549
"5133",2022-04-02 00:11:00,3,373,200,50.1753893450534,6.02783817558799
"5134",2022-04-02 00:11:05,3,373,200,48.7711929261578,6.2597200587811
"5135",2022-04-02 00:11:10,3,373,200,50.1945109820389,5.70551084018501
"5136",2022-04-02 00:11:15,3,373,200,46.6891508536828,5.96876191581481
"5137",2022-04-02 00:11:20,3,373,200,47.5836786609136,5.43933587737141
"5138",2022-04-02 00:11:25,3,373,200,49.3170694460757,5.3239956417941
"5139",2022-04-02 00:11:30,3,373,200,49.0695727614995,5.9199484239686
"5140",2022-04-02 00:11:35,3,373,200,50.6408587897303,6.36925498737897
"5141",2022-04-02 00:11:40,3,373,200,49.0511216616198,5.7477382897023
"5142",2022-04-02 00:11:45,3,373,200,48.5272529824749,6.27820803022679
"5143",2022-04-02 00:11:50,3,373,200,48.235651513893,6.48785165628602
"5144",2022-04-02 00:11:55,3,373,200,49.1904847386686,5.65083599409368
"5145",2022-04-02 00:12:00,3,373,200,49.2130149930184,5.99108720938741
"5146",2022-04-02 00:12:05,3,373,200,47.9589931110603,5.82756354147819
"5147",2022-04-02 00:12:10,3,373,200,47.9773330000093,5.82278716184657
"5148",2022-04-02 00:12:15,3,373,200,47.8641300539544,5.5948896835161
"5149",2022-04-02 00:12:20,3,373,200,47.781267318829,5.54447884867607
"5150",2022-04-02 00:12:25,3,373,200,50.0195415383998,6.53870091761051
"5151",2022-04-02 00:12:30,3,373,200,50.0566614237059,5.87794522828939
"5152",2022-04-02 00:12:35,3,373,200,46.9842688266359,5.49654491152007
"5153",2022-04-02 00:12:40,3,373,200,48.5152969126976,5.40594658512628
"5154",2022-04-02 00:12:45,3,373,200,49.0950818289924,6.06927276248827
"5155",2022-04-02 00:12:50,3,373,200,50.1128372089314,6.52476195096769
"5156",2022-04-02 00:12:55,3,373,200,49.6064091547632,5.08755031190254
"5157",2022-04-02 00:13:00,3,373,200,48.3522460600371,5.53516120029138
"5158",2022-04-02 00:13:05,3,373,200,48.5120388735983,5.82689463523884
"5159",2022-04-02 00:13:10,3,373,200,46.7875895939405,6.08468010979332
"5160",2022-04-02 00:13:15,3,373,200,48.2387161213445,5.73937061397375
"5161",2022-04-02 00:13:20,3,373,200,46.7973593103199,5.84641971069001
"5162",2022-04-02 00:13:25,3,373,200,49.8215306893625,5.8294451058946
"5163",2022-04-02 00:13:30,3,373,200,49.5960321083843,6.21935254451845
"5164",2022-04-02 00:13:35,3,373,200,48.5242486657474,5.69425059021747
"5165",2022-04-02 00:13:40,3,373,200,50.2653149994965,6.05112870539214
"5166",2022-04-02 00:13:45,3,373,200,49.0717364421497,5.81440226849242
"5167",2022-04-02 00:13:50,3,373,200,50.0210034584218,5.98394788819184
"5168",2022-04-02 00:13:55,3,373,200,48.7421096879219,6.30380694847157
"5169",2022-04-02 00:14:00,3,373,200,49.2258986779895,4.56651072068945
"5170",2022-04-02 00:14:05,3,373,200,48.3542027035391,5.7163195089891
"5171",2022-04-02 00:14:10,3,373,200,50.7333725471897,5.82122372792412
"5172",2022-04-02 00:14:15,3,373,200,47.6657722161755,5.35436343120309
"5173",2022-04-02 00:14:20,3,373,200,50.9640468259007,5.84404312889074
"5174",2022-04-02 00:14:25,3,373,200,50.3320479092961,6.49561954316405
"5175",2022-04-02 00:14:30,3,373,200,48.6368607609615,6.56069615285195
"5176",2022-04-02 00:14:35,3,373,200,48.6816837459775,6.19449361909924
"5177",2022-04-02 00:14:40,3,373,200,49.8286825402068,6.04131646767152
"5178",2022-04-02 00:14:45,3,373,200,48.3119230373647,5.44379016123126
"5179",2022-04-02 00:14:50,3,373,200,49.8448051441751,6.78279802522309
"5180",2022-04-02 00:14:55,3,373,200,50.5022318970164,5.38507625980199
"5181",2022-04-02 00:15:00,3,373,200,48.175756299359,5.53732470739866
"5182",2022-04-02 00:15:05,3,373,200,47.4701716649955,5.89544023811085
"5183",2022-04-02 00:15:10,3,373,200,51.5008838208574,5.7522904841575
"5184",2022-04-02 00:15:15,3,373,200,48.36337163371,5.41658479526535
"5185",2022-04-02 00:15:20,3,373,200,50.001853490089,5.95380732540122
"5186",2022-04-02 00:15:25,3,373,200,48.7174807415131,6.10048899793404
"5187",2022-04-02 00:15:30,3,373,200,50.0449806422675,5.52460760570613
"5188",2022-04-02 00:15:35,3,373,200,50.1332447801221,5.70503791751945
"5189",2022-04-02 00:15:40,3,373,200,50.1663046130248,5.64809944920372
"5190",2022-04-02 00:15:45,3,373,200,49.2684409019155,6.03281078128723
"5191",2022-04-02 00:15:50,3,373,200,51.2437937805554,6.01562377665637
"5192",2022-04-02 00:15:55,3,373,200,49.0513770406798,5.6903447570551
"5193",2022-04-02 00:16:22,3,373,200,50.352464394053,11.4918488525471
"5194",2022-04-02 00:16:05,3,373,200,49.3678692685854,5.51289264741084
"5195",2022-04-02 00:16:10,3,373,200,50.0704909584322,5.94898105694807
"5196",2022-04-02 00:16:15,3,373,200,48.0989069628835,6.22927802972935
"5197",2022-04-02 00:16:20,3,373,200,48.8828819953404,5.38251842643272
"5198",2022-04-02 00:16:25,3,373,200,50.4373733732456,5.78204045078219
"5199",2022-04-02 00:16:30,3,373,200,49.7676202328289,6.09824202859153
"5200",2022-04-02 00:16:35,3,373,200,48.8453310486547,6.61357548467214
"5201",2022-04-03 00:00:00,3,373,300,48.6331732835747,5.06031173941685
"5202",2022-04-03 00:00:05,3,373,300,50.5067782417637,5.56414404786824
"5203",2022-04-03 00:00:10,3,373,300,48.0471014961873,5.33710294710014
"5204",2022-04-03 00:00:15,3,373,300,49.1486453202396,5.26542922772033
"5205",2022-04-03 00:00:20,3,373,300,50.886992817613,4.66965683473489
"5206",2022-04-03 00:00:25,3,373,300,47.0091628060585,5.21640625999549
"5207",2022-04-03 00:00:30,3,373,300,48.9113369513753,4.90361634176798
"5208",2022-04-03 00:00:35,3,373,300,46.4340129528751,4.51360204070228
"5209",2022-04-03 00:00:40,3,373,300,48.2115788634301,5.13706277105051
"5210",2022-04-03 00:00:45,3,373,300,52.0229479664054,5.51899122941999
"5211",2022-04-03 00:00:50,3,373,300,48.6710097005968,5.99578514861223
"5212",2022-04-03 00:00:55,3,373,300,51.049434921657,5.59607914050242
"5213",2022-04-03 00:01:00,3,373,300,49.5694747880121,5.20016173694144
"5214",2022-04-03 00:01:05,3,373,300,48.5266094217815,4.88531486977756
"5215",2022-04-03 00:01:10,3,373,300,50.7708033056679,5.20584369773047
"5216",2022-04-03 00:01:15,3,373,300,48.5185029069988,5.3646949290699
"5217",2022-04-03 00:01:20,3,373,300,50.4057373411715,4.69443642184103
"5218",2022-04-03 00:01:25,3,373,300,51.3874255449966,5.0126712091581
"5219",2022-04-03 00:01:30,3,373,300,50.9306777994905,5.60656629470604
"5220",2022-04-03 00:01:35,3,373,300,52.214631572853,5.75150883811075
"5221",2022-04-03 00:01:40,3,373,300,49.5693694213259,5.42943111166494
"5222",2022-04-03 00:01:45,3,373,300,48.8761507416611,5.51517296686378
"5223",2022-04-03 00:01:50,3,373,300,49.5184372458483,5.93335921015499
"5224",2022-04-03 00:01:55,3,373,300,48.5266646030131,5.52160381896802
"5225",2022-04-03 00:02:00,3,373,300,47.9104787524185,4.79020624819597
"5226",2022-04-03 00:02:05,3,373,300,48.3021225608866,5.32080033753022
"5227",2022-04-03 00:02:10,3,373,300,47.2382526284102,5.22359036671199
"5228",2022-04-03 00:02:15,3,373,300,48.1695270016209,5.53795351883163
"5229",2022-04-03 00:02:20,3,373,300,49.6729653461052,5.35026089037057
"5230",2022-04-03 00:02:25,3,373,300,49.0020561537944,5.28789185583916
"5231",2022-04-03 00:02:30,3,373,300,49.7015679251905,5.63055580196414
"5232",2022-04-03 00:02:35,3,373,300,46.9910923810206,5.38628966659572
"5233",2022-04-03 00:02:40,3,373,300,52.9766872471703,4.91900890742133
"5234",2022-04-03 00:02:45,3,373,300,47.9061916857298,5.34332681577709
"5235",2022-04-03 00:02:50,3,373,300,48.5887116193607,5.3946769898868
"5236",2022-04-03 00:02:55,3,373,300,49.8873007243322,5.00524080841244
"5237",2022-04-03 00:03:00,3,373,300,48.6081618644327,5.02696651816268
"5238",2022-04-03 00:03:05,3,373,300,49.3294622237845,5.2069218724364
"5239",2022-04-03 00:03:10,3,373,300,47.7189823270744,5.40252655203207
"5240",2022-04-03 00:03:15,3,373,300,49.2097993026953,4.90825750391649
"5241",2022-04-03 00:03:20,3,373,300,51.0766012935637,5.05905558301175
"5242",2022-04-03 00:03:25,3,373,300,47.0162918972101,5.25782658306931
"5243",2022-04-03 00:03:30,3,373,300,48.3292722796695,4.68972203864957
"5244",2022-04-03 00:03:35,3,373,300,47.3401033859932,5.38901859862506
"5245",2022-04-03 00:03:40,3,373,300,48.1474954770658,4.55314749774659
"5246",2022-04-03 00:03:45,3,373,300,48.8189695140418,5.41199079869333
"5247",2022-04-03 00:03:50,3,373,300,47.8301779288823,5.06927485168395
"5248",2022-04-03 00:03:55,3,373,300,49.7748036109142,4.67805032994861
"5249",2022-04-03 00:04:00,3,373,300,48.0016892015428,4.72417556638198
"5250",2022-04-03 00:04:05,3,373,300,48.2052632431053,5.22189606476042
"5251",2022-04-03 00:04:10,3,373,300,50.5528711476539,4.95094056322182
"5252",2022-04-03 00:04:15,3,373,300,49.1650364741019,5.96617390285463
"5253",2022-04-03 00:04:20,3,373,300,48.5695025486737,5.21651733535262
"5254",2022-04-03 00:04:25,3,373,300,46.8189127162293,5.55125267583002
"5255",2022-04-03 00:04:30,3,373,300,49.4222909653184,5.13803127518806
"5256",2022-04-03 00:04:35,3,373,300,48.9834180330674,4.74868405583734
"5257",2022-04-03 00:04:40,3,373,300,47.0230897957112,4.58313328834858
"5258",2022-04-03 00:04:45,3,373,300,49.7780676841485,5.63634213329275
"5259",2022-04-03 00:04:50,3,373,300,49.4231287044346,5.13088832908576
"5260",2022-04-03 00:04:55,3,373,300,47.7435703890398,5.01067111327492
"5261",2022-04-03 00:05:00,3,373,300,50.4399870776329,5.25874621155718
"5262",2022-04-03 00:05:05,3,373,300,47.5179380420015,4.89175231905271
"5263",2022-04-03 00:05:10,3,373,300,50.2716065886167,5.48354947081993
"5264",2022-04-03 00:05:15,3,373,300,48.3811673728286,5.44260257528709
"5265",2022-04-03 00:05:20,3,373,300,47.2360670264701,5.70239662151369
"5266",2022-04-03 00:05:25,3,373,300,49.436082413669,4.92711280428819
"5267",2022-04-03 00:05:30,3,373,300,47.5414637671015,5.38127401356998
"5268",2022-04-03 00:05:35,3,373,300,48.2099564140102,4.9055334119317
"5269",2022-04-03 00:05:40,3,373,300,48.6820428253217,4.90207910263397
"5270",2022-04-03 00:05:45,3,373,300,48.0582794581643,5.46359147663193
"5271",2022-04-03 00:05:50,3,373,300,48.9961370042968,4.38195249724928
"5272",2022-04-03 00:05:55,3,373,300,47.2971956483813,5.46214465750895
"5273",2022-04-03 00:06:00,3,373,300,48.419346703301,5.50195691989273
"5274",2022-04-03 00:06:05,3,373,300,47.6872725414005,5.07758394908793
"5275",2022-04-03 00:06:10,3,373,300,49.0603128521258,4.60436569841065
"5276",2022-04-03 00:06:15,3,373,300,49.4983278390612,5.25577019796504
"5277",2022-04-03 00:06:20,3,373,300,47.6506218728051,5.40968782058948
"5278",2022-04-03 00:06:25,3,373,300,49.8105491798477,5.03828845528696
"5279",2022-04-03 00:06:30,3,373,300,49.8736941854024,4.99346304635884
"5280",2022-04-03 00:06:35,3,373,300,49.6042923995672,5.31851043099687
"5281",2022-04-03 00:06:40,3,373,300,48.8250631814458,5.16981348665302
"5282",2022-04-03 00:06:45,3,373,300,50.1564105134426,4.92985112263498
"5283",2022-04-03 00:06:50,3,373,300,48.0367830314804,5.0519633436734
"5284",2022-04-03 00:06:55,3,373,300,49.1232371885141,4.70959800063789
"5285",2022-04-03 00:07:00,3,373,300,49.6146460439139,5.28153892149405
"5286",2022-04-03 00:07:05,3,373,300,47.2672981027218,4.88355768424313
"5287",2022-04-03 00:07:10,3,373,300,49.3773273153166,4.99028987261562
"5288",2022-04-03 00:07:15,3,373,300,47.8638168095737,4.93708522320887
"5289",2022-04-03 00:07:20,3,373,300,47.4428659838289,5.22582729247051
"5290",2022-04-03 00:07:25,3,373,300,49.6488000435021,5.28448593679586
"5291",2022-04-03 00:07:30,3,373,300,49.1948770725432,4.93889110803338
"5292",2022-04-03 00:07:35,3,373,300,50.256654350806,5.1449126055652
"5293",2022-04-03 00:07:40,3,373,300,50.0275138316041,4.30298984538367
"5294",2022-04-03 00:07:45,3,373,300,48.3646434575128,4.98339280224612
"5295",2022-04-03 00:07:50,3,373,300,49.6323077721718,5.04633494237938
"5296",2022-04-03 00:07:55,3,373,300,47.0436284634454,5.30947711110651
"5297",2022-04-03 00:08:00,3,373,300,47.0673559978637,5.41682362611678
"5298",2022-04-03 00:08:05,3,373,300,47.1428522842812,5.3922189578902
"5299",2022-04-03 00:08:10,3,373,300,50.0945205047087,5.1967790278613
"5300",2022-04-03 00:08:15,3,373,300,48.7220136064066,4.94462815825211
"5301",2022-04-03 00:08:20,3,373,300,48.1709446224747,4.5094914008663
"5302",2022-04-03 00:08:25,3,373,300,49.2920382678035,5.1948157844252
"5303",2022-04-03 00:08:30,3,373,300,49.9792605780377,5.73652773139278
"5304",2022-04-03 00:08:35,3,373,300,47.3711406773727,5.34657587719497
"5305",2022-04-03 00:08:40,3,373,300,47.0010216670123,4.92331825917466
"5306",2022-04-03 00:08:45,3,373,300,46.7564677767952,5.84094564982687
"5307",2022-04-03 00:08:50,3,373,300,49.188411348048,5.04858084273493
"5308",2022-04-03 00:08:55,3,373,300,50.1307299365989,5.44429568528598
"5309",2022-04-03 00:09:00,3,373,300,48.4047278020388,4.93982964158874
"5310",2022-04-03 00:09:05,3,373,300,48.6016136476871,5.52607013768296
"5311",2022-04-03 00:09:10,3,373,300,48.6276952242287,5.41445987287093
"5312",2022-04-03 00:09:15,3,373,300,47.3456300288327,4.99927816548656
"5313",2022-04-03 00:09:20,3,373,300,49.1376364542881,4.89356193094549
"5314",2022-04-03 00:09:25,3,373,300,49.3800007786305,4.77016079371988
"5315",2022-04-03 00:09:30,3,373,300,47.867225246261,5.01788595342796
"5316",2022-04-03 00:09:35,3,373,300,50.7441053441328,5.34867645549487
"5317",2022-04-03 00:09:40,3,373,300,50.0049334429953,5.73601048844507
"5318",2022-04-03 00:09:45,3,373,300,49.2159290710304,4.995051172303
"5319",2022-04-03 00:09:50,3,373,300,50.0220813922244,5.32678968115603
"5320",2022-04-03 00:09:55,3,373,300,52.6925238437997,5.35233738220682
"5321",2022-04-03 00:10:00,3,373,300,47.5343697880126,5.49713821085288
"5322",2022-04-03 00:10:05,3,373,300,49.5581054179683,5.72823731617921
"5323",2022-04-03 00:10:10,3,373,300,47.6249486857466,5.17718766469539
"5324",2022-04-03 00:10:15,3,373,300,49.671873377658,4.90219547513466
"5325",2022-04-03 00:10:20,3,373,300,49.6170905709339,5.2505074912335
"5326",2022-04-03 00:10:25,3,373,300,47.311247142884,5.69192092888961
"5327",2022-04-03 00:10:30,3,373,300,48.5502481319753,5.05206446891322
"5328",2022-04-03 00:10:35,3,373,300,47.4442027955179,5.08634991171391
"5329",2022-04-03 00:10:40,3,373,300,48.7888151486595,4.62136272466961
"5330",2022-04-03 00:10:45,3,373,300,47.2696130419656,4.91217030855504
"5331",2022-04-03 00:10:50,3,373,300,48.4018079840304,5.04924185500981
"5332",2022-04-03 00:10:55,3,373,300,47.6998075884348,5.35876010732676
"5333",2022-04-03 00:11:00,3,373,300,47.0974211852566,5.2595637592573
"5334",2022-04-03 00:11:05,3,373,300,48.6796483513845,5.18725392507143
"5335",2022-04-03 00:11:10,3,373,300,48.1707839049044,4.59454078811639
"5336",2022-04-03 00:11:15,3,373,300,48.3133283659855,4.71968659763155
"5337",2022-04-03 00:11:20,3,373,300,47.034502147922,5.05045988053048
"5338",2022-04-03 00:11:25,3,373,300,51.03672578453,5.30524624260621
"5339",2022-04-03 00:11:30,3,373,300,49.9848011898172,4.28815146850106
"5340",2022-04-03 00:11:35,3,373,300,48.2307758490184,5.30193003466879
"5341",2022-04-03 00:11:40,3,373,300,50.0411479116107,5.45743074548955
"5342",2022-04-03 00:11:45,3,373,300,50.2403983559226,5.46418778986776
"5343",2022-04-03 00:11:50,3,373,300,49.5448899300273,5.22493999214594
"5344",2022-04-03 00:11:55,3,373,300,49.9857535647543,5.00775637984098
"5345",2022-04-03 00:12:00,3,373,300,48.0517506352771,4.80335040923462
"5346",2022-04-03 00:12:05,3,373,300,49.6725622725261,4.6810816470926
"5347",2022-04-03 00:12:10,3,373,300,49.8790352400237,4.39668782057536
"5348",2022-04-03 00:12:15,3,373,300,49.0177009528282,5.73271400908104
"5349",2022-04-03 00:12:20,3,373,300,47.6093088405462,6.36924505077771
"5350",2022-04-03 00:12:25,3,373,300,49.3326197846951,5.28832946519808
"5351",2022-04-03 00:12:30,3,373,300,49.3664273128319,5.4726501833731
"5352",2022-04-03 00:12:35,3,373,300,50.833522972809,4.89302944130448
"5353",2022-04-03 00:12:40,3,373,300,49.2242922095894,5.41011533920088
"5354",2022-04-03 00:12:45,3,373,300,50.2135394808639,5.28167216781109
"5355",2022-04-03 00:12:50,3,373,300,50.150613841073,5.40556148584119
"5356",2022-04-03 00:12:55,3,373,300,46.1732390312472,5.20022523838353
"5357",2022-04-03 00:13:00,3,373,300,48.3258001006135,5.1998841524302
"5358",2022-04-03 00:13:05,3,373,300,48.9376288252833,4.99306996707199
"5359",2022-04-03 00:13:10,3,373,300,48.1923150052247,5.21784324138393
"5360",2022-04-03 00:13:15,3,373,300,47.9454230657936,4.74772363115726
"5361",2022-04-03 00:13:20,3,373,300,49.481037745598,5.46538071103755
"5362",2022-04-03 00:13:25,3,373,300,48.6756755205054,4.69179954013767
"5363",2022-04-03 00:13:30,3,373,300,48.7284606540517,5.21224101902528
"5364",2022-04-03 00:13:35,3,373,300,48.4850259237098,5.56501193868505
"5365",2022-04-03 00:13:40,3,373,300,47.4356714566787,4.61964542217294
"5366",2022-04-03 00:13:45,3,373,300,50.22247263023,5.13430061326658
"5367",2022-04-03 00:13:50,3,373,300,47.1528105469022,4.97182664102654
"5368",2022-04-03 00:13:55,3,373,300,47.8900282220559,5.28848841129816
"5369",2022-04-03 00:14:00,3,373,300,47.1234849940747,4.94200636745494
"5370",2022-04-03 00:14:05,3,373,300,50.9335731176543,5.64747274856865
"5371",2022-04-03 00:14:10,3,373,300,47.5592077992179,5.70095962835732
"5372",2022-04-03 00:14:15,3,373,300,49.6515390270894,5.68902847208064
"5373",2022-04-03 00:14:20,3,373,300,49.7062330672509,4.55213608504319
"5374",2022-04-03 00:14:25,3,373,300,49.6541266946701,5.51791303426455
"5375",2022-04-03 00:14:30,3,373,300,44.8281337267849,5.07541770116934
"5376",2022-04-03 00:14:35,3,373,300,50.5236643700065,4.84595811829142
"5377",2022-04-03 00:14:40,3,373,300,48.9548841276223,4.98503043877157
"5378",2022-04-03 00:14:45,3,373,300,48.3117453562551,4.96781010882727
"5379",2022-04-03 00:14:50,3,373,300,48.4942959549785,5.30903477106404
"5380",2022-04-03 00:14:55,3,373,300,47.9489618030508,5.58428477568851
"5381",2022-04-03 00:15:00,3,373,300,48.3659796726895,5.62633484605371
"5382",2022-04-03 00:15:05,3,373,300,46.9678584579966,5.17779660196065
"5383",2022-04-03 00:15:10,3,373,300,49.905079426901,5.22649476580029
"5384",2022-04-03 00:15:15,3,373,300,49.7642955545355,5.09632506617079
"5385",2022-04-03 00:15:20,3,373,300,50.7425931836231,4.49577303803611
"5386",2022-04-03 00:15:25,3,373,300,49.0270266808006,4.99686638869341
"5387",2022-04-03 00:15:30,3,373,300,49.1588416313288,5.12769646787632
"5388",2022-04-03 00:15:35,3,373,300,49.8115937669593,4.85953805467265
"5389",2022-04-03 00:15:40,3,373,300,51.792381809288,5.15976590054119
"5390",2022-04-03 00:15:45,3,373,300,51.5929567865692,5.1757740029145
"5391",2022-04-03 00:15:50,3,373,300,50.27990610763,5.99500638121327
"5392",2022-04-03 00:15:55,3,373,300,50.3613961868739,5.16571725654516
"5393",2022-04-03 00:16:00,3,373,300,49.4843149955874,5.53561130155326
"5394",2022-04-03 00:16:05,3,373,300,50.6733468812832,5.45640181413527
"5395",2022-04-03 00:16:10,3,373,300,49.1133538753361,5.70087065146023
"5396",2022-04-03 00:16:15,3,373,300,48.6761077501379,5.06922865208684
"5397",2022-04-03 00:16:20,3,373,300,46.3305529945943,5.35268600431064
"5398",2022-04-03 00:16:25,3,373,300,48.3247978667048,4.95533989637705
"5399",2022-04-03 00:16:30,3,373,300,48.2584793496876,5.25056091389619
"5400",2022-04-03 00:16:35,3,373,300,47.6395708939346,5.0336298995631
